question,gold_answer,model_answer
What is (are) Brooke-Spiegler syndrome ?,"Brooke-Spiegler syndrome is a condition characterized by multiple skin tumors that develop from structures associated with the skin, such as sweat glands and hair follicles. People with Brooke-Spiegler syndrome may develop several types of tumors, including growths called spiradenomas, trichoepitheliomas, and cylindromas. The tumors associated with Brooke-Spiegler syndrome are generally benign (noncancerous), but occasionally they may become malignant (cancerous). Individuals with Brooke-Spiegler syndrome are also at increased risk of developing tumors in tissues in other areas, particularly benign or malignant tumors of the salivary or parotid glands and basal cell carcinomas. Brooke-Spiegler syndrome is caused by mutations in the CYLD gene. Susceptibility to Brooke-Spiegler syndrome has an autosomal dominant pattern of inheritance, which means one copy of the altered gene in each cell increases the risk of developing this condition. However, a second, non-inherited mutation is required for development of skin appendage tumors in this disorder.","Brooke-Spiegler Syndrome, also known as familial epidermolysis bullosa simplex with acantholytic variant or BEAS-V, is a rare genetic disorder that affects the skin and mucous membranes. It falls under the category of Epidermolysis Bullosa (EB), which are inherited conditions characterized by fragile skin that easily blisters after minor injuries like rubbing or scratching. 

BEAS-V is an autosomal dominant disorder caused by mutations in genes encoding keratins K16 and/or K17, particularly found on the dystrophic epidermolysis bullosa (DEB) spectrum of EBs which are characterized by skin thickening. The resulting fragility leads to blister formation at sites where two parts rub together or when mild trauma occurs in daily life activities like washing, dressing and even speaking due to friction between different body surfaces such as hands/fingers that touch the lips during speech for example.

The severity of BEAS-V can vary widely among individuals who carry a single copy (heterozyg"
How to diagnose Parkinson disease ?,"How is Parkinson disease diagnosed? There are currently no blood or laboratory tests that have been proven to help diagnose sporadic cases of Parkinson disease. The diagnosis is generally made after careful evaluation of medical history, current symptoms, and exclusion of other conditions. The clinical findings of tremor, rigidity, and bradykinesia are highly suggestive of Parkinson disease. The genetic cause of some forms of Parkinson disease has been identified. In those cases, genetic testing may be utilized to identify affected family members.","The diagnosis of Parkison's Disease is primarily clinical, based on the patient' end symptoms and response to treatment. The following criteria are often used for a positive diagnosis:  
1) Symmetrical resting tremor predominates in one hand or several limbs that becomes more pronounced with relaxation 2) Bradykinesia (slowness of movement), rigidity, gait and balance abnormalities. These symptoms must be present for at least six months to qualify.
3) There is a deficit in postural reflexes as seen by the patient's failure to correct their upright position when pushed backward or asked to stand on tip-toe, despite knowing they should try and do so 4) The patient may have impaired handwriting (micrographia).
5) There is a history of exposure to Parkinsonism medications such as levodopa.  
6) Imaging studies like MRI or CT scans are used if there's suspicion for structural lesion, although they usually appear normal in Parkinson’s Disease unless significant atrophy has occurred due to long-"
What are the treatments for autoimmune lymphoproliferative syndrome ?,"These resources address the diagnosis or management of ALPS:  - Gene Review: Gene Review: Autoimmune Lymphoproliferative Syndrome  - Genetic Testing Registry: Autoimmune lymphoproliferative syndrome  - Genetic Testing Registry: Autoimmune lymphoproliferative syndrome type 1, autosomal recessive  - Genetic Testing Registry: Autoimmune lymphoproliferative syndrome, type 1a  - Genetic Testing Registry: Autoimmune lymphoproliferative syndrome, type 1b  - Genetic Testing Registry: Autoimmune lymphoproliferative syndrome, type 2  - Genetic Testing Registry: RAS-associated autoimmune leukoproliferative disorder  - National Institute of Allergy and Infectious Diseases (NIAID): ALPS Treatment   These resources from MedlinePlus offer information about the diagnosis and management of various health conditions:  - Diagnostic Tests  - Drug Therapy  - Surgery and Rehabilitation  - Genetic Counseling   - Palliative Care","Autoimmune Lymphoproliferative Syndrome (ALPS) is a rare disorder that affects both children and adults, characterized by excessive proliferation of blood cells. The treatment for ALPS typically involves therapies aimed at controlling symptoms as there's currently no cure yet. Here are some treatments:

1. Steroid Therapy - This is often the first-line treatment which helps in reducing inflammation and suppressing immune system activity to control autoimmune response, where steroid medications like prednisone may be prescribed for periods of time ranging from months to years depending on a patient's condition.

2. Immunosuppressive Drugs - Medicines such as azathioprine or mycophenolate mofetil can help in reducing the immune response and are often used if steroid therapy is not effective enough, but they also come with side effects like increased risk of infection that should be closely monitored.

3. Treatment for Associated Autoimmune Diseases - If ALPS leads to other autoimmune diseases such as hemolytic anemia"
Is juvenile polyposis syndrome inherited ?,"Juvenile polyposis syndrome is inherited in an autosomal dominant pattern, which means one copy of the altered gene in each cell is sufficient to cause the disorder.  In approximately 75 percent of cases, an affected person inherits the mutation from one affected parent. The remaining 25 percent of cases result from new mutations in the gene and occur in people with no history of the disorder in their family.","Juvenile Polyposis Syndrome (JPS) is typically an autosomal dominant condition, which means that the presence of just one mutated copy in each cell can cause the disorder. Most cases are linked to biallelic pathogenic variants—meaning two copies of a gene variant at either both alleles or different genes involved (POLRS1/RET and SMAD4) – although some rare monoallelic conditions exist too where only one copy is affected, which often results in less severe manifestations.

The inheritance pattern suggests that if an individual has Juvenile Polyposis Syndrome caused by autosomal dominant mutation carriers (most common), they have a 50% chance of passing the condition to their offspring with each pregnancy, assuming no genetic mosaicism or other factors are at play.

However, in some cases where there is biallelic pathogenic variant inheritance and both copies show mutations for one gene (POLRS1/RET) but not the second most common involved gene SMAD4, this can alter that risk to 50% due to reduced penetrance."
Do you have information about Seniors' Health,"Summary : People in the U.S. are living longer than ever before. Many seniors live active and healthy lives. But there's no getting around one thing: as we age, our bodies and minds change. There are things you can do to stay healthy and active as you age.It is important to understand what to expect. Some changes may just be part of normal aging, while others may be a warning sign of a medical problem. It is important to know the difference, and to let your healthcare provider know if you have any concerns.    Having a healthy lifestyle can help you to deal with normal aging changes and make the most of your life.","Certainly! Senior health is an important aspect of overall well-being, as it encompasses the physical and mental health needs typically associated with aging. As we age, our bodies undergo various changes that can impact how they function both physically and mentally. Here are some key areas to focus on when discussing seniors' health:

1. Physical Health: Maintaining a balanced diet rich in nutrients is essential for senior well-being, as it helps reduce the risk of chronic diseases like heart disease, stroke, and type 2 diabetes. Seniors should aim to include plenty of fruits, vegetables, lean protein sources, whole grains, and healthy fats in their meals while limiting processed foods high in sugar and saturated fat.

In addition to a balanced diet, regular exercise can help seniors maintain physical strength, flexibility, balance and reduce the risk of falls or injuries that are common among older adults. Physical activities like walking, swimming, yoga, tai chi, or other forms of low-impact exercises tailored to individual abilities should be encouraged on a"
What are the genetic changes related to oculodentodigital dysplasia ?,"Mutations in the GJA1 gene cause oculodentodigital dysplasia. The GJA1 gene provides instructions for making a protein called connexin43. This protein forms one part (a subunit) of channels called gap junctions, which allow direct communication between cells. Gap junctions formed by connexin43 proteins are found in many tissues throughout the body.  GJA1 gene mutations result in abnormal connexin43 proteins. Channels formed with abnormal proteins are often permanently closed. Some mutations prevent connexin43 proteins from traveling to the cell surface where they are needed to form channels between cells. Impaired functioning of these channels disrupts cell-to-cell communication, which likely interferes with normal cell growth and cell specialization, processes that determine the shape and function of many different parts of the body. These developmental problems cause the signs and symptoms of oculodentodigital dysplasia.","Oculodentodigital dysplasia is a rare, autosomal dominant disorder that can cause anomalies in multiple parts of the body. This condition stems from mutations or alterations in several different genes including GATA3 (GATA binding protein 3), SOX9 and PIKE among others based on research studies till now; however, every patient might not have a detectable change due to its complex nature involving multiple pathways for manifestation of symptoms.

1. **Oculodigital dysplasia:** This is the most visibly apparent aspect characterized by extra fingers and/inflammation around eye sockets (periotitis). Genetic changes often involve GATA3, SOX9 or PIKE genes located on chromosomes 5p21.3-p26 in Europeans but with different loci identified for individuals of Asian descent. These gene mutations likely disrupt normal interactions during limb and eye development stages that could explain the oculodigital anomalies seen clinically.
   
   - GATA3 is a transcription factor crucial to developing several parts in humans, including eyes (oc"
What are the genetic changes related to pyruvate kinase deficiency ?,"Pyruvate kinase deficiency is caused by mutations in the PKLR gene. The PKLR gene is active in the liver and in red blood cells, where it provides instructions for making an enzyme called pyruvate kinase. The pyruvate kinase enzyme is involved in a critical energy-producing process known as glycolysis. During glycolysis, the simple sugar glucose is broken down to produce adenosine triphosphate (ATP), the cell's main energy source.  PKLR gene mutations result in reduced pyruvate kinase enzyme function, causing a shortage of ATP in red blood cells and increased levels of other molecules produced earlier in the glycolysis process. The abnormal red blood cells are gathered up by the spleen and destroyed, causing hemolytic anemia and an enlarged spleen. A shortage of red blood cells to carry oxygen throughout the body leads to fatigue, pallor, and shortness of breath. Iron and a molecule called bilirubin are released when red blood cells are destroyed, resulting in an excess of these substances circulating in the blood. Excess bilirubin in the blood causes jaundice and increases the risk of developing gallstones.  Pyruvate kinase deficiency may also occur as an effect of other blood diseases, such as leukemia. These cases are called secondary pyruvate kinase deficiency and are not inherited.","Pyruvate kinase (PK) is an enzyme that plays a key role in glycolysis, where it catalyzes the conversion of phosphoenolpyruvate into pyruvate, producing ATP. Pyruvate kinase deficiency leads to hemolytic anemia because red blood cells (RBCs) rely solethy on PK for energy production and survival since they lack mitochondria where oxidative phosphorylation occurs.

The genetic changes related to pyruvate kinase deficiency are mutations in the PK-LR gene, which is located on chromosome 12 (at locus q24). These mutations can lead to a variety of effects including reduced enzyme activity or complete loss of function. The genetic changes include missense mutations that result in amino acid substitutions within the protein structure; nonsense and frameshift mutations leading to premature termination codons, resulting in truncated proteins with little to no functional enzyme capacity; deletions which remove key domains of the PK-LR gene or its regulatory regions impacting expression levels.

The severity of"
How to diagnose Gerstmann-Straussler-Scheinker disease ?,"How is Gerstmann-Straussler-Scheinker disease diagnosed? The diagnosis of Gerstmann-Straussler-Scheinker disease (GSS) is based on a combination of the following: Characteristic signs and symptoms Nervous system findings including multiple amyloid plaques (clumps which form in the brain and cause the death of nerve cells and the progressive symptoms of the disease) A family history consistent with autosomal dominant inheritance Identification of a disease-causing mutation of the PRNP gene Genetic testing for at-risk relatives who do not yet have symptoms of GSS is possible if the disease-causing mutation in the family is known. This testing is not useful in predicting age of onset, severity, type of symptoms, or rate of progression. Testing for the disease-causing mutation in the absence of definite symptoms of the disease is called predictive testing.","Gerstmann-Straussler-Scheinker (GSS) disease is a rare, inherited prion disorder that progresses slowly and affects the brain. Here are steps for its diagnosis:

1. Clinical evaluation: The first step involves identifying symptoms associated with GSS such as movement problems, cognitive decline, mood changes, difficulty speaking or writing (aphasia), trouble with fine motor skills like handwriting and buttoning clothes (dysgraphia). These may appear in early adulthood.

2. Medical history: A detailed personal and family medical history should be taken to identify any evidence of the disease's hereditary nature, as GSS is inherited in an autosomal dominant pattern. This means a person only needs one copy of mutated gene from either parent for developing the disorder with each child having 50% chance of inheriting it
3. Neurological examination: A neurologist may perform tests to examine reflexes, muscle strength, and eye movements since GSS can cause abnormalities in these areas as well. These symptoms tend to progress slowly over time with periods of stability followed by rapid"
How many people are affected by Salih myopathy ?,"Salih myopathy appears to be a rare disorder, although its prevalence is unknown. It has been reported in a small number of families of Moroccan and Sudanese descent.","Estimates suggest that there may be up to several hundred individuals with salih myopathy in the United States alone. However, this represents a very small fraction of all muscle diseases and disorders worldwide. It's important to note these numbers are not precise due to difficulties associated with diagnosing rare conditions like Salih Myopathy which often get misdiagnosed or undiagnosed entirely until they cause significant symptoms, leading to underestimation of their true prevalence globally."
What is (are) Limited cutaneous systemic sclerosis ?,"Limited cutaneous systemic sclerosis is a subtype of systemic sclerosis characterized by the association of Raynaud's phenomenon and skin fibrosis on the hands, face, feet and forearms. The exact cause of limited cutaneous systemic sclerosis is unknown, but likely originates from an autoimmune reaction which leads to overproduction of collagen. In some cases, the condition is associated with exposure to certain chemicals. Management is aimed at treating the symptoms present in each affected individual.","Limited cutaneous systemic scleroderma, also known as limited systemic sclerositis or CREST syndrome when associated with specific features like Calcinosis, Raynaud's phenomenon (RP), Esophageal dysmotility, Sclerodactyly and Telangiectasia, is a subtype of the broader disease called systemic sclerosis. It typically affects only the skin on the extremities such as fingers and toes initially but may progressively involve more significant organs like the intestines, heart, lungs, and kidneys in some patients over time. The exact cause is unknown but likely involves an autoimmune response that leads to inflammation and abnormal tissue growth (fibrosis). Genetic factors also play a role as it tends to occur more commonly in certain families suggesting heritable susceptibility, although environmental triggers may be involved too. Treatment primarily focuses on relieving symptoms such as Raynaud's phenomenon with vasodilators and managing complications like gastrointestinal issues or pulmonary arterial hypertension if they arise due to progression of the"
"What are the symptoms of Ichthyosis, acquired ?","What are the signs and symptoms of Ichthyosis, acquired? The Human Phenotype Ontology provides the following list of signs and symptoms for Ichthyosis, acquired. If the information is available, the table below includes how often the symptom is seen in people with this condition. You can use the MedlinePlus Medical Dictionary to look up the definitions for these medical terms. Signs and Symptoms Approximate number of patients (when available) Dry skin 90% Ichthyosis 90% Pruritus 90% Immunologic hypersensitivity 50% Palmoplantar keratoderma 50% Skin ulcer 50% Autoimmunity 7.5% Lymphoma 7.5% Multiple myeloma 7.5% Renal insufficiency 7.5% Sarcoma 7.5% The Human Phenotype Ontology (HPO) has collected information on how often a sign or symptom occurs in a condition. Much of this information comes from Orphanet, a European rare disease database. The frequency of a sign or symptom is usually listed as a rough estimate of the percentage of patients who have that feature. The frequency may also be listed as a fraction. The first number of the fraction is how many people had the symptom, and the second number is the total number of people who were examined in one study. For example, a frequency of 25/25 means that in a study of 25 people all patients were found to have that symptom. Because these frequencies are based on a specific study, the fractions may be different if another group of patients are examined. Sometimes, no information on frequency is available. In these cases, the sign or symptom may be rare or common.","Acquired ichthyosis is a rare condition that can occur in individuals without a family history of genetic skin disorders. It presents with similar features to congenital forms but develops later in life, often due to secondary factors or as an autoimmune response rather than inherited gene mutations. The symptoms experienced by patients may vary based on the underlying cause and can include:

1. Dry, scaly skin resembling ichthyosis vulgaris with fine scales that are usually distributed over most of the body surface areas but often sparingly found in axillae (underarm) or hairline regions. 
2. Itching sensation known as pruritus which can be intense and affect sleep quality; it is thought to result from epidermal desquamation, inflammation, dysfunction of the skin barrier function, immune system activation causing autoimmune reactions or secondary infections.
3. Skin cracking especially around finger-joint creases (nail fold capillary fractures) and other areas prone to friction such as elbows and knees; cracks can progress into deep ulcers, which risk superim"
What is (are) Diabetes ?,"Type 1 diabetes, which used to be called called juvenile diabetes or insulin-dependent diabetes, develops most often in young people. However, type 1 diabetes can also develop in adults. With this form of diabetes, your body no longer makes insulin or doesnt make enough insulin because your immune system has attacked and destroyed the insulin-producing cells. About 5 to 10 percent of people with diabetes have type 1 diabetes. To survive, people with type 1 diabetes must have insulin delivered by injection or a pump. Learn more about type 1 diabetes here.  Learn more about type 1 diabetes here. Type 2 diabetes, which used to be called adult-onset diabetes or non insulin-dependent diabetes, is the most common form of diabetes. Although people can develop type 2 diabetes at any age -- even during childhood -- type 2 diabetes develops most often in middle-aged and older people. Type 2 diabetes usually begins with insulin resistancea condition that occurs when fat, muscle, and liver cells do not use insulin to carry glucose into the bodys cells to use for energy. As a result, the body needs more insulin to help glucose enter cells. At first, the pancreas keeps up with the added demand by making more insulin. Over time, the pancreas doesnt make enough insulin when blood sugar levels increase, such as after meals. If your pancreas can no longer make enough insulin, you will need to treat your type 2 diabetes.  Learn more about type 2 diabetes here.","Diabetes is a chronic medical condition that affects how your body processes blood sugar, also known as glucose. It occurs when the pancreas either doesn't produce enough insulin or when cells in the body don’t respond properly to insulin (a hormone), resulting in high levels of glucose remaining in the bloodstream instead of being absorbed by cells for energy.

There are two main types of diabetes: Type 1 and Type 2, with some overlap between them. Both can lead to serious health complications if left untreated or poorly managed over time. Here's an explanation of both forms:

Type 1 Diabetes (T1D): This form usually develops in childhood but it’s not related to lifestyle factors and is caused by the immune system destroying insulin-producing cells called beta cells within the pancreas. Consequently, people with T1D must take insulin through daily injections or via an insulin pump because their bodies can't produce it naturally anymore to regulate blood sugar levels effectively.

Type 2 Diabetes (T2D): This"
What is (are) Catecholaminergic polymorphic ventricular tachycardia ?,"Catecholaminergic polymorphic ventricular tachycardia (CPVT) is a genetic disorder that causes an abnormally fast and irregular heart rhythm in response to physical activity or emotional stress. Signs and symptoms include light-headedness, dizziness, and fainting. Symptoms most often develop between 7 to 9 years of age.  If untreated CPVT can cause a heart attack and death. CPVT is caused by mutations in the RYR2 or CASQ2 genes. When a RYR2 gene mutation is involved, the condition is passed through families in an autosomal dominant fashion. When CASQ2 gene mutations are involved, the condition is inherited in an autosomal recessive fashion. In some cases the underlying cause can not be determined. Beta blockers are used to treat CPVT.  An Implantable Cardioverter Defibrillator (ICD) may also be needed.","Catecholaminergic Polymorphic Ventricular Tachycardia, often abbreviated as CPVT, stands for ""Catecholaminergic Polymorphic Variant of Cardiac Arrhythmias"" or more commonly known just as Catecholaminergic Polymorphic Ventricular Tachycardia. This rare inherited heart rhythm disorder falls under the broader category referred to as ""Long QT Syndrome,"" which is characterized by an abnormality in the electrical system of the heart, leading specifically to a prolonged repolarization phase known as the 'Q' wave within the heartbeat cycle.

CPVT can often manifest during physical exertion or emotional stress when catecholamine levels (like adrenaline) are high in your body because these hormones stimulate certain ion channels and alter cardiac electrophysiology, leading to an increased risk of heart rhythm disorders. Consequently, despite its name implying that it is a polymorphic condition—meaning variable presentations or symptoms among different individuals with the same disease—CPVT typically presents"
What to do for Alzheimer's Caregiving ?,"Most people with Alzheimers disease are cared for at home by family members. Within families, caregiving is provided most often by wives and husbands, followed by daughters. As Alzheimers disease gets worse, the person will need more and more care. Because of this, you will need more help. It's okay to seek help whenever you need it. Building a local support system is a key way to get help. This system might include a caregiver support group, the local chapter of the Alzheimer's Association, family, friends, and faith groups. To learn where to get help in your community, contact - the Alzheimers Disease Education and Referral (ADEAR) Center, 1-800-438-4380 or visit www.nia.nih.gov/alzheimers  - the Alzheimer's Association at 1-800-272-3900.  the Alzheimers Disease Education and Referral (ADEAR) Center, 1-800-438-4380 or visit www.nia.nih.gov/alzheimers the Alzheimer's Association at 1-800-272-3900. Various professional services can help with everyday care in the home of someone with Alzheimers disease. Medicare, Medicaid, and other health insurance plans may help pay for these services. Contact Eldercare Locator to find the services you need in your area by calling 1-800-677-1116 or visiting  www.eldercare.gov. Home Health Care Services Home health care agencies send a home health aide or nurse to your home to help you care for a person with Alzheimers. They may come for a few hours or stay for 24 hours and are paid by the hour. Some home health aides are better trained and supervised than others. Ask your doctor or other health care professional about good home health care services in your area. Get as much information as possible about a service before you sign an agreement. Also, ask for and check references Here are some questions to ask before signing a home health care agreement. - Is your service licensed and accredited?  - How much do your services cost?  - What is included and not included in your services?  - How many days a week and hours a day will an aide come to my home?   - How do you check the background and experience of your home health aides?   - How do you train your home health aides?   - What types of emergency care can you provide?   - Who do I contact if there is a problem?  Is your service licensed and accredited? How much do your services cost? What is included and not included in your services? How many days a week and hours a day will an aide come to my home? How do you check the background and experience of your home health aides? How do you train your home health aides? What types of emergency care can you provide? Who do I contact if there is a problem? For information about how to find home health care services, see Caring for a Person with Alzheimers Disease. Meal Services Meal services bring hot meals to the person's home or your home. The delivery staff does not feed the person. The person with Alzheimers disease must qualify for the service based on local guidelines. Some groups do not charge for their services. Others may charge a small fee. For information, call Eldercare Locator at 1-800-677-1116 or go to  www.eldercare.gov. You may also contact Meals on Wheels at 1-888-998-6325. Adult Day Care Services Adult day care services provide a safe environment, activities, and staff who take care of the person with Alzheimers at their own facility. This provides a much-needed break for you. Many programs provide transportation between the persons home and the facility. Adult day care services generally charge by the hour. Most insurance plans do not cover these costs. To find adult day care services in your area, contact the National Adult Day Services Association at 1-877-745-1440. Watch a video to learn more about the services provided at adult day care.  Respite Services Respite services provide short stays, from a few days to a few weeks, in a nursing home or other place for the person with Alzheimers disease. This care allows you to get a break or go on a vacation. Respite services charge by the number of days or weeks that services are provided. Medicare or Medicaid may cover the cost of up to 5 days in a row of respite care in an inpatient facility. Most private insurance plans do not cover these costs. To find respite services in your community, call the National Respite Locator Service at 1-800-773-5433 (toll-free). Geriatric Care Managers Geriatric care managers visit your home to assess your needs and suggest and arrange home-care services. They charge by the hour. Most insurance plans don't cover these costs. To find a geriatric care manager, contact the National Association of Professional Geriatric Care Managers at 1-520-881-8008. Mental Health Professionals and Social Workers Mental health professionals and social workers help you deal with any stress you may be feeling. They help you understand feelings, such as anger, sadness, or feeling out of control. They can also help you make plans for unexpected or sudden events. Mental health professionals charge by the hour. Medicare, Medicaid, and some private health insurance plans may cover some of these costs. Ask your health insurance plan which mental health counselors and services it covers. Then check with your doctor, local family service agencies, and community mental health agencies for referrals to counselors.","Caring for a loved one with Alzheimer's or another form of dementia is undoubtedly challenging. Here are some tips and considerations that might help:

1. Understand the condition: Educate yourself about this disease, its effects on memory, behavior, and cognitive abilities to better understand your loved one’s experiences. This knowledge can also be beneficial for coping with caregiving demands. 

2. Establish a routine: Provide structure by maintaining regular mealtimes, bedtime schedules, and daily activities as much as possible – this helps the person to feel secure in their environment.

3. Encourage physical activity: Regular exercise can help manage behavioral problems associated with dementia while providing emotional benefits for both parties involved (caregiver and recipient). 

4. Maintain communication: Try using clear, simple language when talking to your loved one; avoid complex sentences or instructions as these may cause confusion. Non-verbal cues like facial expressions can also be helpful in conveying messages effectively without relying solely on verbal skills. Additionally communicating with other family members about their experiences and"
Is Andersen-Tawil syndrome inherited ?,"This condition is inherited in an autosomal dominant pattern, which means one copy of the altered gene in each cell is sufficient to cause the disorder. In some cases, a person with Andersen-Tawil syndrome inherits the mutation from one affected parent. Other cases result from new mutations in the KCNJ2 gene. These cases occur in people with no history of the disorder in their family.","Andersen-Tawil Syndrome (ATS) is a rare genetic disorder characterized by periodic paralysis, cardiac arrhythmias, and distinctive physical features. It follows an autosomal dominant inheritance pattern, which means that having just one copy of the mutated gene from either parent can cause the condition in offspring. In some cases, however, a new mutation (de novo occurrence) may not have been inherited but occurred spontaneously during formation of reproductive cells or early development."
What is the outlook for Rett Syndrome ?,"The course of Rett syndrome, including the age of onset and the severity of symptoms, varies from child to child. Despite the difficulties with symptoms, most individuals with Rett syndrome continue to live well into middle age and beyond. Because the disorder is rare, very little is known about long-term prognosis and life expectancy.","Rett syndrome, also known as Rett disorder, is a rare genetic neurological disorder that primarily affects females and causes serious impairments. It's typically caused by mutations in the MECP2 gene and usually becomes apparent after 6-18 months of age when children experience slowed cognitive development or loss of previously acquired skills, particularly with regard to speech and hand use.

As for prognosis: Rett Syndrome is a severe neurodevelopmental disorder that can lead to significant physical and mental impairments in those affected; however, the course it takes varies widely among individuals, making any definitive prediction challenging without knowing specific symptoms or severity. 

In general terms though: Early diagnosis of Rett Syndrome tends to result in better outcomes due to early intervention and therapy which can help manage some physical complications like breathing problems. There are no known cures for the disorder, but treatments aimed towards mitigating symptoms or slowing their progression may provide a measure of relief from associated challenges such as seizures, scoliosis, and respiratory difficulties; these interventions"
What causes What I need to know about Diarrhea ?,"Causes of diarrhea include
                
- bacteria from contaminated food or water  - viruses that cause illnesses such as the flu  - parasites, which are tiny organisms found in contaminated food or water  - medicines such as antibiotics  - problems digesting certain foods  - diseases that affect the stomach, small intestine, or colon, such as Crohns disease  - problems with how the colon functions, caused by disorders such as irritable bowel syndrome
                
Sometimes no cause can be found. As long as diarrhea goes away within 1 to 2 days, finding the cause is not usually necessary.","Diarrhea is a condition characterized by the frequent passage of loose, watery stools or a significant increase in stool frequency. It can be caused by various factors that affect different parts of your gastrointestinal tract (GIT). Here are several common causes:

1. Infections – The most prevalent cause worldwide is infectious diarrhea, which results from bacteria like Escherichia coli or Salmonella spp., viruses such as norovirus and rotavirus, or parasites including Giardia lamblia. These pathogens can be contracted through contaminated food, water, or close contact with an infected individual.
2. Foodborne illnesses – Consuming undercooked meat, raw seafood, unwashed fruits and vegetables, unpasteurized dairy products, or even certain medications like antibiotics can trigger a bout of diarrhea due to food poisoning from bacterial contamination.
3. Food intolerances – Some people may experience temporary lactose or sorbitol-intolerance which causes bloating and frequent loose st"
What causes Heart Palpitations ?,"Many things can cause palpitations. You may have these feelings even when your heart is beating normally or somewhat faster than normal.
                
Most palpitations are harmless and often go away on their own. However, some palpitations are signs of a heart problem. Sometimes the cause of palpitations can't be found.
                
If you start having palpitations, see your doctor to have them checked.
                
Causes Not Related to Heart Problems
                
Strong Emotions
                
You may feel your heart pounding or racing during anxiety, fear, or stress. You also may have these feelings if you're having a panic attack.
                
Vigorous Physical Activity
                
Intense activity can make your heart feel like its beating too hard or too fast, even though it's working normally. Intense activity also can cause occasional premature (extra) heartbeats.
                
Medical Conditions
                
Some medical conditions can cause palpitations. These conditions can make the heart beat faster or stronger than usual. They also can cause premature (extra) heartbeats.
                
Examples of these medical conditions include:
                
An overactive thyroid
                
A low blood sugar level
                
Anemia
                
Some types of low blood pressure
                
Fever
                
Dehydration (not enough fluid in the body)
                
Hormonal Changes
                
The hormonal changes that happen during pregnancy, menstruation, and the perimenopausal period may cause palpitations. The palpitations will likely improve or go away as these conditions go away or change.
                
Some palpitations that occur during pregnancy may be due to anemia.
                
Medicines and Stimulants
                
Many medicines can trigger palpitations because they can make the heart beat faster or stronger than usual. Medicines also can cause premature (extra) heartbeats.
                
Examples of these medicines include:
                
Inhaled asthma medicines.
                
Medicines to treat an underactive thyroid. Taking too much of these medicines can cause an overactive thyroid and lead to palpitations.
                
Medicines to prevent arrhythmias. Medicines used to treat irregular heart rhythms can sometimes cause other irregular heart rhythms.
                
Over-the-counter medicines that act as stimulants also may cause palpitations. These include decongestants (found in cough and cold medicines) and some herbal and nutritional supplements.
                
Caffeine, nicotine (found in tobacco), alcohol, and illegal drugs (such as cocaine and amphetamines) also can cause palpitations.
                
Causes Related to Heart Problems
                
Some palpitations are symptoms of arrhythmias. Arrhythmias are problems with the rate or rhythm of the heartbeat. However, less than half of the people who have palpitations have arrhythmias.
                
During an arrhythmia, the heart can beat too fast, too slow, or with an irregular rhythm. An arrhythmia happens if some part of the heart's electrical system doesn't work as it should.
                
Palpitations are more likely to be related to an arrhythmia if you:
                
Have had a heart attack or are at risk for one.
                
Have coronary heart disease (CHD) or risk factors for CHD.
                
Have other heart problems, such as heart failure, heart valve disease, or heart muscle disease.
                
Have abnormal electrolyte levels. Electrolytes are minerals, such as potassium and sodium, found in blood and body fluids. They're vital for normal health and functioning of the body.","Heart palpitations can be caused by a variety of factors, which may include:

- Anxiety or stress (emotional triggers): Feelings of anxiety and panic are among the most common psychological reasons for experiencuring heart palpitations. When we feel stressed, our body releases hormones like adrenaline that speed up our heart rate as part of its fight-or-flight response to stressful or threatening situations.

- Caffeine and other stimulants: These substances can increase the heart's workload by constricting blood vessels, increasing alertness levels, raising breathing rates, causing sweating, etc., resulting in palpitations if consumed excessively or when sensitive individuals are exposed to them.

- Hyperthyroidism (overactive thyroid): This condition causes the body's metabolic rate and heartbeat speed up due to an increased amount of thyroid hormone circulating in your bloodstream, which can lead to palpitations as well as other symptoms such as weight loss or heat intolerance.

- Medications: Some medicines for conditions like asthma (beta"
Is triple X syndrome inherited ?,"Most cases of triple X syndrome are not inherited. The chromosomal change usually occurs as a random event during the formation of reproductive cells (eggs and sperm). An error in cell division called nondisjunction can result in reproductive cells with an abnormal number of chromosomes. For example, an egg or sperm cell may gain an extra copy of the X chromosome as a result of nondisjunction. If one of these atypical reproductive cells contributes to the genetic makeup of a child, the child will have an extra X chromosome in each of the body's cells.  46,XX/47,XXX mosaicism is also not inherited. It occurs as a random event during cell division in early embryonic development. As a result, some of an affected person's cells have two X chromosomes (46,XX), and other cells have three X chromosomes (47,XXX).","Yes, Triple X syndrome is an inherited condition. It occurs in females when there are three X chromosomes (47,XXX karyotype) instead of the usual two. This extra chromosome results from a mis-segregation event during cell division known as nondisjunction, which can happen randomly or be influenced by parental age, especially maternal age. Triple X syndrome is usually passed down in an autosomal dominant fashion when one of the parents carries a balanced translocation involving two X chromosomes (where only some genetic material from each chromosome gets to other cells). However, most cases are not inherited and result from random errors during cell division."
What are the symptoms of Diabetes ?,"Many people with diabetes experience one or more symptoms, including extreme thirst or hunger, a frequent need to urinate and/or fatigue. Some lose weight without trying. Additional signs include sores that heal slowly, dry, itchy skin, loss of feeling or tingling in the feet and blurry eyesight. Some people with diabetes, however, have no symptoms at all.","Diabetes is a chronic disease that affects how your body processes blood sugar (glucose). There are two main types, Type 1 and Type 2. The common signs and symptoms may include:

- Frequent urination or excessive thirst – this occurs because the kidneys attempt to rid the body of unused glucose by producing more urine. This can lead to dehydration which makes you feel unusually dry, leading to increased water consumption and frequent need for bathroom breaks at night (nocturia).
- Constant or excessive fatigue – high blood sugar levels over time could cause tiredness due to lack of glucose in the cells. 
- Blurred vision - High blood sugar can affect your eyes, leading to temporary blurring as well as long term complications such as cataracts and glaucoma if left untreated.  
- Slow healing or frequent infections – high glucose levels interfere with the body's ability to use sugar for energy which also impairs wound healing, making cuts and bruises last longer than usual while increasing susceptibility to skin/foot ulcers"
Is Serpiginous choroiditis inherited ?,Can I inherit serpiginous choroiditis if my mother has the condition? No familial predillection or propensity has been described.,"Serpiginous Choroidal Neovascularization (scn) is not typically considered a hereditary condition, meaning it's generally not directly passed from parents to offspring through genes. However, there might be familial clustering of cases due to shared environmental factors or underlying systemic diseases that have an inherited component which could indirectly increase susceptibility within families without direct inheritance patterns for scn itself. For a definitive answer on hereditary aspects related specifically to personal health scenarios like Serpiginous Choroiditis, it's essential to consult with medical professionals who can provide guidance based on individual and family history assessments as well as genetic counseling if necessary."
What is (are) Nail Diseases ?,"Your toenails and fingernails protect the tissues of your toes and fingers. They are made up of layers of a hardened protein called keratin, which is also in your hair and skin. The health of your nails can be a clue to your overall health. Healthy nails are usually smooth and consistent in color. Specific types of nail discoloration and changes in growth rate can be signs of lung, heart, kidney, and liver diseases, as well as diabetes and anemia. White spots and vertical ridges are harmless.    Nail problems that sometimes require treatment include       - Bacterial and fungal infections    - Ingrown nails    - Tumors    - Warts       Keeping your nails clean, dry, and trimmed can help you avoid some problems. Do not remove the cuticle, which can cause infection.","Nail diseases, also known as onychosis or nail pathology, are conditions that affect the health, appearance, and structure of fingernails and toenails. These disorders can result from a variety of causes including fungal infections (onychomycosis), trauma to the fingers or toes, autoimmune diseases such as psoriasis (nail psoriasis) or lichen planus (lichenoid nail dystrocurium), and genetic conditions like brittle nail syndrome.

Here are some common types of Nail Diseases:

1. Onychomycosis: Fungal infection that affects the fingernails or toenails, causing them to become discolored, thickened, and crumbly. It can also lead to painful ingrown nails and secondary bacterial infections if left untreated.

2. Paronychia: A skin infection around a finger or toe that occurs when the area becomes inflamed due to factors such as constant exposure to water, trauma from manicures/pedicures, or contact with irritants like nail pol"
What are the genetic changes related to vitelliform macular dystrophy ?,"Mutations in the BEST1 and PRPH2 genes cause vitelliform macular dystrophy. BEST1 mutations are responsible for Best disease and for some cases of the adult-onset form of vitelliform macular dystrophy. Changes in the PRPH2 gene can also cause the adult-onset form of vitelliform macular dystrophy; however, less than a quarter of all people with this form of the condition have mutations in the BEST1 or PRPH2 gene. In most cases, the cause of the adult-onset form is unknown.  The BEST1 gene provides instructions for making a protein called bestrophin. This protein acts as a channel that controls the movement of charged chlorine atoms (chloride ions) into or out of cells in the retina. Mutations in the BEST1 gene probably lead to the production of an abnormally shaped channel that cannot properly regulate the flow of chloride. Researchers have not determined how these malfunctioning channels are related to the buildup of lipofuscin in the macula and progressive vision loss.  The PRPH2 gene provides instructions for making a protein called peripherin 2. This protein is essential for the normal function of light-sensing (photoreceptor) cells in the retina. Mutations in the PRPH2 gene cause vision loss by disrupting structures in these cells that contain light-sensing pigments. It is unclear why PRPH2 mutations affect only central vision in people with adult-onset vitelliform macular dystrophy.","Vitelliform macular dystrophy (also known as Sturge-Weber syndrome) is a rare, inherited eye disorder that leads to progressive degeneration of the macula. The genetic changes related to vitelliform macular dystrophy are mutations in several different genes:

1. Best disease or Vitelliform Macular Dystrophy (VMD): This is most commonly associated with a mutation in gene OM15, which codes for the enzyme ovine/ovis udolphus polypeptide 3 – an important component of visual pigments found within photoreceptors cells.

2. Juvenile macular degeneration: This form is also known as autosomal dominant vitelliform macular dystrophy and usually results from mutations in the Mitochondrial associated snRNP gene (MASN). Other genes that may be involved include GJA1, PROMM2, PRPH, CEP3, CDC46, or CIBZ.

3. Sturge-Weber syndrome: This is not a typical Mendelian inheritance pattern and"
What are the symptoms of Konigsmark Knox Hussels syndrome ?,"What are the signs and symptoms of Konigsmark Knox Hussels syndrome? The Human Phenotype Ontology provides the following list of signs and symptoms for Konigsmark Knox Hussels syndrome. If the information is available, the table below includes how often the symptom is seen in people with this condition. You can use the MedlinePlus Medical Dictionary to look up the definitions for these medical terms. Signs and Symptoms Approximate number of patients (when available) Ataxia 5% Abnormal amplitude of pattern reversal visual evoked potentials - Abnormal auditory evoked potentials - Autosomal dominant inheritance - Central scotoma - Centrocecal scotoma - Horizontal nystagmus - Increased variability in muscle fiber diameter - Myopathy - Ophthalmoplegia - Optic atrophy - Peripheral neuropathy - Phenotypic variability - Progressive sensorineural hearing impairment - Ptosis - Red-green dyschromatopsia - Reduced visual acuity - Strabismus - Tritanomaly - Visual impairment - The Human Phenotype Ontology (HPO) has collected information on how often a sign or symptom occurs in a condition. Much of this information comes from Orphanet, a European rare disease database. The frequency of a sign or symptom is usually listed as a rough estimate of the percentage of patients who have that feature. The frequency may also be listed as a fraction. The first number of the fraction is how many people had the symptom, and the second number is the total number of people who were examined in one study. For example, a frequency of 25/25 means that in a study of 25 people all patients were found to have that symptom. Because these frequencies are based on a specific study, the fractions may be different if another group of patients are examined. Sometimes, no information on frequency is available. In these cases, the sign or symptom may be rare or common.","Konigsmark-Hussel Syndrome, which seems to be a fictional or extremely rare condition not recognized in medical literature as of my knowledge cutoff date, does not have any documented associations with health issues. Therefore, I cannot provide symptoms for this non-existent syndrome; however, if it were real and based on the pattern seen in other similar genetic conditions that can affect multiple body systems (such as Mucopolysaccharidosis), one might expect a variety of signs including developmental delays, skeletal abnormalities, cardiovascular issues like heart murmurs or congenital heart defects due to the involvement with connective tissue disorders.

For individuals suspecting they have symptoms concerning their health and believe it might be related to a genetic condition affecting multiple systems including potential eye problems (like retinal dystrobanias), I'd strongly advise them to seek immediate medical attention for thorough evaluation by an interdisciplinary team of specialists who can perform comprehensive diagnostic testing. This may include, but is not limited to:

1. **Genetic Testing** - To identify any potential inherited syndromes or mutations that"
"What are the symptoms of Cardiac valvular dysplasia, X-linked ?","What are the signs and symptoms of Cardiac valvular dysplasia, X-linked? The Human Phenotype Ontology provides the following list of signs and symptoms for Cardiac valvular dysplasia, X-linked. If the information is available, the table below includes how often the symptom is seen in people with this condition. You can use the MedlinePlus Medical Dictionary to look up the definitions for these medical terms. Signs and Symptoms Approximate number of patients (when available) Abnormality of metabolism/homeostasis - Aortic regurgitation - Congestive heart failure - Mitral regurgitation - Mitral valve prolapse - Short chordae tendineae of the mitral valve - Short chordae tendineae of the tricuspid valve - Tricuspid regurgitation - X-linked recessive inheritance - The Human Phenotype Ontology (HPO) has collected information on how often a sign or symptom occurs in a condition. Much of this information comes from Orphanet, a European rare disease database. The frequency of a sign or symptom is usually listed as a rough estimate of the percentage of patients who have that feature. The frequency may also be listed as a fraction. The first number of the fraction is how many people had the symptom, and the second number is the total number of people who were examined in one study. For example, a frequency of 25/25 means that in a study of 25 people all patients were found to have that symptom. Because these frequencies are based on a specific study, the fractions may be different if another group of patients are examined. Sometimes, no information on frequency is available. In these cases, the sign or symptom may be rare or common.","Cardiac valvular dysplasia is a congenital heart condition that can be inherited. When it's linked to an X chromosome and referred to as ""X-linked,"" we are generally discussing conditions like Noonan syndrome, which often includes cardiac issues such as pulmonary stenosis or atresia (abnormalities in the outflow of blood from the right ventricle) rather than pure valvular dysplasia. However, if one considers congenital heart diseases linked to X-linked inheritance patterns that include valvular defects, symptoms may vary:

1. **Heart murmurs** - Due to turbulent blood flow across abnormal valves or through narrow passages within the heart caused by dysplasia (abnormal development and function of the valve). 
2. **Shortness of breath** or difficulty in physical activities due to reduced cardiac output resulting from impainmented valvular regulation, especially during exercise when the demand for oxygen increases.
3. **Fatigue** - Patients might feel unusually tired because their heart cannot pump blood effectively throughout the body."
What are the symptoms of Acrokeratoelastoidosis of Costa ?,"What are the signs and symptoms of Acrokeratoelastoidosis of Costa? The Human Phenotype Ontology provides the following list of signs and symptoms for Acrokeratoelastoidosis of Costa. If the information is available, the table below includes how often the symptom is seen in people with this condition. You can use the MedlinePlus Medical Dictionary to look up the definitions for these medical terms. Signs and Symptoms Approximate number of patients (when available) Hyperkeratosis 90% Verrucae 90% Abnormality of the nail 50% Hyperhidrosis 50% Acrokeratosis - Autosomal dominant inheritance - The Human Phenotype Ontology (HPO) has collected information on how often a sign or symptom occurs in a condition. Much of this information comes from Orphanet, a European rare disease database. The frequency of a sign or symptom is usually listed as a rough estimate of the percentage of patients who have that feature. The frequency may also be listed as a fraction. The first number of the fraction is how many people had the symptom, and the second number is the total number of people who were examined in one study. For example, a frequency of 25/25 means that in a study of 25 people all patients were found to have that symptom. Because these frequencies are based on a specific study, the fractions may be different if another group of patients are examined. Sometimes, no information on frequency is available. In these cases, the sign or symptom may be rare or common.","Acrokeratoelastoidosis of Costa (also known as acrokeratosis linearis) is a rare, genetic skin disorder characterized by dark-colored papules or nodules along the elbrances and intertriginous areas. These lesions are typically firm to hard in texture with overlying hyperpigmentation that ranges from light brown to almost black color.

The symptoms of Acrokeratoelastoidosis of Costa may include: 
1. Dark-colored papules or nodules along the elbrances and intertriginous areas, such as underarms, groin folds, neck creases, axillae (armpits), and other skin flexures where friction is common; these lesions may itch
2. Lesion growth over time leading to roughened or scaly surfaces in severe cases 
3. Often asymptomatic with mild discomfort due the texture of the affected area when rubbed against clothing, bedding or other body parts for extended periods (pruritus ani). In rare instances pruritis may be present and can vary from a moderate to unbearable level"
What are the treatments for spastic paraplegia type 7 ?,"These resources address the diagnosis or management of spastic paraplegia type 7:  - Gene Review: Gene Review: Hereditary Spastic Paraplegia Overview  - Gene Review: Gene Review: Spastic Paraplegia 7  - Genetic Testing Registry: Spastic paraplegia 7  - Spastic Paraplegia Foundation, Inc.: Treatments and Therapies   These resources from MedlinePlus offer information about the diagnosis and management of various health conditions:  - Diagnostic Tests  - Drug Therapy  - Surgery and Rehabilitation  - Genetic Counseling   - Palliative Care","Treatment of Spastic Paraplegia Type VII (also known as hereditary spinocerebellar ataxia, specifically types A and B) is largely supportive because there's currently no cure. The main goals are to manage symptoms and improve quality of life:

1. Physical Therapy - This can help maintain muscle strength, joint flexibility, balance (although this disease primarily affects the spinal cord), communication between affected limbs and mind due to impairment in nerve conduction speed, etc. 

2. Occupational therapy is beneficial as well for helping patients learn new ways of performing daily tasks while minimizing discomfort and fatigue caused by muscle stiffness or weakness (spasticity). Physical aids may also be helpful including braces, walkers/wheelchairs etc.
 
3. Speech Therapy – Can help with swallowing difficulties that might occur due to impairment in nerve conduction speed and can provide techniques for better communication if speech is affected.
   
4. Medications are often used too: Baclofen, a muscle relaxant, may be prescribed"
What are the treatments for fragile X syndrome ?,These resources address the diagnosis or management of fragile X syndrome:  - Gene Review: Gene Review: FMR1-Related Disorders  - GeneFacts: Fragile X Syndrome: Diagnosis  - GeneFacts: Fragile X Syndrome: Management  - Genetic Testing Registry: Fragile X syndrome  - MedlinePlus Encyclopedia: Fragile X syndrome   These resources from MedlinePlus offer information about the diagnosis and management of various health conditions:  - Diagnostic Tests  - Drug Therapy  - Surgery and Rehabilitation  - Genetic Counseling   - Palliative Care,"Fragile X Syndrome (FXS) is a genetic disorder caused by an alteration or mutation in the FMR1 gene on the X chromosome. Currently, there's no cure for FXS; treatments are symptom-based and aimed at managing individual manifestations of this condition such as intellectual impairment, behavioral issues, anxiety disorders etc.

Here is a detailed look into some possible treatment options:

1. **Educational interventions** - Early development programs can help children with FXS learn and develop skills essential for their daily lives. Individualized education plans (IEP) are designed to meet these specific needs, which often include accommodations like extra time on tests or breaks during classes.

2. **Behavioral therapy**: Behaviorists use techniques such as Applied Behavior Analysis (ABA), Cognitive-behavioral therapy(CBT), and Parent-Child Interaction Therapy to help manage behavior problems often associated with FXS, like aggression or tantrums.

3. **Medication**: Several drugs can be used in conjunction with other treat"
What are the treatments for Thrombocytopenia ?,"Treatment for thrombocytopenia depends on its cause and severity. The main goal of treatment is to prevent death and disability caused by bleeding.
                
If your condition is mild, you may not need treatment. A fully normal platelet count isn't necessary to prevent bleeding, even with severe cuts or accidents.
                
Thrombocytopenia often improves when its underlying cause is treated. People who inherit the condition usually don't need treatment.
                
If a reaction to a medicine is causing a low platelet count, your doctor may prescribe another medicine. Most people recover after the initial medicine has been stopped. For heparin-induced thrombocytopenia (HIT), stopping the heparin isn't enough. Often, you'll need another medicine to prevent blood clotting.
                
If your immune system is causing a low platelet count, your doctor may prescribe medicines to suppress the immune system.
                
Severe Thrombocytopenia
                
If your thrombocytopenia is severe, your doctor may prescribe treatments such as medicines, blood or platelet transfusions, or splenectomy.
                
Medicines
                
Your doctor may prescribe corticosteroids, also called steroids for short. Steroids may slow platelet destruction. These medicines can be given through a vein or by mouth. One example of this type of medicine is prednisone.
                
The steroids used to treat thrombocytopenia are different from illegal steroids taken by some athletes to enhance performance.
                
Your doctor may prescribe immunoglobulins or medicines like rituximab to block your immune system. These medicines are given through a vein. He or she also may prescribe other medicines, such as eltrombopag or romiplostim, to help your body make more platelets. The former comes as a tablet to take by mouth and the latter is given as an injection under the skin.
                
Blood or Platelet Transfusions
                
Blood or platelet transfusions are used to treat people who have active bleeding or are at a high risk of bleeding. During this procedure, a needle is used to insert an intravenous (IV) line into one of your blood vessels. Through this line, you receive healthy blood or platelets.
                
For more information about this procedure, go to the Health Topics Blood Transfusion article.
                
Splenectomy
                
A splenectomy is surgery to remove the spleen. This surgery may be used if treatment with medicines doesn't work. This surgery mostly is used for adults who have immune thrombocytopenia (ITP). However, medicines often are the first course of treatment.","Thrombocytopenia, a condition characterized by low platelet count in the blood, can cause excessive bruising and bleeding. Treatment typically depends on its underlying causes but here is how it's generally managed:

1. **Identifying and treating an acute issue** - If your thrombocytopenia happens suddenly because of something like a virus or medication, you might need to stop the offending cause immediately (e.g., discontinuing certain drugs) under medical advice for treatment improvement.

2. **Corticosteroids:** These are anti-inflammatory and immunosuppressive agents that can help increase your platelet count by reducing their destruction in the body, particularly when thrombocytopenia is caused due to an autoimmune process or drug reaction.

3. **Intravenous Immunoglobulin (IVIG):** This treatment involves injecting a solution of antibodies into your bloodstream that can help reduce the destruction of platelets by your immune system, commonly used for cases related to hepatitis C or following chemotherapy treatments.

4. **"
Is supravalvular aortic stenosis inherited ?,"This condition is inherited in an autosomal dominant pattern, which means one copy of the altered gene in each cell is sufficient to cause the disorder. However, some people who inherit the altered gene never develop features of SVAS. (This situation is known as reduced penetrance.)  In some cases, a person inherits the mutation from one parent who has the mutation. Other cases result from new mutations in the gene and occur in people with no history of the disorder in their family.","Yes, supravalvular aortic stenosis (SVAS) can have an autosomal dominant inheritance pattern. This means that only one copy of the altered gene in each cell is sufficient to increase risk for developing this heart condition. However, not all cases are inherited; some may occur due to de novo mutations or result from environmental factors with a genetic predisposition playing no significant role. It's essential to seek guidance from medical professionals and possibly consider genetic counseling if there is a family history of SVAS, as this condition can often lead to other complications such as heart problems that may require early intervention or treatment strategies like surgery in severe cases."
How to diagnose Amyloidosis and Kidney Disease ?,"A health care provider diagnoses dialysis-related amyloidosis with
                
- urinalysis  - blood tests  - imaging tests
                
A health care provider can use urinalysis and blood tests to detect the amount of amyloid proteins in urine and blood. Imaging tests, such as x-rays and CT scans, can provide pictures of bone cysts and amyloid deposits in bones, joints, tendons, and ligaments. An x-ray technician performs imaging tests in a health care providers office, an outpatient center, or a hospital. A radiologista doctor who specializes in medical imaginginterprets the images. A patient does not require anesthesia.","To accurately diagnose amyloidosis, particularly when it concerns kidney involvement leading to nephrotic syndrome or chronic kidney disease (CKD), a combination of clinical assessment, laboratory tests, imaging studies, and sometimes biopsy would be required. The steps are as follows:

1. Clinical Evaluation: Initially, the patient's history should include symptoms suggestive of amyloidosis or kidney disease such as fatigue, weight gain due to fluid retention (edema), frothy urine indicating proteinuria and recurrent infections suggesting immune dysfunction.
 
2. Physical Examination: A physical exam should reveal edema often localized around the lower body parts or face – as well as possible lumps underneinflamed areas, indicative of enlarged organs due to amyloid deposits (such as in hepatosplenomegaly). There might also be evidence of organ-specific symptoms such as shortness of breath for lung involvement or swollen abdomen indicating liver problems.
  
3. Laboratory Tests: Blood and ur"
What is (are) Asperger Syndrome ?,"Asperger syndrome (AS) is a developmental disorder. It is an autism spectrum disorder (ASD), one of a distinct group of neurological conditions characterized by a greater or lesser degree of impairment in language and communication skills, as well as repetitive or restrictive patterns of thought and behavior. Other ASDs include: classic autism, Rett syndrome, childhood disintegrative disorder, and pervasive developmental disorder not otherwise specified (usually referred to as PDD-NOS). Unlike children with autism, children with AS retain their early language skills.
                
The most distinguishing symptom of AS is a childs obsessive interest in a single object or topic to the exclusion of any other. Children with AS want to know everything about their topic of interest and their conversations with others will be about little else. Their expertise, high level of vocabulary, and formal speech patterns make them seem like little professors. Other characteristics of AS include repetitive routines or rituals; peculiarities in speech and language; socially and emotionally inappropriate behavior and the inability to interact successfully with peers; problems with non-verbal communication; and clumsy and uncoordinated motor movements.
                
Children with AS are isolated because of their poor social skills and narrow interests. They may approach other people, but make normal conversation impossible by inappropriate or eccentric behavior, or by wanting only to talk about their singular interest.Children with AS usually have a history of developmental delays in motor skills such as pedaling a bike, catching a ball, or climbing outdoor play equipment. They are often awkward and poorly coordinated with a walk that can appear either stilted or bouncy.","Asperger Syndrome, also known as Asperger's Disorder or simply AS, was once considered a distinct subtype of autism spectrum disorder. It shares many similarities with other forms on the spectrum but typically involves milder symptoms and no significant delay in language or cognitive development.

People diagnosed with Asperger Syndrome often exhibit difficulties in social interactions and communication, as well as a restricted range of interests. They may have intense preoccupations with specific subjects (such as trains) and prefer routine over change. However, unlike other forms on the autism spectrum where language delays are commonplace, individuals with Asperger'nerve typically show average or above-average intelligence levels but struggle to understand sarcasm, humor and nonverbal cues in social situations.

While people with AS may have difficulties building relationships, they can form close attachments when given the right support system and guidance. They often possess exceptional attention to detail, which allows them to excel academically or professionally within their specific area of interest (e.g., mathematics). Many individuals self-identify themselves as neurodivergent rather than disabled since society tends to pathologize"
what research (or clinical trials) is being done for Post-Polio Syndrome ?,"The National Institute of Neurological Disorders and Stroke (NINDS) and other institutes of the National Institutes of Health (NIH) conduct research related to PPS in laboratories at the NIH, and also support additional PPS research through grants to major medical institutions across the country.","As of my knowledge cutoff date in early 2023, there are no ongoing large multi-centered Phase III or IV Clinical Trials directly addressing post-polio syndrome (PPS) specifically. However, research related to PPS is often part of broader studies focused on neuromuscular disorders and aging since the etiology of PPS involves muscle degeneration that can be influenced by similar factors affecting these conditions.

To find the latest information about clinical trials for post-polio syndrome, you should visit reputable databases like ClinicalTrials.gov or WHO International Clinical Trials Registry Platform (ICTRP). While filtering through their extensive list of studies related to neuromuscular disorders and muscle function in aging populations using search terms such as ""post-polio,"" you may come across trials that include post-infectious conditions akin to PPS.

Here are some approaches researchers could take when studying or developing treatments for people with symptoms of Post-Polio Syndrome:

1. **Clinical Observations and Case Reports** - Since"
What is (are) Retinal vasculopathy with cerebral leukodystrophy ?,"Retinal vasculopathy with cerebral leukodystrophy (RVCL) is a rare, genetic condition that primarily affects the central nervous system. Symptoms begin in adulthood (usually in the 40s) and may include loss of vision, mini-strokes, and dementia. Death can sometimes occur within 10 years of the first symptoms appearing. RVCL is inherited in an autosomal dominant manner and is caused by mutations in the TREX1 gene. Treatments currently aim to manage or alleviate the symptoms rather than treating the underlying cause. RVCL is now considered to include the following 3 conditions which were previously thought to be distinct: hereditary endotheliopathy, retinopathy, nephropathy, and stroke (HERNS); cerebroretinal vasculopathy (CRV); and hereditary vascular retinopathy (HVR).","Retinal Vasculopathy With Cerebral Leukodystrophy, commonly abbreviated as RPGLuED or sometimes just called Retinocerebellar Aging Disease (RCAD), is a rare genetic disorder that primarily affects the retinas and cerebellum of individuals. This disease typically manifests in early adulthood. Here are key aspects:

1. **Genetics**: RPGLuED has an autosomal dominant pattern, meaning only one copy of the mutated gene inherited from either parent is sufficient to cause this disorder. The associated genetic alteration often involves a frameshift mutation in the USH2A (Usher Syndrome type 2 homolog A) gene or another closely related and functionally connected locus, such as CDK1-related protein kinase like palladin autophagy regulator.

2. **Eye Symptoms**: The hallmark of RPGLuED is progressive vision loss beginning usually in the mid to late 30s or early adulthood due to a combination of retinal degeneration and vasculopath"
what research (or clinical trials) is being done for Chronic Pain ?,"Clinical investigators have tested chronic pain patients and found that they often have lower-than-normal levels of endorphins in their spinal fluid. Investigations of acupuncture include wiring the needles to stimulate nerve endings electrically (electroacupuncture), which some researchers believe activates endorphin systems. Other experiments with acupuncture have shown that there are higher levels of endorphins in cerebrospinal fluid following acupuncture. Investigators are studying the effect of stress on the experience of chronic pain. Chemists are synthesizing new analgesics and discovering painkilling virtues in drugs not normally prescribed for pain.","There are numerous ongoing studies and clinical trials focused on treating chronic pain. Here's a selection of recent research efforts as well as some that have been completed in the last few years:

Current Clinical Trials (as per ClinicalTrials.gov, search parameters may vary):
1. **A Randomized Controlled Trial Investigating Efficacy and Safety of Subcutaneous Intrathecal Drug-Delivery System for Chronic Musculosdeform Pain**: This study looks into the use of an intrathecal drug delivery system in managing chronic musculoskeletal pain.
    - NCT05412198 (https://clinicaltrials.gov/ct2/show/NCT05412198)

2. **A Phase 3 Randomized, Double-Blind Study of the Dual Neuromodulation Device Versus Placebo in Treatment for Chronic Pain**: A clinical trial comparing a neuromodulation device against placebo treatment efficacy and safety profiles.
    - NCT04751984"
What causes Adenoid cystic carcinoma ?,"What causes adenoid cystic carcinoma? The underlying cause of adenoid cystic carcinoma (ACC) is not yet known, and no strong genetic or environmental risk factors specific to ACC have been identified. Researchers believe that a combination of various genetic and environmental factors probably interact to ultimately cause a person to develop specific types of cancers. There is ongoing research to learn more about the many factors that contribute to the development of cancer. Cancer is at least partly due to acquired (not inherited) damage or changes to the DNA in certain cells. For example, various studies have shown that chromosomal abnormalities and genetic deletions are present in samples of ACC. However, these genetic abnormalities are present only in the cancer cells, not in the cells with the genetic material that is passed on to offspring (the egg and sperm cells).","Adenoid cystic carcinoma (ACC) is a rare and aggressive form of cancer that primarily affects the salivary glands, although it can also occur in other sites such as the skin or breast. The exact cause of ACC remains largely unknown; however, several factors are believed to contribute to its development:

1. Genetic mutations: Several genes have been associated with increased risk for developing adenoid cystic carcinoma, including MYB, NFI and DAPI-4 rearrangement in the salivary gland tumors; however, these occurrences are relatively rare (only 2% of all head and neck cancers).

2. Environmental factors: It is not clear to this day if environmental exposure plays a role in ACC development or its aggressiveness but studies have shown that individuals exposed to certain chemicals like asbestos, wood dust, or smoking may be more likely to develop adenoid cystic carcinoma.

3. Age and Gender: The incidence of this cancer is higher among women than men; it mainly occurs in the fifth decade of life but can also appear at a younger age"
"What are the genetic changes related to distal hereditary motor neuropathy, type II ?","Mutations in the HSPB1 and HSPB8 genes cause distal hereditary motor neuropathy, type II. These genes provide instructions for making proteins called heat shock protein beta-1 and heat shock protein beta-8. Heat shock proteins help protect cells under adverse conditions such as infection, inflammation, exposure to toxins, elevated temperature, injury, and disease. They block signals that lead to programmed cell death. In addition, they appear to be involved in activities such as cell movement (motility), stabilizing the cell's structural framework (the cytoskeleton), folding and stabilizing newly produced proteins, and repairing damaged proteins. Heat shock proteins also appear to play a role in the tensing of muscle fibers (muscle contraction).  Heat shock protein beta-1 and heat shock protein beta-8 are found in cells throughout the body and are abundant in nerve cells. In nerve cells, heat shock protein beta-1 helps to organize a network of molecular threads called neurofilaments that maintain the diameter of specialized extensions called axons. Maintaining proper axon diameter is essential for the efficient transmission of nerve impulses. The function of heat shock protein beta-8 is not well understood, but studies have shown that it interacts with heat shock protein beta-1.  The HSPB1 and HSPB8 gene mutations that cause distal hereditary motor neuropathy, type II change single protein building blocks (amino acids) in the protein sequence. If either protein is altered, they may be more likely to cluster together and form clumps (aggregates). Aggregates of heat shock proteins may block the transport of substances that are essential for the proper function of nerve axons. The disruption of other cell functions in which these proteins are involved may also contribute to the signs and symptoms of distal hereditary motor neuropathy, type II.","Distal Hereditary Motor Neuropathy (DHMN), also known as Distal Weakness Disease or Proximal-distal Dissociated Sensory Neuropathy (PDDSN), is a rare inherited condition that affects the peripheral nerves, specifically leading to progressive muscle weakness and atrophy. Type II distal hereditary motor neuropathy refers to one of several forms within this group which predominantly impacts individuals in their late teens or early adulthinhood with a pattern where the lower extremities are affected first, followed by upper limbs as well as other muscle groups.

The genetic causes for DHMN vary depending on its subtype and can be attributed to mutations in several different genes: VAPB (vacuolar myelopathy), AIFM1 (ataxin-interacting MAG purified 1, also known as alpha isoform of mitochondrial chaperone molecule protein 1 or TOM20 Heavy chain subunit in Neurotomus crayfish Brachyura: Panopeidae), RYR"
How many people are affected by Miyoshi myopathy ?,"The exact prevalence of Miyoshi myopathy is unknown. In Japan, where the condition was first described, it is estimated to affect 1 in 440,000 individuals.","As of my last update, the exact number of individuals affected worldwide with Miyoshi disease (Miyoshi myopathy) was not readily available. This is a rare muscle disorder characterized primarily by inflammatory changes in the skeletal muscles and bone abnormalities associated with ossification outside normal joint structures, leading to progressive weakness and deformity of limbs (especially hips).

Miyoshi disease affects individuals across all ethnicities globally. The incidence rate is estimated at approximately 1 in every 500,00th individual born with the mutation that causes Miyoshi myopathy; however, not everyone who carries this mutation will develop symptoms due to variable expressivity and incomplete penetrance of genetic disorders like MMD.

The disease is an autosomal recessive condition caused by pathogenic variants in the MYOS gene on chromosome 19q13.2, which encodes a protein essential for muscle contractility called myosin-zero (the absence of this leads to weakened and dysfunctional skeletal muscles).

B"
What are the genetic changes related to alpha-methylacyl-CoA racemase deficiency ?,"AMACR deficiency is caused by mutations in the AMACR gene. This gene provides instructions for making an enzyme called alpha-methylacyl-CoA racemase (AMACR).  The AMACR enzyme is found in the energy-producing centers in cells (mitochondria) and in cell structures called peroxisomes. Peroxisomes contain a variety of enzymes that break down many different substances, including fatty acids and certain toxic compounds. They are also important for the production (synthesis) of fats (lipids) used in digestion and in the nervous system. In peroxisomes, the AMACR enzyme plays a role in the breakdown of a fatty acid called pristanic acid, which comes from meat and dairy foods in the diet. In mitochondria, AMACR is thought to help further break down the molecules derived from pristanic acid.  Most individuals with AMACR deficiency have an AMACR gene mutation that results in a lack (deficiency) of functional enzyme. The enzyme deficiency leads to accumulation of pristanic acid in the blood. However, it is unclear how this accumulation is related to the specific signs and symptoms of AMACR deficiency.","Alpha-methylacyl-CoA racemase (AMACR) is an enzyme that plays a critical role in fatty acid metabolism, particularly by catalyzing the reversible conversion of S-configured methyl groups to R-configuration on branched chain and very long chain fatty acenergicacids. A deficiency or mutation leading to malfunction in this enzyme results from changes at multiple genetic levels:

1) Loss-of-Function Mutations - One of the most common causes for alpha-methylacyl-CoA racemase deficiency is a loss-of-function (LoF) mutation, which occurs when there are alterations in the AMACR gene that result in an abnormal protein product. This could be due to single nucleotide changes or other genetic variations such as deletions and insertions of large segments within the DNA sequence coding for this enzyme. These LoF mutations lead to non-functional, truncated proteins with no active sites where substrate molecules can bind, hence leading to AMACR deficiency.
2) Genetic Deletion"
Do you have information about Fires,"Summary : Whether a fire happens in your home or in the wild, it can be very dangerous. Fire spreads quickly. There is no time to gather valuables or make a phone call. In just two minutes, a fire can become life-threatening. In five minutes, a home can be engulfed in flames.    Heat and smoke from fire can be more dangerous than the flames. Inhaling the super-hot air can burn your lungs. Fire produces poisonous gases that make you disoriented and drowsy. Instead of being awakened by a fire, you may fall into a deeper sleep. You can suffocate or be burned.    Preventing fires is an important part of fire safety. Although there are no guarantees of safety during a fire, you can take actions to protect yourself. You should have a disaster plan. Being prepared can help reduce fear, anxiety, and losses. If you do experience a disaster, it is normal to feel stressed. You may need help in finding ways to cope.    Federal Emergency Management Agency","Certainly, I can provide some general information on wildfires. Wildfires are uncontrolled and often large fires that burn in natural areas like forests, grasslands, or prairies. They play a crucial role in the ecosystem by clearing dead trees and underbrush to allow new growth, but they can also be destructive when ignited by human activity such as campfires left unattended or sparks from equipment that are not properly managed near flammable materials.

Wildfires occur due to various factors like lightning strikes, which account for the majority of wildfire causes in certain ecosystems, particularly those with dry climates and dense vegetation such as boreal forests or Mediterranean-type woodlands (e.g., chaparral). Human activities are also a significant contributor to many wildfires worldwide; these include unattended campfires, discarded cigarettes, burning debris in industrial areas without proper oversight, and even arson for various reasons ranging from criminal activity to acts of desperation or protest.

The impacts of fires on ecosystems can vary greatly depending on the"
What are the treatments for Jackson-Weiss syndrome ?,These resources address the diagnosis or management of Jackson-Weiss syndrome:  - Gene Review: Gene Review: FGFR-Related Craniosynostosis Syndromes  - Genetic Testing Registry: Jackson-Weiss syndrome  - MedlinePlus Encyclopedia: Craniosynostosis   These resources from MedlinePlus offer information about the diagnosis and management of various health conditions:  - Diagnostic Tests  - Drug Therapy  - Surgery and Rehabilitation  - Genetic Counseling   - Palliative Care,"Jackson-Weiss Syndrome, also known as Dysplastic Kidney and Osteochondrodysplasia of Lower Limbs, is an extremely rare condition that typically requires multidisciplinary care. There's no one universal treatment for this syndrome due to its rarity and the fact it involves multiple systems in the body (kidneys and skeletal system). Treatment often focuses on managing symptoms or complications associated with each organ affected:

1. **Dialysis/Kidney Transplant** - For kidney dysplasia, which can lead to renal failure in severe cases, a common treatment is either regular hemodialysis (filtering the blood outside of the body) or even more commonly, a living-donor kidney transplant.
   
2. **Surgery** - Surgical correction may be necessary for orthopedic abnormalities associated with Jackson Weiss Syndrome such as bowing deformities in lower limbs and skull flattening (plagiocephaly). These could include osteotomies or distraction techniques.
   
3. **Physical Therapy"
What is the outlook for Wallenberg's Syndrome ?,The outlook for someone with Wallenbergs syndrome depends upon the size and location of the area of the brain stem damaged by the stroke. Some individuals may see a decrease in their symptoms within weeks or months. Others may be left with significant neurological disabilities for years after the initial symptoms appeared.,"Wallenberg's syndrome, also known as lateral medullary infarction or posterior circulation stroke, occurs when there’s a disruption in blood flow to part of your brain called the brainstem. The outlook for individuals with Wallenberg's Syndrome varies depending on several factors like age at which symptoms start appearing and overall health condition before developing this syndrome.

The most common cause is vertebrobasilar insufficiency, where blood flow to both sides of the back part (posterior) of your brain fails due to various reasons such as atherosclerosis or cardiac problems like atrial fibrillation that may lead to clot formation.

The prognosis for Wallenberg's syndrome is generally guarded, especially in cases where the condition progresses rapidly and severe neurological symptoms are present immediately after stroke onset without timely intervention. The risk of death within one month can be as high as 20-30%.

However, with prompt diagnosis, immediate treatment to restore blood flow (embolization or thrombolysis), and comprehensive rehabilitative care which might include physical"
What is (are) familial adenomatous polyposis ?,"Familial adenomatous polyposis (FAP) is an inherited disorder characterized by cancer of the large intestine (colon) and rectum. People with the classic type of familial adenomatous polyposis may begin to develop multiple noncancerous (benign) growths (polyps) in the colon as early as their teenage years. Unless the colon is removed, these polyps will become malignant (cancerous). The average age at which an individual develops colon cancer in classic familial adenomatous polyposis is 39 years. Some people have a variant of the disorder, called attenuated familial adenomatous polyposis, in which polyp growth is delayed. The average age of colorectal cancer onset for attenuated familial adenomatous polyposis is 55 years.  In people with classic familial adenomatous polyposis, the number of polyps increases with age, and hundreds to thousands of polyps can develop in the colon. Also of particular significance are noncancerous growths called desmoid tumors. These fibrous tumors usually occur in the tissue covering the intestines and may be provoked by surgery to remove the colon. Desmoid tumors tend to recur after they are surgically removed. In both classic familial adenomatous polyposis and its attenuated variant, benign and malignant tumors are sometimes found in other places in the body, including the duodenum (a section of the small intestine), stomach, bones, skin, and other tissues. People who have colon polyps as well as growths outside the colon are sometimes described as having Gardner syndrome.  A milder type of familial adenomatous polyposis, called autosomal recessive familial adenomatous polyposis, has also been identified. People with the autosomal recessive type of this disorder have fewer polyps than those with the classic type. Fewer than 100 polyps typically develop, rather than hundreds or thousands. The autosomal recessive type of this disorder is caused by mutations in a different gene than the classic and attenuated types of familial adenomatous polyposis.","Familial Adenomatous Polyposis (FAP), also known as Gardner syndrome, is an autosomal dominant genetic disorder characterized by the development of hundreds to thousands of polyps in the epithelium of the colon and rectum. These polyps start appearing usually during adolescence or early adulthood but can appear earlier if there's a family history, often leading to symptoms such as abdominal pain, bleeding from the digestive tract, anemia, and fatigue due to blood loss related complications of this condition.

FAP is caused by mutations in the APC gene (Adenomatous Polyposis Coli) located on chromosome 5q21-22. This protein plays a crucial role in controlling cell growth and division, preventing cells from growing out of control or forming tumors. In individuals with FAP who carry the mutation in APC gene, these regulatory functions are compromised resulting in uncontrolled multiplication of colonic epithelial cells leading to polyp formation throughout the entire length of the large intestine starting at age 14-25 years and continu"
What are the symptoms of Microcephaly deafness syndrome ?,"What are the signs and symptoms of Microcephaly deafness syndrome? The Human Phenotype Ontology provides the following list of signs and symptoms for Microcephaly deafness syndrome. If the information is available, the table below includes how often the symptom is seen in people with this condition. You can use the MedlinePlus Medical Dictionary to look up the definitions for these medical terms. Signs and Symptoms Approximate number of patients (when available) Cognitive impairment 90% Epicanthus 90% Facial asymmetry 90% Low-set, posteriorly rotated ears 90% Microcephaly 90% Sensorineural hearing impairment 90% Abnormality of the palate 50% Neurological speech impairment 50% Preauricular skin tag 50% Short stature 50% Autosomal dominant inheritance - Cupped ear - Hearing impairment - Intellectual disability - Prominent glabella - The Human Phenotype Ontology (HPO) has collected information on how often a sign or symptom occurs in a condition. Much of this information comes from Orphanet, a European rare disease database. The frequency of a sign or symptom is usually listed as a rough estimate of the percentage of patients who have that feature. The frequency may also be listed as a fraction. The first number of the fraction is how many people had the symptom, and the second number is the total number of people who were examined in one study. For example, a frequency of 25/25 means that in a study of 25 people all patients were found to have that symptom. Because these frequencies are based on a specific study, the fractions may be different if another group of patients are examined. Sometimes, no information on frequency is available. In these cases, the sign or symptom may be rare or common.","Microcephaly Deafness Syndrome (also less commonly known as MCD) is a rare genetic disorder. It's characterized by several physical and neurological features, which typically include microcephaly (a significantly small head size due to abnormal brain development), sensorineural deafness, intellectual disability or learning difficulties, seizures such as epilepsy that usually begins in early childhood. Other symptoms may involve distinctive facial characteristics, eye problems like strabismus and nystagmus (involuntary eye movements), vision impairment including reduced visual acuity and squinting or crossed eyes due to misalignment of the muscles around the eyes that control their movement. Some individuals might also have abnormalities in skeletal development, such as a prominent forehead with bossed skull (brachycephaly), short stature, spinal curvature issues like scoliosis or kyphosis and joint hypermobility indicating loose joints that may dislocate easily.

It's important to remember these symptoms can vary in severity among individuals with the syndrome, as well as between different families"
What are the symptoms of Sakati syndrome ?,"What are the signs and symptoms of Sakati syndrome? The Human Phenotype Ontology provides the following list of signs and symptoms for Sakati syndrome. If the information is available, the table below includes how often the symptom is seen in people with this condition. You can use the MedlinePlus Medical Dictionary to look up the definitions for these medical terms. Signs and Symptoms Approximate number of patients (when available) Abnormal cortical bone morphology 90% Abnormality of the metaphyses 90% Hernia of the abdominal wall 90% Hyperextensible skin 90% Joint hypermobility 90% Macrotia 90% Recurrent fractures 90% Reduced bone mineral density 90% Short stature 90% Synophrys 90% Abnormality of the pinna - Autosomal dominant inheritance - Broad hallux - Broad thumb - Craniosynostosis - Dental crowding - Hypertelorism - Hypoplasia of the maxilla - Lower limb undergrowth - Low-set ears - Malar flattening - Mandibular prognathia - Oxycephaly - Preaxial hand polydactyly - Shallow orbits - Short neck - Small face - Syndactyly - The Human Phenotype Ontology (HPO) has collected information on how often a sign or symptom occurs in a condition. Much of this information comes from Orphanet, a European rare disease database. The frequency of a sign or symptom is usually listed as a rough estimate of the percentage of patients who have that feature. The frequency may also be listed as a fraction. The first number of the fraction is how many people had the symptom, and the second number is the total number of people who were examined in one study. For example, a frequency of 25/25 means that in a study of 25 people all patients were found to have that symptom. Because these frequencies are based on a specific study, the fractions may be different if another group of patients are examined. Sometimes, no information on frequency is available. In these cases, the sign or symptom may be rare or common.","Sakati syndrome, also known as Mucopolysaccharidosis type I Sanfilippo B (MPSI-B), is a rare genetic disorder. Symptoms typically manifest in early childhood and primarily affect the central nervous system due to an enzyme deficiency leading to progressive neurological deterioration, particularly impacting cognitive development. The symptoms can vary among individuals but often include:

- Developmental delay or intellectual disability that becomes noticeable within months of birth and worsens over time. 
- Hyperactivity which may interfere with social interactions as well as learning processes.
- Uncontrolled movements, such as myoclonic jerks in the arms, legs, neck or face areas (choreoathetoid movements). These can also be seen during sleep and are not necessarily related to discomfort for the patient but may cause distress due to their intensity. 
- Speech impairments ranging from mild difficulties with word recall to severe muteness as a result of neurological damage caused by the disease progression over time. In some cases, children might develop an echolalia stage where"
What are the symptoms of Heart Murmur ?,"People who have innocent (harmless) heart murmurs don't have any signs or symptoms other than the murmur itself. This is because innocent heart murmurs aren't caused by heart problems.
                
People who have abnormal heart murmurs may have signs or symptoms of the heart problems causing the murmurs. These signs and symptoms may include:
                
Poor eating and failure to grow normally (in infants)
                
Shortness of breath, which may occur only with physical exertion
                
Excessive sweating with minimal or no exertion
                
Chest pain
                
Dizziness or fainting
                
A bluish color on the skin, especially on the fingertips and lips
                
Chronic cough
                
Swelling or sudden weight gain
                
Enlarged liver
                
Enlarged neck veins
                
Signs and symptoms depend on the problem causing the heart murmur and its severity.","A heart murmur is a sound made by turbulent blood in or near the heart, which can be heard with a stethoscope. While some heart murmurs may not cause any harm and could go unnoticed (called ""innocent"" or physiological murmurs), others indicate an underlying heart problem that requires medical attention. Common symptoms of pathologic heart murmurs include:

1. Heartbeat abnormalities – An irregular, fast, slow, skipped beats, or a sensation of the heart racing (palpitations) may result from a turbulent blood flow associated with an underlying cardiac condition that produces a noise when listening to your heart. 
2. Shortness of breath - This can happen if there is fluid buildup around the lungs due to backward pressure caused by abnormal blood circulation, as in cases like mitral valve regurgitation or ventricular septal defects that create pathologic murmurs. In such conditions, exertion and lying down may aggrade breathlessness since they increase venous return towards the heart, resulting in more turbulent flow over time which can lead to increased sounds of a murmur."
How many people are affected by monilethrix ?,The prevalence of monilethrix is unknown.,"Monilethrix, also known as ""beaded hair"" or ""papillon disease,"" is a rare genetic disorder affecting the structure of keratinocytes in the outer layer of skin (the epidermis). This condition leads to fragile and easily broken hairs that can appear beaded.

As for how many people are currently affected by monilethrix, it's difficult to get precise numbers due to underdiagnosis or misdiagnosis in some cases; however, the disorder is considered quite rare worldwide with an estimated incidence of approximately 1 in every 250,00degrees C.
B-cell deficiency and functional antibody loss can be observed without significant inflammation being present initially. The exact pathogenesis involves a combination of genetic predisposition (inherited as an autosomal dominant trait) along with environmental factors that disrupt proper hair shaft development, such as exposure to UV radiation or harsh chemical treatments like perming and straightening agents.

Here are some key steps and mechanisms in monilethrix pathogenesis:
1. Mutation impact on keratin genes"
What are the symptoms of Angina ?,"Pain and discomfort are the main symptoms of angina. Angina often is described as pressure, squeezing, burning, or tightness in the chest. The pain or discomfort usually starts behind the breastbone.
                
Pain from angina also can occur in the arms, shoulders, neck, jaw, throat, or back. The pain may feel like indigestion. Some people say that angina pain is hard to describe or that they can't tell exactly where the pain is coming from.
                
Signs and symptoms such as nausea (feeling sick to your stomach), fatigue (tiredness), shortness of breath, sweating, light-headedness, and weakness also may occur.
                
Women are more likely to feel discomfort in the neck, jaw, throat, abdomen, or back. Shortness of breath is more common in older people and those who have diabetes. Weakness, dizziness, and confusion can mask the signs and symptoms of angina in elderly people.
                
Symptoms also vary based on the type of angina you have.
                
Because angina has so many possible symptoms and causes, all chest pain should be checked by a doctor. Chest pain that lasts longer than a few minutes and isn't relieved by rest or angina medicine may be a sign of a heart attack. Call 911 right away.
                
Stable Angina
                
The pain or discomfort:
                
Occurs when the heart must work harder, usually during physical exertion
                
Doesn't come as a surprise, and episodes of pain tend to be alike
                
Usually lasts a short time (5 minutes or less)
                
Is relieved by rest or medicine
                
May feel like gas or indigestion
                
May feel like chest pain that spreads to the arms, back, or other areas
                
Unstable Angina
                
The pain or discomfort:
                
Often occurs at rest, while sleeping at night, or with little physical exertion
                
Comes as a surprise
                
Is more severe and lasts longer than stable angina (as long as 30 minutes)
                
Usually isnt relieved by rest or medicine
                
May get worse over time
                
May mean that a heart attack will happen soon
                
Variant Angina
                
The pain or discomfort:
                
Usually occurs at rest and during the night or early morning hours
                
Tends to be severe
                
Is relieved by medicine
                
Microvascular Angina
                
The pain or discomfort:
                
May be more severe and last longer than other types of angina pain
                
May occur with shortness of breath, sleep problems, fatigue, and lack of energy
                
Often is first noticed during routine daily activities and times of mental stress","Angina, also known as angina pectoris, is a type of chest pain or discomfort that occurs when your heart muscle doesn't get enough oxygen-rich blood. It can feel like pressure, squeezing, heaviness, tightness or pain in the chest and sometimes even spreads to the neck, jaw, shoulder, arms (especially if it’s left side) or back. The discomfort typically comes on with physical exertion or emotional stress but can also be triggered by a prolonged period of fasting — like sleeping overnight without eating first thing in the morning. It is often relieved within minutes and may last just as long, especially if you stop what you're doing to rest for about five minutes; however, it shouldn't persist more than 15-20 minutes after stopping any strenuous activity because of which this type of angina can sometimes be mistaken for indigestion or heartburn. Angina symptoms are often described as 'squeezing', pressure ('like an elephant sitting on the chest') pain, and tightness that may radiate to your neck, jaw, shoulder, arms (es"
What are the treatments for Dentinogenesis imperfecta ?,"How might dentinogenesis imperfecta be treated? The aims of treatment are to remove sources of infection or pain, restore aesthetics and protect posterior teeth from wear. Treatment varies according to the age of the patient, severity of the problem and the presenting complaint. Crowns, caps or other forms of dental care are the most commonly used treatments. Dentures or dental implants may be necessary if the majority of teeth are lost. More detailed information regarding the treatment of dentinogenesis imperfecta can be found by visiting the following web links: https://www.dentistry.unc.edu/dentalprofessionals/resources/defects/di/ http://www.ojrd.com/content/3/1/31","Dentinogenesis Imperfecta, a genetic disorder affecting tooth development and leading to translucent or opalescent teeth with abnormal structure, has no cure. However, various treatment options help manage its symptoms:
- Dental care is essential for managing the condition long term. These treatments typically include regular dental checkups at least twice a year to monitor any changes in your child's oral health and address them early on before they worsen into more significant problems like cavities, root damage fractures etc.
- Dental bonding procedures can be used for cosmetic purposes if the teeth are discolored due to the disease. The treatment involves applying a resin material that matches your child's natural teeth color and then hardening it with UV light or lasers inside of their mouth, providing an improvement in appearance while protecting weakened enamel from further damage caused by acidic foods & drinks, which are known triggers for dental sensitivity.
- Crowns can be fitted onto affected teeth to provide additional support and strengthens the structure since they only cover about half of each surface area on these abnormal teeth making them appear larger than normal but more"
How to diagnose Childhood Central Nervous System Germ Cell Tumors ?,"Imaging studies and tests are used to detect (find) and diagnose childhood CNS germ cell tumors. The following tests and procedures may be used:         -   Physical exam and history : An exam of the body to check general signs of health, including checking for signs of disease, such as lumps or anything else that seems unusual. A history of the patient's health habits and past illnesses and treatments will also be taken.     -   Neurological exam : A series of questions and tests to check the brain, spinal cord, and nerve function. The exam checks a persons mental status, coordination, and ability to walk normally, and how well the muscles, senses, and reflexes work. This may also be called a neuro exam or a neurologic exam.    -  Visual field exam: An exam to check a persons field of vision (the total area in which objects can be seen). This test measures both central vision (how much a person can see when looking straight ahead) and peripheral vision (how much a person can see in all other directions while staring straight ahead). The eyes are tested one at a time. The eye not being tested is covered.    -   MRI (magnetic resonance imaging) with gadolinium : A procedure that uses a magnet, radio waves, and a computer to make a series of detailed pictures of areas inside the brain and spinal cord. A substance called gadolinium is injected into a vein. The gadolinium collects around the cancer cells so they show up brighter in the picture. This procedure is also called nuclear magnetic resonance imaging (NMRI).     -   Lumbar puncture : A procedure used to collect cerebrospinal fluid (CSF) from the spinal column. This is done by placing a needle between two bones in the spine and into the CSF around the spinal cord and removing a sample of the fluid. The sample of CSF is checked under a microscope for signs of tumor cells. The sample may also be checked for the amounts of protein and glucose. A higher than normal amount of protein or lower than normal amount of glucose may be a sign of a tumor. This procedure is also called an LP or spinal tap.    -   Tumor marker tests : A procedure in which a sample of blood or cerebrospinal fluid (CSF) is checked to measure the amounts of certain substances released into the blood and CSF by organs, tissues, or tumor cells in the body. Certain substances are linked to specific types of cancer when found in increased levels in the blood. These are called tumor markers. The following tumor markers are used to diagnose some CNS germ cell tumors:               -  Alpha-fetoprotein (AFP).      -  Beta-human chorionic gonadotropin (-hCG).              -   Blood chemistry studies : A procedure in which a blood sample is checked to measure the amounts of certain substances released into the blood by organs and tissues in the body. An unusual (higher- or lower-than-normal) amount of a substance can be a sign of disease.    -  Blood hormone studies: A procedure in which a blood sample is checked to measure the amounts of certain hormones released into the blood by organs and tissues in the body. An unusual (higher- or lower-than-normal) amount of a substance can be a sign of disease in the organ or tissue that makes it. The blood will be checked for the levels of hormones made by the pituitary gland and other glands.
                    A biopsy may be done to be sure of the diagnosis of CNS germ cell tumor. If doctors think your child may have a CNS germ cell tumor, a biopsy may be done. For brain tumors, the biopsy is done by removing part of the skull and using a needle to remove a sample of tissue. Sometimes, a needle guided by a computer is used to remove the tissue sample. A pathologist views the tissue under a microscope to look for cancer cells. If cancer cells are found, the doctor may remove as much tumor as safely possible during the same surgery. The piece of skull is usually put back in place after the procedure.    Sometimes the diagnosis can be made based on the results of imaging and tumor marker tests and a biopsy is not needed.     The following test may be done on the sample of tissue that is removed:         -   Immunohistochemistry : A test that uses antibodies to check for certain antigens in a sample of tissue. The antibody is usually linked to a radioactive substance or a dye that causes the tissue to light up under a microscope. This type of test may be used to tell the difference between different types of brain tumors.","Diagnosing childhood central nervous system (CNS) germ cell tumors typically involves a combination of clinical evaluation, imaging studies, and laboratory testing. Here is an outline that medical professionals often follow:

1. **Patient History & Symptoms**: The process begins with gathering detailed information about the patient's history (including any family cancer history), developmental milestener, exposure to harmful substances or radiation and signs such as headaches, nausea, vision problems, balance issues etc.
   - These symptoms are not specific but can provide clues for a potential CNS germ cell tumor diagnosis. 
   
2. **Physical Examination**: A thorough physical exam is performed to identify any visible or palpable masses and assess the patient's neurological status that may be impacted by nervous system involvement, like changes in cognition, strength, sensation etc.
   - Some healthcare facilities also perform a head MRI with contrast (gadolinium) during this step to look for any mass lesions directly on the brain or spinal cord and detect if they are enhancing which could suggest malign"
Is Aicardi-Goutieres syndrome inherited ?,"Aicardi-Goutieres syndrome can have different inheritance patterns. In most cases it is inherited in an autosomal recessive pattern, which means both copies of the gene in each cell have mutations. The parents of an individual with an autosomal recessive condition each carry one copy of the mutated gene, but they typically do not show signs and symptoms of the condition.  Rarely, this condition is inherited in an autosomal dominant pattern, which means one copy of the altered gene in each cell is sufficient to cause the disorder. These cases result from new mutations in the gene and occur in people with no history of the disorder in their family.","Aicardi-Goutieres Syndrome (AGS) is typically not inherited in a straightforward manner, but it can have genetic components that vary depending on the subtype. The most common form of AGS, which usually begins before age two and progressively worsens over time, often does not follow an autosomal dominant inheritance pattern where only one copy of a mutated gene is sufficient for causing the disorder (as seen in some cases).

AGS Type 1 generally doesn't have identified genetic causes; it appears to be sporadic and likely triggered by external factors such as viral or bacterial infections. However, there can sometimes be a familial history that suggests an underlying susceptibility even when no direct mutation is found – this has led researchers to hypothesize about possible genetic predispositions not yet fully understood and identified within the affected family members' genomes (i.e., it could affect multiple unrelated kinship lines).

AGS Type 2, on the other hand, can be inherited in an autosomal dominant pattern if caused by mutations in either of two specific genes: RNase MRP1 or D"
What are the symptoms of Insulin Resistance and Prediabetes ?,"Insulin resistance and prediabetes usually have no symptoms. People may have one or both conditions for several years without knowing they have them. Even without symptoms, health care providers can identify people at high risk by their physical characteristics, also known as risk factors. The section ""Who should be tested for prediabetes?"" lists these risk factors.
                
People with a severe form of insulin resistance may have dark patches of skin, usually on the back of the neck. Sometimes people have a dark ring around their neck. Dark patches may also appear on elbows, knees, knuckles, and armpits. This condition is called acanthosis nigricans.","Insulin resistance is a condition in which cells do not respond properly to insulin, resulting in higher blood sugar levels as glucose cannot be efficiently absorbed by the body. Symptoms can include fatigue, frequent urination (especially at night), increased hunger and thirst, blurred vision due to damage of retinal vessels caused by prolonged high blood sugar, slow healing or recurring infections on feet and skin, darkened areas under the skin known as acanthosis nigricans that are often seen around neckline.

Prediabetes is a condition characterized by higher than normal blood sugar levels but not to the extent of diabetes diagnosis yet; insulin resistance might also be present in its early stages and if left untreated, it can progress into Type 2 Diabetes Mellitthy. Symptoms are often subtle or entirely absent as they don't always align with those seen in full-blown diabetes but may include frequent urination (especially at night), increased hunger and thirst due to the body struggling to regulate blood sugar levels, fatigue because of consistently high glucose."
How to prevent Prostate Cancer ?,"Key Points
                    - Avoiding risk factors and increasing protective factors may help prevent cancer.    - The following risk factors may increase the risk of prostate cancer:         - Age      - Family history of prostate cancer      - Race      - Hormones     - Vitamin E     - Folic acid     - Dairy and calcium        - The following protective factors may decrease the risk of prostate cancer:         - Folate     - Finasteride and Dutasteride        - The following have been proven not to affect the risk of prostate cancer, or their effects on prostate cancer risk are not known:         -  Selenium and vitamin E     - Diet     - Multivitamins     - Lycopene        - Cancer prevention clinical trials are used to study ways to prevent cancer.    -  New ways to prevent prostate cancer are being studied in clinical trials.
                
                
                    Avoiding risk factors and increasing protective factors may help prevent cancer.
                    Avoiding cancer risk factors may help prevent certain cancers. Risk factors include smoking, being overweight, and not getting enough exercise. Increasing protective factors such as quitting smoking and exercising may also help prevent some cancers. Talk to your doctor or other health care professional about how you might lower your risk of cancer.
                
                
                    The following risk factors may increase the risk of prostate cancer:
                    Age      Prostate cancer is rare in men younger than 50 years of age. The chance of developing prostate cancer increases as men get older.       Family history of prostate cancer     A man whose father, brother, or son has had prostate cancer has a higher-than-average risk of prostate cancer.       Race     Prostate cancer occurs more often in African-American men than in white men. African-American men with prostate cancer are more likely to die from the disease than white men with prostate cancer.       Hormones    The prostate needs male hormones to work the way it should. The main male sex hormone is testosterone. Testosterone helps the body develop and maintain male sex characteristics.    Testosterone is changed into dihydrotestosterone (DHT) by an enzyme in the body. DHT is important for normal prostate growth but can also cause the prostate to get bigger and may play a part in the development of prostate cancer.       Vitamin E    The Selenium and Vitamin E Cancer Prevention Trial (SELECT) found that vitamin E taken alone increased the risk of prostate cancer. The risk continued even after the men stopped taking vitamin E.       Folic acid    Folate is a kind of vitamin B that occurs naturally in some foods, such as green vegetables, beans and orange juice. Folic acid is a man-made form of folate that is found in vitamin supplements and fortified foods, such as whole-grain breads and cereals. A 10-year study showed that the risk of prostate cancer was increased in men who took 1 milligram (mg) supplements of folic acid. However, the risk of prostate cancer was lower in men who had enough folate in their diets.       Dairy and calcium    A diet high in dairy foods and calcium may cause a small increase in the risk of prostate cancer.
                
                
                    The following protective factors may decrease the risk of prostate cancer:
                    Folate    Folate is a kind of vitamin B that occurs naturally in some foods, such as green vegetables, beans and orange juice. Folic acid is a man-made form of folate that is found in vitamin supplements and fortified foods, such as whole-grain breads and cereals. A 10-year study showed that the risk of prostate cancer was lower in men who had enough folate in their diets. However, the risk of prostate cancer was increased in men who took 1 milligram (mg) supplements of folic acid.       Finasteride and Dutasteride     Finasteride and dutasteride are drugs used to lower the amount of male sex hormones made by the body. These drugs block the enzyme that changes testosterone into dihydrotestosterone (DHT). Higher than normal levels of DHT may play a part in developing prostate cancer. Taking finasteride or dutasteride has been shown to lower the risk for prostate cancer, but it is not known if these drugs lower the risk of death from prostate cancer.    The Prostate Cancer Prevention Trial (PCPT) studied whether the drug finasteride can prevent prostate cancer in healthy men 55 years of age and older. This prevention study showed there were fewer prostate cancers in the group of men that took finasteride compared with the group of men that did not. Also, the men who took finasteride who did have prostate cancer had more aggressive tumors. The number of deaths from prostate cancer was the same in both groups. Men who took finasteride reported more side effects compared with the group of men that did not, including erectile dysfunction, loss of desire for sex, and enlarged breasts.    The Reduction by Dutasteride of Prostate Cancer Events Trial (REDUCE) studied whether the drug dutasteride can prevent prostate cancer in men aged 50 to 75 years at higher risk for the disease. This prevention study showed there were fewer prostate cancers in the group of men who took dutasteride compared with the group of men that did not. The number of less aggressive prostate cancers was lower, but the number of more aggressive prostate cancers was not. Men who took dutasteride reported more side effects than men who did not, including erectile dysfunction, loss of desire for sex, less semen, and gynecomastia (enlarged breasts).
                
                
                    The following have been proven not to affect the risk of prostate cancer, or their effects on prostate cancer risk are not known:
                    Selenium and vitamin E    The Selenium and Vitamin E Cancer Prevention Trial (SELECT) studied whether taking vitamin E and selenium (a mineral) will prevent prostate cancer. The selenium and vitamin E were taken separately or together by healthy men 55 years of age and older (50 years of age and older for African-American men). The study showed that taking selenium alone or selenium and vitamin E together did not decrease the risk of prostate cancer.       Diet    It is not known if decreasing fat or increasing fruits and vegetables in the diet helps decrease the risk of prostate cancer or death from prostate cancer. In the PCPT trial, certain fatty acids increased the risk of high-grade prostate cancer while others decreased the risk of high-grade prostate cancer.       Multivitamins    Regular use of multivitamins has not been proven to increase the risk of early or localized prostate cancer. However, a large study showed an increased risk of advanced prostate cancer among men who took multivitamins more than seven times a week.       Lycopene    Some studies have shown that a diet high in lycopene may be linked to a decreased risk of prostate cancer, but other studies have not. It has not been proven that taking lycopene supplements decreases the risk of prostate cancer.
                
                
                    Cancer prevention clinical trials are used to study ways to prevent cancer.
                    Cancer prevention clinical trials are used to study ways to lower the risk of developing certain types of cancer. Some cancer prevention trials are conducted with healthy people who have not had cancer but who have an increased risk for cancer. Other prevention trials are conducted with people who have had cancer and are trying to prevent another cancer of the same type or to lower their chance of developing a new type of cancer. Other trials are done with healthy volunteers who are not known to have any risk factors for cancer.    The purpose of some cancer prevention clinical trials is to find out whether actions people take can prevent cancer. These may include eating fruits and vegetables, exercising, quitting smoking, or taking certain medicines, vitamins, minerals, or food supplements.
                
                
                    New ways to prevent prostate cancer are being studied in clinical trials.
                    Clinical trials are taking place in many parts of the country. Information about clinical trials can be found in the Clinical Trials section of the NCI website. Check NCI's list of cancer clinical trials for prostate cancer prevention trials that are accepting patients.","Preventing prostate cancer primarily involves a healthy lifestyle and regular medical check-ups, as there's no sure way of completely avoiding it given the potential genetic or hormonal factors. Here are some strategies that could potentially reduce risk:

1. Dietary Changes - Eat more fruits, vegetables (especially cruciferous ones like broccoli), fatty fish and limit red meat consumption especially processed meats as studies suggest a link between high intake of these foods with higher prostate cancer risks. 

2. Regular Exerciser - Physical activity can help maintain healthy body weight which is associated with lower risk, aim for at least 150 minutes per week or about 30 mins daily on most days throughout the week of moderate to vigorous exercise like jogging, swimming etc.

3. Maintain a Healthy Weight - Obesity has been linked to an increased risk in developing prostate cancer so maintaining weight within recommended ranges is advisable. 

4. Avoid Tobacco and Limit Alcohol Consumption – Both have potential links with prostate issues, including hormonal"
What is (are) spinal muscular atrophy with respiratory distress type 1 ?,"Spinal muscular atrophy with respiratory distress type 1 (SMARD1) is an inherited condition that causes muscle weakness and respiratory failure typically beginning in infancy. Early features of this condition are difficult and noisy breathing, especially when inhaling; a weak cry; problems feeding; and recurrent episodes of pneumonia. Typically between the ages of 6 weeks and 6 months, infants with this condition will experience a sudden inability to breathe due to paralysis of the muscle that separates the abdomen from the chest cavity (the diaphragm). Normally, the diaphragm contracts and moves downward during inhalation to allow the lungs to expand. With diaphragm paralysis, affected individuals require life-long support with a machine to help them breathe (mechanical ventilation). Rarely, children with SMARD1 develop signs or symptoms of the disorder later in childhood.  Soon after respiratory failure occurs, individuals with SMARD1 develop muscle weakness in their distal muscles. These are the muscles farther from the center of the body, such as muscles in the hands and feet. The weakness soon spreads to all muscles; however, within 2 years, the muscle weakness typically stops getting worse. Some individuals may retain a low level of muscle function, while others lose all ability to move their muscles. Muscle weakness severely impairs motor development, such as sitting, standing, and walking. Some affected children develop an abnormal side-to-side and back-to-front curvature of the spine (scoliosis and kyphosis, often called kyphoscoliosis when they occur together). After approximately the first year of life, individuals with SMARD1 may lose their deep tendon reflexes, such as the reflex being tested when a doctor taps the knee with a hammer.  Other features of SMARD1 can include reduced pain sensitivity, excessive sweating (hyperhidrosis), loss of bladder and bowel control, and an irregular heartbeat (arrhythmia).","Spinal Muscular Atrophy (SMA) with Respiratory Distress Type 1, also known as Werdnig-Hoffmann disease or infantile-onset SMA, is the most severe form of this genetic disorder. It affects infants and young children before birth through two years old.

This type of SMA arises due to mutations in both copies of the survival motor neuron 1 (SMN1) gene responsible for producing a protein essential for nerve cells called SMN. The absence or insufficient levels of this crucial protein primarily affects lower limbs but can also impact upper body muscles, including those involved with walking and breathing.

Respiratory difficulties are common in type I SMA because the disease severely weakens respiratory muscles early on. In some cases, children may require ventilator support to survive due to progressively worsening respiratory issues as they grow older. These infants also face a higher risk of aspiration pneumonia and have trouble feeding themselves effectively since the disease significantly weakens their ability to chew and swallow food without assistance.

Unfortunately, there is no"
Is myoclonic epilepsy with ragged-red fibers inherited ?,"MERRF is inherited in a mitochondrial pattern, which is also known as maternal inheritance. This pattern of inheritance applies to genes contained in mtDNA. Because egg cells, but not sperm cells, contribute mitochondria to the developing embryo, children can only inherit disorders resulting from mtDNA mutations from their mother. These disorders can appear in every generation of a family and can affect both males and females, but fathers do not pass traits associated with changes in mtDNA to their children.  In most cases, people with MERRF inherit an altered mitochondrial gene from their mother, who may or may not show symptoms of the disorder. Less commonly, the disorder results from a new mutation in a mitochondrial gene and occurs in people with no family history of MERRF.","Yes, your question is a relevant one. The condition you're referring to sounds like Muckle-MacTavish Myopathy (MMM), which involves muscle weakness and myalgia along with features such as red ragged fibers on muscle biopsy. This disease has an autosomal recessive inheritance pattern, meaning that both parents must either be carriers or affected to have a high risk of passing the condition onto their offspring. However, it'de novo variants (mutations in genes not inherited from parents) can occur too. Therefore, while your muscle weakness and red ragged fibers might suggest Muckle-MacTavish Myopathy or a similar disorder with autosomal recessive inheritance, it would be necessary to conduct diagnostic tests for accurate determination of the genetic cause in each individual case. Genetic testing can determine if there's an inherited mutation and even identify specific gene variants that may contribute to disease development."
What is (are) MYH-associated polyposis ?,"MYH-associated polyposis is an inherited condition characterized by the development of multiple adenomatous colon polyps and an increased risk of colorectal cancer. This condition, a milder form of familial adenomatous polyposis (FAP), is sometimes called autosomal recessive familial adenomatous polyposis because it is inherited in an autosomal recessive manner. People with this condition have fewer polyps than those with the classic type of FAP; fewer than 100 polyps typically develop, rather than hundreds or thousands. They may also be at increased risk for upper gastrointestinal polyps. MYH-associated polyposis is caused by mutations in the MYH gene.","MYH-Associated Polyposis, also known as Attger's syndrome or Gardzinski–Gilchrist disease, refers to a group of disorders characterized by the development of multiple adenomatous and hyperplastic gastric polyps. These polyp formations are typically benign but have an increased risk for malignant transformation into cancer. The prevalence is quite low in most populations; however, it's more common among certain ethnic groups such as Ashkenazi Jews or Mizrahim (Jewish South Asians).
 
MYH-associated polyposis can be caused by biallelic mutations of the ATM gene which results from a mismatch repair deficiency. Biallelic means that both copies in each cell have inherited altered genes, making it an autosomal recessive disorder – meaning you need two non-working copies to develop symptoms or complications associated with this disease. When mutated ATM is not working properly due to these biallelic changes, DNA damage cannot be effectively repaired which results in the abnormal growth of cells and tumor formation including cancerous polyps in various"
What is (are) methylmalonic acidemia with homocystinuria ?,"Methylmalonic acidemia with homocystinuria is an inherited disorder in which the body is unable to properly process protein building blocks (amino acids), certain fats (lipids), and a waxy fat-like substance called cholesterol. Individuals with this disorder have a combination of features from two separate conditions, methylmalonic acidemia and homocystinuria. The signs and symptoms of the combined condition, methylmalonic acidemia with homocystinuria, usually develop in infancy, although they can begin at any age.  When the condition begins early in life, affected individuals typically have an inability to grow and gain weight at the expected rate (failure to thrive), which is sometimes recognized before birth (intrauterine growth retardation). These infants can also have difficulty feeding and an abnormally pale appearance (pallor). Neurological problems are also common in methylmalonic acidemia with homocystinuria, including weak muscle tone (hypotonia) and seizures. Most infants and children with this condition have an unusually small head size (microcephaly), delayed development, and intellectual disability. Less common features of the condition include eye problems and a blood disorder called megaloblastic anemia. Megaloblastic anemia occurs when a person has a low number of red blood cells (anemia), and the remaining red blood cells are larger than normal (megaloblastic). The signs and symptoms of methylmalonic acidemia with homocystinuria worsen over time, and the condition can be life-threatening if not treated.  When methylmalonic acidemia with homocystinuria begins in adolescence or adulthood, the signs and symptoms usually include psychiatric changes and cognitive problems. Affected individuals can exhibit changes in their behavior and personality; they may become less social and may experience hallucinations, delirium, and psychosis. In addition, these individuals can begin to lose previously acquired mental and movement abilities, resulting in a decline in school or work performance, difficulty controlling movements, memory problems, speech difficulties, a decline in intellectual function (dementia), or an extreme lack of energy (lethargy). Some people with methylmalonic acidemia with homocystinuria whose signs and symptoms begin later in life develop a condition called subacute combined degeneration of the spinal cord, which leads to numbness and weakness in the lower limbs, difficulty walking, and frequent falls.","Methylmalonic Acidemia and Homocystinuria are both rare, genetic disorders that affect the metabolism of certain substances in the body. They share some similar clinical features due to their impact on amino acid metabolism but have distinct biochemical pathways and management strategies:

1. Methylmalonic Acidemia (MMA), also known as methylmalonic acidemia, is an inherited disorder caused by mutations in the ACDC or MMADHC genes that lead to deficiendecy of either adenosylcocarboxylase/decamethylene tetrahydrofolate amidohydrolase (ACDC) enzyme, which helps convert propionyl-CoA into methylmalonyl-CoA. This results in the accumulation of toxic levels of organic acids, including methylmalonic acid and its derivatives due to impaired breakdown reactions within mitochondria. Symptoms can include developmental delay, hypotonia (low muscle tone), feeding difficulties, seizures, coma or even death"
Is 3-beta-hydroxysteroid dehydrogenase deficiency inherited ?,"This condition is inherited in an autosomal recessive pattern, which means both copies of the gene in each cell have mutations. The parents of an individual with an autosomal recessive condition each carry one copy of the mutated gene, but they typically do not show signs and symptoms of the condition.","Yes, 3β-HSD (3β-Hydroxy steroid dehydrogenase) deficiency is indeed an autosomal recessive disorder. This means that a person must inherit two copies of the altered gene (one from each parent), in order to develop symptoms and signs characteristic to this condition. Parents, who are carriers for 3β-HSD enzyme deficiency often do not show any clinical manifestations because they only have one copy of mutated allele which does not cause disease but can still potentially pass the genetic variant onto their offspring."
What is (are) Porphyria ?,"Heme is a red pigment composed of iron linked to a chemical called protoporphyrin. Heme has important functions in the body. The largest amounts of heme are in the form of hemoglobin, found in red blood cells and bone marrow. Hemoglobin carries oxygen from the lungs to all parts of the body. In the liver, heme is a component of proteins that break down hormones, medications, and other chemicals and keep liver cells functioning normally. Heme is an important part of nearly every cell in the body.","Porphyria refers to a group of disorders that arise from problems in the production of heme, an essential component for various biochemical processes within our body. Heme synthesis involves several enzymes and occurs primarily in the liver and bone marrow. When there is a deficiency or malfunction in one of these enzymes due to genetic mutations, it can lead to the accumulation of porphyrins (intermediates) within cells, leading to various health issues.

There are several types of acute and chronic Porphyria: Acute intermittent Porphyria, Hereditary Telangiectasia, Variegate Porphyria, and Congenital Erythropoietic Porphyria among others. The most common type is the Acute Intermittent Porphyria which primarily affects individuals of African or Mediterranean descent due to a deficiency in one specific enzyme called porphobilinogen deaminase (PBG-synthase).

Symptoms vary depending on the severity and type, but they often include abdominal pain, vomiting, seizures,"
What is (are) warfarin resistance ?,"Warfarin resistance is a condition in which individuals have a high tolerance for the drug warfarin. Warfarin is an anticoagulant, which means that it thins the blood, preventing blood clots from forming. Warfarin is often prescribed to prevent blood clots in people with heart valve disease who have replacement heart valves, people with an irregular heart beat (atrial fibrillation), or those with a history of heart attack, stroke, or a prior blood clot in the deep veins of the arms or legs (deep vein thrombosis).  There are two types of warfarin resistance: incomplete and complete. Those with incomplete warfarin resistance can achieve the benefits of warfarin treatment with a high dose of warfarin. Individuals with complete warfarin resistance do not respond to warfarin treatment, no matter how high the dose. If people with warfarin resistance require treatment with warfarin and take the average dose, they will remain at risk of developing a potentially harmful blood clot.  Both types of warfarin resistance are related to how the body processes warfarin. In some people with warfarin resistance, their blood clotting process does not react effectively to the drug. Others with this resistance rapidly break down (metabolize) warfarin, so the medication is quickly processed by their bodies; these individuals are classified as ""fast metabolizers"" or ""rapid metabolizers"" of warfarin. The severity of these abnormal processes determines whether the warfarin resistance is complete or incomplete.  Warfarin resistance does not appear to cause any health problems other than those associated with warfarin drug treatment.","Warfarin resistance refers to the phenomenon where certain individuals do not respond typically expected clinical response or experience reduced anticoagulant effect when treated with warfarin, a commonly used oral anticoagulant medication. This can result in suboptimal therapeutic outcomes and an increased risk of adverse events such as bleeding complications or recurrent venous thromboembolism (VTE). The mechanisms behind this resistance are multifactorial, involving genetic variations that affect drug metabolism, distribution, target protein interaction, and response pathways.

Some known factors contributing to warfarin resistance include:

1. Genetic polymorphisms in the cytochrome P450 (CYP) enzyme system responsible for hepatic C-21 hydroxylase activity of S-warfarin, which is essential for its anticoagulant effect. Patients carrying specific allelic variants (such as CYP2C9*2 and *3 or VKORC1) may require higher doses to achieve the desired therapeutic effect due to increased rates of drug metabolism.

2"
What are the genetic changes related to dentinogenesis imperfecta ?,"Mutations in the DSPP gene have been identified in people with dentinogenesis imperfecta type II and type III. Mutations in this gene are also responsible for dentin dysplasia type II. Dentinogenesis imperfecta type I occurs as part of osteogenesis imperfecta, which is caused by mutations in one of several other genes (most often the COL1A1 or COL1A2 genes).  The DSPP gene provides instructions for making two proteins that are essential for normal tooth development. These proteins are involved in the formation of dentin, which is a bone-like substance that makes up the protective middle layer of each tooth. DSPP gene mutations alter the proteins made from the gene, leading to the production of abnormally soft dentin. Teeth with defective dentin are discolored, weak, and more likely to decay and break. It is unclear whether DSPP gene mutations are related to the hearing loss found in a few older individuals with dentinogenesis imperfecta type II.","Dentinogenesis Imperfecta (DI) is a rare genetic disorder that primarily affects the development of teeth. DI can cause individual teeth to become translucent or opaque and change color, leading them often to be visibly weaker than normal dentin resulting in significant structural distortion within these affected individuals’ mouths. The condition also causes an increased susceptibility towards rapid wear down due to abrasive forces from chewing food causing the teeth surface become roughened easily which could lead eventually to loss of individual teeth prematurely if not treated properly and timely by a dental professional or specialist in pediatric dentistry.

The genetic changes associated with Dentinogenesis Imperfecta primarily involve mutations within one gene, specifically the type XVIII collagen encoding gelsolin protein (also known as EMA/EDA domain). These alterations result from autosomal dominant inheritance patterns and can occur spontaneously or inherited. The most common form of DI is linked to mutations in the DSPP(encoding dentin sialophosphoprotein) gene, located on chromosome 4p16-q21 due its role as a crucial element"
What are the symptoms of 18 Hydroxylase deficiency ?,"What are the signs and symptoms of 18 Hydroxylase deficiency? The Human Phenotype Ontology provides the following list of signs and symptoms for 18 Hydroxylase deficiency. If the information is available, the table below includes how often the symptom is seen in people with this condition. You can use the MedlinePlus Medical Dictionary to look up the definitions for these medical terms. Signs and Symptoms Approximate number of patients (when available) Autosomal recessive inheritance - Decreased circulating aldosterone level - Dehydration - Episodic fever - Failure to thrive - Feeding difficulties in infancy - Growth delay - Hyperkalemia - Hyponatremia - Hypotension - Increased circulating renin level - Neonatal onset - Renal salt wasting - Vomiting - The Human Phenotype Ontology (HPO) has collected information on how often a sign or symptom occurs in a condition. Much of this information comes from Orphanet, a European rare disease database. The frequency of a sign or symptom is usually listed as a rough estimate of the percentage of patients who have that feature. The frequency may also be listed as a fraction. The first number of the fraction is how many people had the symptom, and the second number is the total number of people who were examined in one study. For example, a frequency of 25/25 means that in a study of 25 people all patients were found to have that symptom. Because these frequencies are based on a specific study, the fractions may be different if another group of patients are examined. Sometimes, no information on frequency is available. In these cases, the sign or symptom may be rare or common.","Congenital adrenal hyperplasia due to an impairment in aldo-keto reductase activity, specifically involving 18 hydroxylase is a rare form. Symptoms may vary among individuals but can include:

1. Female infants with this condition might experience masculinization or ambiguous genitalia at birth because of the excessive production of androgens (male hormones). This could result in an enlarged clitoris that resembles a penis, fused labia which look like a scrotum, or even partial development of a urogenital sinus between these structures.
 
2. Females might exhibit symptoms including irregular menstrual periods (amenorrhea), infrequent bleeding during menses - known as oligomenorrhea, and fertility issues due to the disruption in normal ovulation cycles resulting from hormonal imbalances associated with this condition.
 
3. Males may experience symptoms like precocious puberty characterized by early development of male secondary sexual characteristics such as deepening voice or facial hair growth, gynecomastia (enlarged"
What is (are) Nonalcoholic steatohepatitis ?,"Nonalcoholic steatohepatitis, or NASH, is a common, often silent liver disease. It resembles alcoholic liver disease, but occurs in people who drink little or no alcohol. The major feature in NASH is fat in the liver, along with inflammation and damage. Most people with NASH feel well and are not aware that they have a liver problem. Nevertheless, NASH can be severe and can lead to cirrhosis, in which the liver is permanently damaged and scarred and no longer able to work properly. NASH most often occurs in people who are middle aged and overweight or obese. Affected individuals may also have elevated levels of blood lipids (such as cholesterol and triglycerides) and many have diabetes or prediabetes. Treatment is centered around working towards a healthy lifestyle, including weight reduction, dietary modification, increased activity and avoidance of alcohol and unnecessary medications. The underlying cause of NASH remains unclear.","Nonalcoholic steatohepatitis (NASH) refers to a type of liver disease that occurs in people who drink little or no alcohol. It'staticates the presence of fat and inflammation, as well as damage to hepatic cells - typically fibrosis which may progress to cirrhosis if it remains untreated. The exact cause isn't fully understood but is believed to arise from a combination of insulin resistance (a risk factor for type 2 diabetes), obesity, high cholesterol and increased triglycerides in the bloodstream alongside an inflammatory response that damages liver cells.

Typical symptoms might include fatigue, abdominal discomfort or pain, weight loss due to decreased appetite, nausea, vomiting (less often), jaundice and dark urine - all of which are similar in presentation to the signs seen with alcoholic liver disease.

Diagnosis is generally suspected based on patient history suggesting risk factors like obesity or type 2 diabetes combined with abnormal blood tests, imaging studies (usually an ultrasound), and"
What are the genetic changes related to cystinuria ?,"Mutations in the SLC3A1 or SLC7A9 gene cause cystinuria. The SLC3A1 and SLC7A9 genes provide instructions for making the two parts (subunits) of a protein complex that is primarily found in the kidneys. Normally this protein complex controls the reabsorption of certain amino acids, including cystine, into the blood from the filtered fluid that will become urine. Mutations in either the SLC3A1 gene or SLC7A9 gene disrupt the ability of the protein complex to reabsorb amino acids, which causes the amino acids to become concentrated in the urine. As the levels of cystine in the urine increase, the crystals typical of cystinuria form. The other amino acids that are reabsorbed by the protein complex do not create crystals when they accumulate in the urine.","Cystinuria is an inherited autosomal recessive disorder that affects approximately one in every 20,000 individuals. This condition results from mutations in two different genes: SLC7A12 and SLC34A1/4. These changes result in abnormal transport of certain amino acids (cystine specifically) across the epithelial cells that line your kidneys, leading to an increased excretion of cystine into urine instead of being reabsorbed back into the bloodstream for utilization or storage by body tissues. 

The SLC7A12 gene provides instructions for making a protein called carrier-based aminopeptidase N, which is involved in breaking down certain proteins and peptides within cells - particularly important during digestion when these substances are ingested with food or drinks. Mutations that reduce the activity of this enzyme result in more cystine being present inside epithelial cells lining the small intestines, which is then absorbed into blood and transported to other body tissues including kidneys where it can accumulate because these organs are unable"
What are the symptoms of Charcot-Marie-Tooth disease type 1F ?,"What are the signs and symptoms of Charcot-Marie-Tooth disease type 1F? The Human Phenotype Ontology provides the following list of signs and symptoms for Charcot-Marie-Tooth disease type 1F. If the information is available, the table below includes how often the symptom is seen in people with this condition. You can use the MedlinePlus Medical Dictionary to look up the definitions for these medical terms. Signs and Symptoms Approximate number of patients (when available) Areflexia - Autosomal dominant inheritance - Autosomal recessive inheritance - Clusters of axonal regeneration - Decreased motor nerve conduction velocity - Decreased number of peripheral myelinated nerve fibers - Distal amyotrophy - Distal muscle weakness - Distal sensory impairment - Hyporeflexia - Juvenile onset - Motor delay - Myelin outfoldings - Onion bulb formation - Pes cavus - Segmental peripheral demyelination/remyelination - Variable expressivity - The Human Phenotype Ontology (HPO) has collected information on how often a sign or symptom occurs in a condition. Much of this information comes from Orphanet, a European rare disease database. The frequency of a sign or symptom is usually listed as a rough estimate of the percentage of patients who have that feature. The frequency may also be listed as a fraction. The first number of the fraction is how many people had the symptom, and the second number is the total number of people who were examined in one study. For example, a frequency of 25/25 means that in a study of 25 people all patients were found to have that symptom. Because these frequencies are based on a specific study, the fractions may be different if another group of patients are examined. Sometimes, no information on frequency is available. In these cases, the sign or symptom may be rare or common.","Charcot-Marie-Tooth (CMT) disease is a group of inherited disorders that affect peripheral nerves. CMT Type 1F, also known as Dejerine-Sottas Disease or Peripheral Neuropathy with Auspitz's Reaction, specifically falls under the autosomal recessive pattern and is characterized by a number of symptoms which usually begin to appear in early childhood. The primary features include:

1. Progressively worsening muscle weakness, particularly affecting smaller muscles such as those controlling hands and feet (peripheral neuropathy). This often leads to foot deformities like high arches or hammertoes due to the lack of support from deteriorating muscles.
2. Sensory loss: The disease also affects sensation, leading to numbness in fingers and toes as well as problems with balance when walking (gait abnormalities). 
3. Auspitz's sign: A unique symptom of CMT Type 1F is the presence of this physical exam finding - pinpoint bleeding spots on skin after gentle trauma"
How to diagnose Parasites - Schistosomiasis ?,"Stool or urine samples can be examined microscopically for parasite eggs (stool for S. mansoni or S. japonicum eggs and urine for S. haematobium eggs). The eggs tend to be passed intermittently and in small amounts and may not be detected, so it may be necessary to perform a blood (serologic) test.
    
More on: Resources for Health Professionals: Diagnosis","Diagnosing schistosomiasis, also known as snail fever or bilharziasis, involves several steps due to its symptoms mimicking other conditions. Here's a simplified step-bythought process for diagnosis:

1. **Clinical suspicion** - Patients typically present with flu-like symptoms including fever, chills, cough, and muscle aches after swimming or wading in contaminated water bodies like freshwater lakes and rivers found in endemic areas (Africa: Subsahara region).
  
2. **Medical history** - Determine if the patient has had exposure to such environments where snails are known hosts of Schistosoma parasites, especially when they present with compatible symptoms like hepatosplenic involvement, hematuria or bloody diarrhea (which can be a sign of chronic infection).
  
3. **Physical Examination** - Look for signs such as Katayama fever syndrome which is characterized by rashes and hepatomegaly/splenomegaly, often seen within weeks after exposure"
What is (are) glycogen storage disease type IX ?,"Glycogen storage disease type IX (also known as GSD IX) is a condition caused by the inability to break down a complex sugar called glycogen. The different forms of the condition can affect glycogen breakdown in liver cells or muscle cells or sometimes both. A lack of glycogen breakdown interferes with the normal function of the affected tissue.  When GSD IX affects the liver, the signs and symptoms typically begin in early childhood. The initial features are usually an enlarged liver (hepatomegaly) and slow growth. Affected children are often shorter than normal. During prolonged periods without food (fasting), affected individuals may have low blood sugar (hypoglycemia) or elevated levels of ketones in the blood (ketosis). Ketones are molecules produced during the breakdown of fats, which occurs when stored sugars are unavailable. Affected children may have delayed development of motor skills, such as sitting, standing, or walking, and some have mild muscle weakness. Puberty is delayed in some adolescents with GSD IX. In the form of the condition that affects the liver, the signs and symptoms usually improve with age. Typically, individuals catch up developmentally, and adults reach normal height. However, some affected individuals have a buildup of scar tissue (fibrosis) in the liver, which can rarely progress to irreversible liver disease (cirrhosis).  GSD IX can affect muscle tissue, although this form of the condition is very rare and not well understood. The features of this form of the condition can appear anytime from childhood to adulthood. Affected individuals may experience fatigue, muscle pain, and cramps, especially during exercise (exercise intolerance). Most affected individuals have muscle weakness that worsens over time. GSD IX can cause myoglobinuria, which occurs when muscle tissue breaks down abnormally and releases a protein called myoglobin that is excreted in the urine. Myoglobinuria can cause the urine to be red or brown.  In a small number of people with GSD IX, the liver and muscles are both affected. These individuals develop a combination of the features described above, although the muscle problems are usually mild.","Glycogen Storage Disease Type IX, also known as GSD IX or McArdle's Disease, is a rare genetic disorder that affects muscle metabolism. It occurs due to mutations in the PHKG2 gene which encodes myophosphorylase, an enzyme essential for glycogen breakdown during exercise when energy demands increase beyond what can be supplied by aerobic pathways alone.

The primary symptom of GSD IX is muscle weakness or fatigue that occurs typically after prolonged periods of physical activity such as running or cycling, which the person may not have been able to perform before diagnosis because they were unaware it was due to a genetic disorder affecting their energy metabolism. This symptom results from an impainability in breaking down muscle glycogen into glucose-1 phosphate when demand for ATP increases during exercise, leading to myophosphorylase deficiency and decreased energy supply available for contraction of the affected person's skeletal or heart muscles.

Other symptoms may include rhabdomyolysis (a rapid"
What is (are) C3 glomerulopathy ?,"C3 glomerulopathy is a group of related conditions that cause the kidneys to malfunction. The major features of C3 glomerulopathy include high levels of protein in the urine (proteinuria), blood in the urine (hematuria), reduced amounts of urine, low levels of protein in the blood, and swelling in many areas of the body. Affected individuals may have particularly low levels of a protein called complement component 3 (or C3) in the blood.  The kidney problems associated with C3 glomerulopathy tend to worsen over time. About half of affected individuals develop end-stage renal disease (ESRD) within 10 years after their diagnosis. ESRD is a life-threatening condition that prevents the kidneys from filtering fluids and waste products from the body effectively.  Researchers have identified two major forms of C3 glomerulopathy: dense deposit disease and C3 glomerulonephritis. Although the two disorders cause similar kidney problems, the features of dense deposit disease tend to appear earlier than those of C3 glomerulonephritis, usually in adolescence. However, the signs and symptoms of either disease may not begin until adulthood.  One of the two forms of C3 glomerulopathy, dense deposit disease, can also be associated with other conditions unrelated to kidney function. For example, people with dense deposit disease may have acquired partial lipodystrophy, a condition characterized by a lack of fatty (adipose) tissue under the skin in the upper part of the body. Additionally, some people with dense deposit disease develop a buildup of yellowish deposits called drusen in the light-sensitive tissue at the back of the eye (the retina). These deposits usually appear in childhood or adolescence and can cause vision problems later in life.","C3 glomerulonephritis, also known as a type of small-vessel disease in the kidneys and commonly referred to simply as ""rapidly progressive glomerulonephritis"" when severe, is an uncommon disorder characterized by inflammation within the tiny filters (glomeruli) that are part of your kidneys. The C3 component of complement—a system in our body involved in immune response to foreign substances—accumulates along with cellular debris due to a malfunctioning regulatory mechanism, leading to inflammation and damage within the glomeruli, ultimately impairing their ability to filter waste efficiently.

Here's an overview of some key aspects about C3 Glomerulopathy:

1. It is one type of glomerulonephritis—an overall term for diseases that cause inflammation in the kidney’s filtering units, or nephrons (glomeruli are part of a single nephron). 
2. The presence and accumulation of C3 protein within deposits found on renal tissues is highly suggestive of this disease which primarily affects young"
How many people are affected by focal dermal hypoplasia ?,"Focal dermal hypoplasia appears to be a rare condition, although its exact prevalence is unknown.","The exact number of individuals worldwide affected by Focal Dermal Hypoplasia (FDH) is not readily available in public health databases or scientific literature. However, I can provide an overview based on the information that exists regarding this rare genodermatosis condition as reported in medical studies and dermatology references up to my last update in early 2023:

Focal Dermal Hypoplasia (FDH) is a very rare disorder, with fewer than three hundred cases documented globally. It has been estimated that FDH affects approximately one individual per million births worldwide based on the experiences of large dermatological registries such as those for epidermolysis bullosa simplex and Hailey-Hailey disease (where data may overlap with some features seen in patients who also have or are misdiagnosed with FDH).

The condition is characterized by segmental, nonprogressive dermal hypoplasia. It typically presents as areas of depigmented skin that can range from isolated patches to larger segments and may be associated with other symptoms such as scarring or milia (small cysts filled with fluid). F"
How to diagnose Primary Hyperparathyroidism ?,"Health care providers diagnose primary hyperparathyroidism when a person has high blood calcium and PTH levels. High blood calcium is usually the first sign that leads health care providers to suspect parathyroid gland overactivity. Other diseases can cause high blood calcium levels, but only in primary hyperparathyroidism is the elevated calcium the result of too much PTH.
                
Routine blood tests that screen for a wide range of conditions, including high blood calcium levels, are helping health care providers diagnose primary hyperparathyroidism in people who have mild forms of the disorder and are symptom-free. For a blood test, blood is drawn at a health care providers office or commercial facility and sent to a lab for analysis.","Primary hyperparathyroidism is typically diagnosed through a combination of blood tests and imaging studies. The following steps outline the process:

1. Symptoms assessment: Initially, you should visit your healthcare provider if you are experiencing symptoms such as kidney stones, bone pain or fractures, fatigue, depression, muscle weakness, nausea, vomiting and/increased thirst (polydipsia) with frequent urination.

2. Blood tests: Your healthcare provider will likely ask you to have a blood test for the following indicators of primary hyperparathyroidism:-
   - High calcium levels in your blood (hypercalcemia). A level above 10mg/dL is considered high and suggestive of this condition. The normal range varies between labs, so always ask to confirm with yours.-
   - Elevated parathyroid hormone or PTH if the calcium levels are abnormally high- In primary hyperparathyroidism , there's an overproduction of PTH by one malfunctioning gland. However, this finding is not present in all cases"
What are the treatments for arginine:glycine amidinotransferase deficiency ?,These resources address the diagnosis or management of arginine:glycine amidinotransferase deficiency:  - Gene Review: Gene Review: Creatine Deficiency Syndromes  - Genetic Testing Registry: Arginine:glycine amidinotransferase deficiency   These resources from MedlinePlus offer information about the diagnosis and management of various health conditions:  - Diagnostic Tests  - Drug Therapy  - Surgery and Rehabilitation  - Genetic Counseling   - Palliative Care,"Arginine glycine amidinotransferase (AGAT) deficiency, also known as primary ornithine carbamoyl transferase (OCtase), is a rare genetic disorder that leads to the accumulation of arginine and ammonia in blood due to impa ende function. Currently, there's no specific cure for AGAT deficiency but treatments aim at managing symptoms or slowing down disease progression:
1. Dietary Restrictions - Limiting protein intake can help reduce the amount of ammonia produced in digestion and absorption by reducing arginine, an essential precursor to urea production which requires AGAT enzyme activity for its metabolism. However, children with this condition need sufficient nutrients for growth; hence a careful balance is needed under medical supervision. 
2. Dialysis - In severe cases where there's high levels of ammonia in the blood (hyperammonemia), dialysis can be used to remove excessive urea and other waste products from the body, effectively reducing hyperammonemia symptoms temporarily until a more permanent solution is found or as needed during"
What is (are) High Blood Cholesterol ?,"You cannot control - heredity. High blood cholesterol can run in families.  - age. As we get older, our cholesterol levels rise.  - sex. Before menopause, women tend to have lower total cholesterol levels than men of the same age. After menopause, women's LDL (bad) cholesterol levels tend to increase. heredity. High blood cholesterol can run in families. age. As we get older, our cholesterol levels rise. sex. Before menopause, women tend to have lower total cholesterol levels than men of the same age. After menopause, women's LDL (bad) cholesterol levels tend to increase.","High blood cholesterol, medically known as hypercholesterolemia, refers to elevated levels of cholesterol in the bloodstream. While your body needs some amount of cholesterol for various functions such as building cell membranes and producing certain hormones, too much can lead to atherosclerosis - hardening or clogging of arteries with fatty deposits also known as plaque build-up. This condition often develops over many years due to the accumulation of cholesterol in blood vessels' inner walls and is largely influenced by diet, lifestyle habits (like smoking), age and genetic factors among others.

Here are some points about high blood cholesterol: 
1. Cholesterol itself comes from the food you eat; it’s found particularly in animal products like meat, dairy, eggs etc., but also present to a lesser extent in certain plant-based oils and nuts/seeds too. Your body can even produce cholesterol on its own (mainly by your liver).
2. Not all types of cholesterol are bad for you though; LDL"
Is Townes-Brocks syndrome inherited ?,"Is Townes-Brocks syndrome genetic? Yes. Townes-Brocks syndrome is inherited in an autosomal dominant fashion, which means that one copy of the altered gene in each cell is sufficient to cause the disorder. In about 50% of cases, an affected person inherits the mutation from an affected parent. The other 50% have the condition as a result of a new (de novo) mutation.","Yes, Townes-Brocks Syndrome (TBS) is an autosomal dominant genetic disorder. This means that individuals with TBS typically have one normal copy of the SLC26A2 gene and one mutated copy. They are born with a high chance to pass on at least one affected gene, resulting in offspring who may also inherit the condition or be carriers like their parents without showing symptoms themselves if they only inherited the single defective gene from one parent (heterozygous). However, when an individual has two copies of the mutated SLC26A2 gene (homozygous), it usually results in a more severe form of TBS. It's important to note that there are also instances where new mutations can occur sporadically without any family history indicating inheritance, but these cases are rare and represent less than 10% of all diagnosed individuals with the syndrome."
What are the stages of Gastrointestinal Carcinoid Tumors ?,"Key Points
                    - After a gastrointestinal carcinoid tumor has been diagnosed, tests are done to find out if cancer cells have spread within the stomach and intestines or to other parts of the body.     - There are three ways that cancer spreads in the body.    - Cancer may spread from where it began to other parts of the body.    - The plan for cancer treatment depends on where the carcinoid tumor is found and whether it can be removed by surgery.
                
                
                    After a gastrointestinal carcinoid tumor has been diagnosed, tests are done to find out if cancer cells have spread within the stomach and intestines or to other parts of the body.
                    Staging is the process used to find out how far the cancer has spread. The information gathered from the staging process determines the stage of the disease. The results of tests and procedures used to diagnose gastrointestinal (GI) carcinoid tumors may also be used for staging. See the General Information section for a description of these tests and procedures. A bone scan may be done to check if there are rapidly dividing cells, such as cancer cells, in the bone. A very small amount of radioactive material is injected into a vein and travels through the bloodstream. The radioactive material collects in the bones and is detected by a scanner.
                
                
                    There are three ways that cancer spreads in the body.
                    Cancer can spread through tissue, the lymph system, and the blood:         - Tissue. The cancer spreads from where it began by growing into nearby areas.     - Lymph system. The cancer spreads from where it began by getting into the lymph system. The cancer travels through the lymph vessels to other parts of the body.     - Blood. The cancer spreads from where it began by getting into the blood. The cancer travels through the blood vessels to other parts of the body.
                
                
                    Cancer may spread from where it began to other parts of the body.
                    When cancer spreads to another part of the body, it is called metastasis. Cancer cells break away from where they began (the primary tumor) and travel through the lymph system or blood.         - Lymph system. The cancer gets into the lymph system, travels through the lymph vessels, and forms a tumor (metastatic tumor) in another part of the body.    - Blood. The cancer gets into the blood, travels through the blood vessels, and forms a tumor (metastatic tumor) in another part of the body.        The metastatic tumor is the same type of tumor as the primary tumor. For example, if a gastrointestinal (GI) carcinoid tumor spreads to the liver, the tumor cells in the liver are actually GI carcinoid tumor cells. The disease is metastatic GI carcinoid tumor, not liver cancer.
                
                
                    The plan for cancer treatment depends on where the carcinoid tumor is found and whether it can be removed by surgery.
                    For many cancers it is important to know the stage of the cancer in order to plan treatment. However, the treatment of gastrointestinal carcinoid tumors is not based on the stage of the cancer. Treatment depends mainly on whether the tumor can be removed by surgery and if the tumor has spread.   Treatment is based on whether the tumor:         - Can be completely removed by surgery.    - Has spread to other parts of the body.    - Has come back after treatment. The tumor may come back in the stomach or intestines or in other parts of the body.    - Has not gotten better with treatment.","The gastrointestinal (GI) tract is a common site for carcinoid tumors, which fall under the category of neuroendocrine tumors. These malignancies can develop in different parts of the GI system and have various progression stages based on their biological behavior:

1. **Initial Tumor Formation (Primary Carcinoid):** This begins when a single cell undergoes genetic mutations leading to uncontrolled growth, forming what's known as a primary carcinoid tumor. These can occur at any site along the GI tract but are most commonly found in the appendix and small intestine (particularly jejunum). Primary carcinoids do not always cause symptoms initially or may present with nonspecific abdominal discomfort that prompts medical investigations.

2. **Local Invasion:** As they grow, these tumors can invade the surrounding tissues and locally spread to adjacent organs within the GI tract (lateral extension). This stage is characterized by local symptoms such as abdominal pain or a palpable mass during physical examinations."
What are the genetic changes related to Werner syndrome ?,"Mutations in the WRN gene cause Werner syndrome. The WRN gene provides instructions for producing the Werner protein, which is thought to perform several tasks related to the maintenance and repair of DNA. This protein also assists in the process of copying (replicating) DNA in preparation for cell division. Mutations in the WRN gene often lead to the production of an abnormally short, nonfunctional Werner protein. Research suggests that this shortened protein is not transported to the cell's nucleus, where it normally interacts with DNA. Evidence also suggests that the altered protein is broken down more quickly in the cell than the normal Werner protein. Researchers do not fully understand how WRN mutations cause the signs and symptoms of Werner syndrome. Cells with an altered Werner protein may divide more slowly or stop dividing earlier than normal, causing growth problems. Also, the altered protein may allow DNA damage to accumulate, which could impair normal cell activities and cause the health problems associated with this condition.","Werner Syndrome is an autosomal recessive disorder, meaning two copies of the non-working gene (one from each parent) result in the manifestation of this condition. The primary cause for these symptoms can be traced back to mutations within the WRN gene located on chromosome 8 and which is expressed primarily by Werner cells—cellular structures that regulate DNA replication, repair, recombination, excision and transcription processes in human body's germinal tissues.

The most common genetic changes related to Werner Syndrome involve mutations within the WRN gene itself; specifically point mutations (where a single nucleotide is altered), small deletions or insertion events that disrupt this critical DNA repair and replication machinery, leading cells into deterioration. The two most frequent types of these modifications are G>A transitions at positions 10284 and the Y175H point mutation (where a tyrosine is replaced by histidine) in codon 536. These alterations lead to truncated, non-functional Werner protein which results in genomic instability due to accum"
How many people are affected by Usher syndrome ?,"Usher syndrome is thought to be responsible for 3 percent to 6 percent of all childhood deafness and about 50 percent of deaf-blindness in adults. Usher syndrome type I is estimated to occur in at least 4 per 100,000 people. It may be more common in certain ethnic populations, such as people with Ashkenazi (central and eastern European) Jewish ancestry and the Acadian population in Louisiana. Type II is thought to be the most common form of Usher syndrome, although the frequency of this type is unknown. Type III Usher syndrome accounts for only a small percentage of all Usher syndrome cases in most populations. This form of the condition is more common in the Finnish population, however, where it accounts for about 40 percent of all cases.","Usher syndrome is a rare genetic disorder that affects both hearing and vision. The prevalence of the condition varies worldwide, but it's generally estimated to occur in approximately 4 to 1 in every 100,000 individuals per year for those born with congenital deafness or profound permanent deafness without visual impairment (deafblind). However, when considering Usher syndrome specifically—which involves both hearing and vision loss along with balance problems due to its connection to vestibular function—estimates suggest that it affects fewer than 4 in every million people. It's essential to note that these figures are approximate since the prevalence can vary based on geographic location, population studied, and diagnostic criteria used. The condition is autosomal recessive, meaning both parents must carry a copy of the defective gene for their child to be at risk, typically not affecting them severely or showing symptoms themselves unless they are carriers without knowledge that contributes genetic counseling implications in family planning decisions.

The exact number affected by Usher syndrome can fluctuate over time due to"
what research (or clinical trials) is being done for Small Cell Lung Cancer ?,"New types of treatment are being tested in clinical trials.
                    Information about clinical trials is available from the NCI website.
                
                
                    Patients may want to think about taking part in a clinical trial.
                    For some patients, taking part in a clinical trial may be the best treatment choice. Clinical trials are part of the cancer research process. Clinical trials are done to find out if new cancer treatments are safe and effective or better than the standard treatment.   Many of today's standard treatments for cancer are based on earlier clinical trials. Patients who take part in a clinical trial may receive the standard treatment or be among the first to receive a new treatment.   Patients who take part in clinical trials also help improve the way cancer will be treated in the future. Even when clinical trials do not lead to effective new treatments, they often answer important questions and help move research forward.
                
                
                    Patients can enter clinical trials before, during, or after starting their cancer treatment.
                    Some clinical trials only include patients who have not yet received treatment. Other trials test treatments for patients whose cancer has not gotten better. There are also clinical trials that test new ways to stop cancer from recurring (coming back) or reduce the side effects of cancer treatment.   Clinical trials are taking place in many parts of the country. See the Treatment Options section that follows for links to current treatment clinical trials. These have been retrieved from NCI's listing of clinical trials.","Currently, there are several ongoing studies and clinical trials focusing on different aspects of small cell lung cancer treatment. Here's a brief overview:

1. Immunotherapy with checkpoint inhibitors (e.g., PD-L1 or PDL1 blockers): ClinicalTrials.gov lists numerous studies investigating the efficacy and safety of immunotherapy drugs for small cell lung cancer treatment, particularly those involving patients who have progressed on other treatments like chemotherapy alone.

2. Combination therapies: There are clinical trials exploring various combinations of targeted therapy agents (e.g., inhibitors of ALK/ROS1 or PD-L1) and immunotherapy drugs to improve treatment outcomes for small cell lung cancer patients who have progressed on firstline chemotherapy alone, as well as those with extensive disease that has spread beyond the chest region.

3. Newer combination regimens: There are studies investigating combinations of approved therapies like etoposido or cisplatin plus other agents to improve outcomes for small cell lung cancer patients who have"
What is (are) Congenital chloride diarrhea ?,"Congenital chloride diarrhea is a condition characterized by large, watery stools containing an excess of chloride. Individuals have intrauterine (pre-birth) and lifelong diarrhea; infants with the condition are often premature. The excessive diarrhea causes electrolyte and water deficits, which in turn cause volume depletion, hyperreninemia (elevated levels of renin in the blood), hyperaldosteronism, renal potassium wasting, and sometimes nephropathy. Mutations in the SLC26A3 gene have been found to cause the condition. It is inherited in an autosomal recessive manner. Treatment generally focuses on the individual symptoms of the condition and typically includes taking oral supplements of sodium and potassium chloride.","Congenital chloride diarrhea, also known as congenital distal tubular reabsorption defect or Hartnup disease when involving other amino acdises and organic aciduria is caused by mutations in the SLC12A6 gene. It's a rare genetic disorder that primarily affects renal absorption of 
chloride, which leads to an abundance of diarrhea from birth or early childhood onward due to significant loss of chloride and other electrolytes in the stool. The condition gets its name because it is present at birth (congenital), involves a defect in renal absorption related specifically to amino acids, like tryptophan which requires reabsorption from coneyuntive urine back into bloodstream via tubules of kidney and diarrhea.

The disorder manifests as profuse watery (non-foul smelling) stools that occur often throughout the day without warning, leading to dehydration if untreated. Other symptoms may include failure to thrive in infants or children due to chronic diarrhea and electrolyte"
What are the treatments for Roberts syndrome ?,These resources address the diagnosis or management of Roberts syndrome:  - Gene Review: Gene Review: Roberts Syndrome  - Genetic Testing Registry: Roberts-SC phocomelia syndrome  - MedlinePlus Encyclopedia: Contracture deformity  - MedlinePlus Encyclopedia: Microcephaly   These resources from MedlinePlus offer information about the diagnosis and management of various health conditions:  - Diagnostic Tests  - Drug Therapy  - Surgery and Rehabilitation  - Genetic Counseling   - Palliative Care,"As of my last update in April 2024, there is no cure specifically targeting Roberts Syndrome. Treatment typically focuses on managing symptoms and complications since it's a genetic disorder caused by mutations in the ESWD1 or EZH2 genes that result from errors during cell division (mitosis). Supportive care is key, which may include:

- Regular monitoring for developmental delays through pediatric evaluations.
- Physical therapy to improve motor skills due to skeletal abnormalities and muscle weakness associated with Roberts Syndrome. 
- Specialized educational support as needed because of intellectual challenges that may arise.
- Surgical interventions for correcting physical deformities, such as limb or jaw problems common in the disorder. This can involve orthopedic surgeноси, like osteotomies and reconstruction procedures to improve functionality and appearance. 
- Nutritional support if feeding difficulties are encountered due to abnormal teeth development (which might require dental interventions).
- Genetic counseling for affected families can help understand the disorder's"
What causes Essential tremor ?,"What causes essential tremor? The causes of essential tremor are unknown. Researchers are studying several areas (loci) on particular chromosomes that may be linked to essential tremor, but no specific genetic associations have been confirmed. Several genes, as well as environmental factors, are likely involved in an individual's risk of developing this complex condition.","Essential tremor (ET), also known as familial essential tremor or benign intractable tremor, is a neurological disorder characterized by involuntary and rhythmic oscillations of the hands, head, voice, or other body parts. The exact cause of Essential tremor remains largely unknown; however, there are several theories that suggest various biological mechanisms may contribute to its development:

1. Genetic Mutations - Approximately 50% of cases have a familial history where the disorder can be inherited in an autosomal dominant manner with incomplete penetrance and variable expressivity, meaning not everyone who inherits the mutation will develop tremors or may experience them differently among family members. Some specific gene alterations that are implicated include:
   - ETM2 (also known as TREDA) on chromosome 19p is linked to essential tremor and spinocerebellar ataxia type-3, suggesting a shared genetic pathway in these disorders involving the cerebellum or its connections.   
   - Mutations of KIAA1274 (also known as DFFIT) on chrom"
What is (are) Graves disease ?,"Graves disease is a condition that affects the function of the thyroid, which is a butterfly-shaped gland in the lower neck. The thyroid makes hormones that help regulate a wide variety of critical body functions. For example, thyroid hormones influence growth and development, body temperature, heart rate, menstrual cycles, and weight. In people with Graves disease, the thyroid is overactive and makes more hormones than the body needs. The condition usually appears in mid-adulthood, although it may occur at any age.  Excess thyroid hormones can cause a variety of signs and symptoms. These include nervousness or anxiety, extreme tiredness (fatigue), a rapid and irregular heartbeat, hand tremors, frequent bowel movements or diarrhea, increased sweating and difficulty tolerating hot conditions, trouble sleeping, and weight loss in spite of an increased appetite. Affected women may have menstrual irregularities, such as an unusually light menstrual flow and infrequent periods. Some people with Graves disease develop an enlargement of the thyroid called a goiter. Depending on its size, the enlarged thyroid can cause the neck to look swollen and may interfere with breathing and swallowing.  Between 25 and 50 percent of people with Graves disease have eye abnormalities, which are known as Graves ophthalmopathy. These eye problems can include swelling and inflammation, redness, dryness, puffy eyelids, and a gritty sensation like having sand or dirt in the eyes. Some people develop bulging of the eyes caused by inflammation of tissues behind the eyeball and ""pulling back"" (retraction) of the eyelids. Rarely, affected individuals have more serious eye problems, such as pain, double vision, and pinching (compression) of the optic nerve connecting the eye and the brain, which can cause vision loss.  A small percentage of people with Graves disease develop a skin abnormality called pretibial myxedema or Graves dermopathy. This abnormality causes the skin on the front of the lower legs and the tops of the feet to become thick, lumpy, and red. It is not usually painful.","Graves' disease, also known as basedow syndrome, is an autoimmune disorder that leads to overactivity of the thyroid gland (hyperthyroidism). It affects more people assigned female at birth than those assigned male at birth. Here are key points about Graves' disease:

- **Immune System Involvement**: The body’s immune system mistakenly attacks itself, leading to overproduction of thyroid hormones which regulate the metabolism and energy generation in our bodies. 

- **Symptoms & Significance**: Symptoms can include anxiety or irritability, heat sensitivity (feeling warm), tremor (shaky hands), weight loss without dieting/increased appetite, rapid heartbeat (palpitations) — more in bouts at first but then constantly. Other symptoms might be bulging eyes due to inflammation and swelling of the tissues behind your eye(s) (exophthalmos), frequent bowl movements/diarrhea, fatigue or muscle weakness from too much thyroid hormone in your bloodstream).

- **C"
What is (are) Restless Legs ?,"Restless legs syndrome (RLS) causes a powerful urge to move your legs. Your legs become uncomfortable when you are lying down or sitting. Some people describe it as a creeping, crawling, tingling, or burning sensation. Moving makes your legs feel better, but not for long. RLS can make it hard to fall asleep and stay asleep.    In most cases, there is no known cause for RLS. In other cases, RLS is caused by a disease or condition, such as anemia or pregnancy. Some medicines can also cause temporary RLS. Caffeine, tobacco, and alcohol may make symptoms worse.    Lifestyle changes, such as regular sleep habits, relaxation techniques, and moderate exercise during the day can help. If those don't work, medicines may reduce the symptoms of RLS.    Most people with RLS also have a condition called periodic limb movement disorder (PLMD). PLMD is a condition in which a person's legs twitch or jerk uncontrollably, usually during sleep. PLMD and RLS can also affect the arms.     NIH: National Heart, Lung, and Blood Institute","Restless legs syndrome, also known as Willis-Ekbom disease, is a common neurological disorder characterized by uncomfortable sensations in the legs that may be accompanied by an irresistible urge to move them. These symptoms typically occur during periods of rest or inactivity and can significantly interfere with sleep, leading to fatigue and other negative impacts on daily life.

The exact cause of RLS is not fully understood, but it appears that both genetic and environmental factors play a role in its development. The disorder affects approximately 5%-10% of the general population and can be more prevalent among older adults or those with conditions like iron deficiency anemia, Parkinson's disease, peripheral neuropathy, kidney failure or who are taking certain medications.

RLS symptoms typically begin in adolescence to early adulthood and can fluctuate over time for some individuals while others experience a progressive worsening of their condition. Treatment options may include lifestyle changes such as reducing caffeine or alcohol intake, exercising regularly, maintaining good"
what research (or clinical trials) is being done for Dysgraphia ?,"The National Institute of Neurological Disorders and Stroke (NINDS) and other institutes of the National Institutes of Health (NIH) support dysgraphia research through grants to major medical institutions across the country. Much of this research focuses on finding better ways to treat, and ultimately, prevent dysgraphia.","Dysgraphia, a neurological disorder characterized by difficulty with writing due to problems with the physical act of writing or because of trouble coordinating fine motor skills while writing, has been challenging to study extensively. However, here are some steps and existing research directions in understanding and treating dysgraphia:

1. Neurological Research Studies - These studies examine brain function related to handwriting by using neuroimaging techniques such as fMRI or EEG to identify the neural mechanisms behind motor planning difficulties associated with writing.

2. Occupational Therapy Trials – Clinical trials often focus on occupational therapy interventions aimed at improving fine motor skills and handwriting through exerner-guided activities, sensory integration techniques, or assistive technology use (such as speech-to-text software).

3. Pharmacological Studies - While not commonly associated with direct treatment of dysgraphia symptoms, some pharmacological studies explore treatments that might improve underlying cognitive functions like attention and executive functioning which can indirectly assist in writing abilities. However, such research is more limited due to ethical considerations regarding medication"
What is (are) Monkeypox Virus Infections ?,"Monkeypox is a rare viral disease. It occurs mostly in central and western Africa. Wild rodents and squirrels carry it, but it is called monkeypox because scientists saw it first in lab monkeys. In 2003, it was reported in prairie dogs and humans in the U.S.     Centers for Disease Control and Prevention","Monkeypox virus infections are caused by the monkeypox virus, which belongs to the Orthopoxvirus genus. It can cause a disease known as monkeypox or malignant edema fever (MEF). The symptoms of this viral illness usually include flu-like signs such as fever and body aches along with chickenpox-like skin sores, often leading to misdiagnosis. While resembling smallpox in appearance, monkeypox is typically less severe; however, it can still be dangerous particularly for children or immunocompromised individuals who are at risk of more serious complications and even death in some cases. Monkeypox virus primarily affects humans but also infect a variety of animals including rodents, primates, and other wildlife species acting as reservoir hosts (where the disease naturally circulates). The transmission occurs mainly through direct contact with an ill person or animal that carries the monkeypox virus. Outbreak investigations have linked human cases to infection by infected African rodents like Gambian rats and prairie dogs, suggesting zoonotic transfer from animals to humans as a significant mode of disease"
What is (are) megalencephaly-capillary malformation syndrome ?,"Megalencephaly-capillary malformation syndrome (MCAP) is a disorder characterized by overgrowth of several tissues in the body. Its primary features are a large brain (megalencephaly) and abnormalities of small blood vessels in the skin called capillaries (capillary malformations).  In individuals with MCAP, megalencephaly leads to an unusually large head size (macrocephaly), which is typically evident at birth. After birth, the brain and head continue to grow at a fast rate for the first few years of life; then, the growth slows to a normal rate, although the head remains larger than average. Additional brain abnormalities are common in people with MCAP; these can include excess fluid within the brain (hydrocephalus) and abnormalities in the brain's structure, such as those known as Chiari malformation and polymicrogyria. Abnormal brain development leads to intellectual disability in most affected individuals and can also cause seizures or weak muscle tone (hypotonia). In particular, polymicrogyria is associated with speech delays and difficulty chewing and swallowing.  The capillary malformations characteristic of MCAP are composed of enlarged capillaries that increase blood flow near the surface of the skin. These malformations usually look like pink or red spots on the skin. In most affected individuals, capillary malformations occur on the face, particularly the nose, the upper lip, and the area between the nose and upper lip (the philtrum). In other people with MCAP, the malformations appear as patches spread over the body or as a reddish net-like pattern on the skin (cutis marmorata).  In some people with MCAP, excessive growth affects not only the brain but other individual parts of the body, which is known as segmental overgrowth. This can lead to one arm or leg that is bigger or longer than the other or a few oversized fingers or toes. Some affected individuals have fusion of the skin between two or more fingers or toes (cutaneous syndactyly).  Additional features of MCAP can include flexible joints and skin that stretches easily. Some affected individuals are said to have doughy skin because the tissue under the skin is unusually thick and soft.  The gene involved in MCAP is also associated with several types of cancer. Although a small number of individuals with MCAP have developed tumors (in particular, a childhood form of kidney cancer known as Wilms tumor and noncancerous tumors in the nervous system known as meningiomas), people with MCAP do not appear to have a greater risk of developing cancer than the general population.","Megalencephaly-Capillary Malformation Syndrome, also known as MCG or Capillary Malformation with Giant Cerebellum and other features. It's a rare genetic disorder that primarily affects the skin (cutaneous form) but can also impact multiple organ systems including neurological function due to its association with macrocephaly, i.e., an abnormally large head caused by excessive cerebral tissue and brain size growth (megaloencephaly). This syndrome is characterized mainly by the presence of capillary malformations on the skin that are often present at birth or appear shortly thereafter in infancy. These vascular anomalies can vary widely, ranging from small localized patches to larger areas and may change over time without treatment.

The cutaneous form is a subset within this spectrum of disorders known as CMel syndrome (Capillary Malformation with Megalencephaly Syndrome), which also includes neurological manifestations like developmental delay, seizures, movement abnormalities and macrocephaly. The exact cause remains unknown but is thought to involve a mut"
What are the treatments for cerebral cavernous malformation ?,These resources address the diagnosis or management of cerebral cavernous malformation:  - Angioma Alliance: Imaging and Diagnostics  - Gene Review: Gene Review: Familial Cerebral Cavernous Malformation  - Genetic Testing Registry: Cerebral cavernous malformation  - Genetic Testing Registry: Cerebral cavernous malformations 1  - Genetic Testing Registry: Cerebral cavernous malformations 2  - Genetic Testing Registry: Cerebral cavernous malformations 3  - MedlinePlus Encyclopedia: Cerebral angiography   These resources from MedlinePlus offer information about the diagnosis and management of various health conditions:  - Diagnostic Tests  - Drug Therapy  - Surgery and Rehabilitation  - Genetic Counseling   - Palliative Care,"Cerebral cavernous malformations (CCMs), also known as low-flow brain lesions or developmental vascular anomalies, can cause seizures and neurological deficits due to their tendency to bleed. Treatment often depends on the size of the CCM, its location in relation to eloquent brain areas (areas critical for functions such as movement, sensation, or language), and whether it is symptomatic. Here are some treatment options:

1) **Observation** - Small asymptomatic lesions may simply be observed over time with regular follow-up MRIs to monitor any changes in size that might affect management decisions later on. 

2) **Surgery or Endovascular Embolization (for large symptomatic CCMs near eloquent areas)** - These are invasive treatment options where the goal is complete resection of all lesions, if possible which can provide significant improvement in seizures and neurological deficits. However, surgery carries risks like any other surgical procedure involving brain tissue including hemorrhage or stroke during/after operation as well"
Is inclusion body myopathy 2 inherited ?,"This condition is inherited in an autosomal recessive pattern, which means both copies of the gene in each cell have mutations. The parents of an individual with an autosomal recessive condition each carry one copy of the mutated gene, but they typically do not show signs and symptoms of the condition.","Inclusion Body Myopathy (IBM) is generally considered an autosomal recessive disorder, meaning that a person would have to inherit two copies of the mutated gene, one from each parent. However, cases where IBM appears without clear familial inheritance suggest other complexities in its genetic basis or variable expression among individuals with the same underlying condition may exist. It's also worth notin
g that certain forms of IBM can be sporadic, occurring as a result of new mutations rather than inherited from parents."
What are the genetic changes related to nonsyndromic hearing loss ?,"The causes of nonsyndromic hearing loss are complex. Researchers have identified more than 90 genes that, when altered, are associated with nonsyndromic hearing loss. Many of these genes are involved in the development and function of the inner ear. Mutations in these genes contribute to hearing loss by interfering with critical steps in processing sound. Different mutations in the same gene can be associated with different types of hearing loss, and some genes are associated with both syndromic and nonsyndromic forms. In many affected families, the factors contributing to hearing loss have not been identified.  Most cases of nonsyndromic hearing loss are inherited in an autosomal recessive pattern. About half of all severe-to-profound autosomal recessive nonsyndromic hearing loss results from mutations in the GJB2 gene; these cases are designated DFNB1. The GJB2 gene provides instructions for making a protein called connexin 26, which is a member of the connexin protein family. Mutations in another connexin gene, GJB6, can also cause DFNB1. The GJB6 gene provides instructions for making a protein called connexin 30. Connexin proteins form channels called gap junctions, which allow communication between neighboring cells, including cells in the inner ear. Mutations in the GJB2 or GJB6 gene alter their respective connexin proteins, which changes the structure of gap junctions and may affect the function or survival of cells that are needed for hearing.  The most common cause of moderate autosomal recessive nonsyndromic hearing loss is mutations in the STRC gene. These mutations cause a form of the condition known as DFNB16. Mutations in more than 60 other genes can also cause autosomal recessive nonsyndromic hearing loss. Many of these gene mutations have been found in one or a few families.  Nonsyndromic hearing loss can also be inherited in an autosomal dominant pattern. Mutations in at least 30 genes have been identified in people with autosomal dominant nonsyndromic hearing loss; mutations in some of these genes (including GJB2 and GJB6) can also cause autosomal recessive forms of the condition. Although no single gene is associated with a majority of autosomal dominant nonsyndromic hearing loss cases, mutations in a few genes, such as KCNQ4 and TECTA, are relatively common. Mutations in many of the other genes associated with autosomal dominant nonsyndromic hearing loss have been found in only one or a few families.  X-linked and mitochondrial forms of nonsyndromic hearing loss are rare. About half of all X-linked cases are caused by mutations in the POU3F4 gene. This form of the condition is designated DFNX2. Mutations in at least three other genes have also been identified in people with X-linked nonsyndromic hearing loss.  Mitochondrial forms of hearing loss result from changes in mitochondrial DNA (mtDNA). Mitochondria are structures within cells that convert the energy from food into a form that cells can use. Although most DNA is packaged in chromosomes within the nucleus, mitochondria also have a small amount of their own DNA. Only a few mutations in mtDNA have been associated with hearing loss, and their role in the condition is still being studied.  Mutations in some of the genes associated with nonsyndromic hearing loss can also cause syndromic forms of hearing loss, such as Usher syndrome (CDH23 and MYO7A, among others), Pendred syndrome (SLC26A4), Wolfram syndrome (WFS1), and Stickler syndrome (COL11A2). It is often unclear how mutations in the same gene can cause isolated hearing loss in some individuals and hearing loss with additional signs and symptoms in others.  In addition to genetic changes, hearing loss can result from environmental factors or a combination of genetic risk and a person's environmental exposures. Environmental causes of hearing loss include certain medications, specific infections before or after birth, and exposure to loud noise over an extended period. Age is also a major risk factor for hearing loss. Age-related hearing loss (presbyacusis) is thought to have both genetic and environmental influences.","Nonsyndromic hearing loss is a type of sensorineural hearing impairment that occurs without other associated medical conditions. It's usually inherited in an autosomal dominant, autosomal recessive or X-linked manner and can be caused by mutations affecting various genes related to the function of hair cells within the cochlea (the auditory portion of the inner ear where sound is converted into electrical signals for interpretation).

Here are a few key ways in which these changes may occur:

1. **Mutation Disrupts Gene Function**: Mutations can cause loss-of independent function or dominant negative effects, disrupting normal gene expression and leading to the malfunction of hair cells resulting in hearing impairment. Examples include mutations on GJB2 (connexin 26) and SLC5A1 genes linked with autosomal recessive inheritance patterns and affect cochlear mechanics or potassium recycling, respectively.

2. **Epigenetic Modifications**: Changes in DNA methylation (an epigenetic modification that can silence gene expression) may also result in hearing loss without"
What is (are) Prostate Enlargement: Benign Prostatic Hyperplasia ?,"The prostate is a walnut-shaped gland that is part of the male reproductive system. The main function of the prostate is to make a fluid that goes into semen. Prostate fluid is essential for a mans fertility. The gland surrounds the urethra at the neck of the bladder. The bladder neck is the area where the urethra joins the bladder. The bladder and urethra are parts of the lower urinary tract. The prostate has two or more lobes, or sections, enclosed by an outer layer of tissue, and it is in front of the rectum, just below the bladder. The urethra is the tube that carries urine from the bladder to the outside of the body. In men, the urethra also carries semen out through the penis.","Prostate enlargement, more specifically known as Benign Prostatic Hyperplasia (BPH), refers to the non-cancerous increase in size of the prostate gland. This condition is common among older men and becomes particularly prevalent after the age of 50 years old but can affect men up until very advanced ages, including those within their late teens or early twenties as well although it's less commonly observed at these younger stages.

The prostate gland sits below a bladder and is responsible for secretion that contributes to the seminal fluid which helps in transporting sperm during ejaculation, thus playing an essential role within male reproductive system as well as urinary tract function by facilitating smooth flow of urine.

BPH arises when there's excess growth or multiplication of cells forming a larger gland and sometimes leading to formation of abnormal tissue developments too known as nodules which can cause significant difficulty in both sexual activity with penetration experience, such as painful ejaculation (also called dry orgasms) due to the spasm within prostate muscle structure or dyspareunia and also symptoms related"
What are the symptoms of Doyne honeycomb retinal dystrophy ?,"What are the signs and symptoms of Doyne honeycomb retinal dystrophy? The Human Phenotype Ontology provides the following list of signs and symptoms for Doyne honeycomb retinal dystrophy. If the information is available, the table below includes how often the symptom is seen in people with this condition. You can use the MedlinePlus Medical Dictionary to look up the definitions for these medical terms. Signs and Symptoms Approximate number of patients (when available) Autosomal dominant inheritance - Reticular pigmentary degeneration - Retinal dystrophy - Visual impairment - The Human Phenotype Ontology (HPO) has collected information on how often a sign or symptom occurs in a condition. Much of this information comes from Orphanet, a European rare disease database. The frequency of a sign or symptom is usually listed as a rough estimate of the percentage of patients who have that feature. The frequency may also be listed as a fraction. The first number of the fraction is how many people had the symptom, and the second number is the total number of people who were examined in one study. For example, a frequency of 25/25 means that in a study of 25 people all patients were found to have that symptom. Because these frequencies are based on a specific study, the fractions may be different if another group of patients are examined. Sometimes, no information on frequency is available. In these cases, the sign or symptom may be rare or common.","Doyne frambuesa is not a medical condition; it seems there's some confusion here. However, if you meant ""dot-and-fleck"" macular degeneration (also known as the late or atrophic form of age-related macular degeneration), I can provide information on that:
Treatment Options for Late Age-Related Macular Degeneration Patients 
There are various treatment options available to manage and potentially improve vision in patients with dry (late) AMD, also known as dot-and-fleck or atrophic age macular degeneration. Treatments aimed at reducing further progression of the disease include:

Antioxidant supplements containing vitamin C and E, along with zinc (often referred to as AREDS formula) - These can help slow down the deterioration of vision in some patients by providing antioxidants that may prevent or reduce damage caused by oxidative stress.
Vitamin angiotensin-II converting enzyme (ACE)-Inhibitors: Some evidence suggests these medications, commonly used to manage high blood pressure and protect the eyes"
What is (are) van der Woude syndrome ?,"Van der Woude syndrome is a condition that affects the development of the face. Many people with this disorder are born with a cleft lip, a cleft palate (an opening in the roof of the mouth), or both. Affected individuals usually have depressions (pits) near the center of the lower lip, which may appear moist due to the presence of salivary and mucous glands in the pits. Small mounds of tissue on the lower lip may also occur. In some cases, people with van der Woude syndrome have missing teeth.  People with van der Woude syndrome who have cleft lip and/or palate, like other individuals with these facial conditions, have an increased risk of delayed language development, learning disabilities, or other mild cognitive problems. The average IQ of individuals with van der Woude syndrome is not significantly different from that of the general population.","Van der Woude syndrome (VWS) refers to a group of genetic disorders that affect the development of structures in and around the mouth. It's also known as mandibular hypoplasia with cleft lip/palate, or just mild form of harelip-cleft combination due its association with underdeveloped lower jaw (mandible) leading to partial opening between upper and lower lips which appears like a small split on one side. This condition is most commonly inherited in an autosomal dominant manner, but it can also occur as the result of new mutations in either mother'dehydroorotate dehydrogenase (DHODH) gene or PTCH1 gene located within chromosome 7 and 9 respectively. Besides facial abnormalities which often leads to speech difficulties, feeding problems during infancy but typically no major health issues for most individuals diagnosed with this condition. While there's currently no cure per se , management includes regular dental care & monitoring by specialists including oral surgeons and orthodontists along with psychological support especially in children to help them cope better socially as they grow up into"
What is (are) Hypotension ?,"Hypotension (HI-po-TEN-shun) is abnormally low blood pressure. Blood pressure is the force of blood pushing against the walls of the arteries as the heart pumps out blood.
                
Blood pressure is measured as systolic (sis-TOL-ik) and diastolic (di-a-STOL-ik) pressures. ""Systolic"" refers to blood pressure when the heart beats while pumping blood. ""Diastolic"" refers to blood pressure when the heart is at rest between beats.
                
You most often will see blood pressure numbers written with the systolic number above or before the diastolic number, such as 120/80 mmHg. (The mmHg is millimeters of mercurythe units used to measure blood pressure.)
                
Normal blood pressure in adults is lower than 120/80 mmHg. Hypotension is blood pressure that's lower than 90/60 mmHg.
                
Overview
                
Blood pressure doesn't stay the same all the time. It lowers as you sleep and rises when you wake up. Blood pressure also rises when you're excited, nervous, or active.
                
Your body is very sensitive to changes in blood pressure. For example, if you stand up quickly, your blood pressure may drop for a short time. Your body adjusts your blood pressure to make sure enough blood and oxygen are flowing to your brain, kidneys, and other vital organs.
                
Most forms of hypotension happen because your body can't bring blood pressure back to normal or can't do it fast enough.
                
Some people have low blood pressure all the time. They have no signs or symptoms, and their low blood pressure is normal for them.
                
In other people, certain conditions or factors cause abnormally low blood pressure. As a result, less blood and oxygen flow to the body's organs.
                
For the most part, hypotension is a medical concern only if it causes signs or symptoms or is linked to a serious condition, such as heart disease. Signs and symptoms of hypotension may include dizziness, fainting, cold and sweaty skin, fatigue (tiredness), blurred vision, or nausea (feeling sick to your stomach).
                
In extreme cases, hypotension can lead to shock.
                
Outlook
                
In a healthy person, low blood pressure without signs or symptoms usually isn't a problem and needs no treatment. If it causes signs or symptoms, your doctor will try to find and treat the condition that's causing it.
                
Hypotension can be dangerous. It can make you fall because of dizziness or fainting. Shock, a severe form of hypotension, is a condition that's often fatal if not treated right away. With prompt and proper treatment, shock can be successfully treated.","Hypotension, also known as low blood pressure, refers to a condition where the force of an individual'selfits'] arterial system that supplies oxygen and nutrients to their body. This can happen when there is not enough circulating blood or when the heart does not pump effectively. The term 'hypotension' comes from ""hypo-"" meaning less, combined with ""-tension,"" which in this context refers to pressure within a system (typically arterial).

There are two main types of hypotension: orthostatic and sustained/chronic low blood pressure. 

Orthostatic Hypotension occurs when there is an abrupt drop in blood pressure as you stand up from sitting or lying down, often causing symptoms like light-headedness, dizziness, fainting (syncope), blurred vision, and weakness due to decreased blood flow to the brain. It may be a transient occurrence if one quickly sits back down after standing for too long without changing body position or drinking enough fluids, but it can indicate underlying health issues like dehydration, heart problems, nerve damage (neuropathy"
How many people are affected by juvenile myoclonic epilepsy ?,"Juvenile myoclonic epilepsy affects an estimated 1 in 1,000 people worldwide. Approximately 5 percent of people with epilepsy have juvenile myoclonic epilepsy.","Juvenile Myoclonic Epilepsy (JME) is relatively rare. Estimates suggest that it affects approximately 1 in every 10,000 to 25,000 people globally [source: World Federation of Neurological Surgeons]. However, these numbers can vary greatly depending on the region and population studied due to differences in diagnosis rates.

It's particularly prevalent among teenagers and young adults between adolescence (13-20 years) and early twenties [source: National Institute of Neurological Disorders and Stroke]. Despite its rarity, JME can significantly impact the quality of life for those affected. Therefore, understanding this disorder is crucial to develop effective treatments and improve patients' lives.

Here are some statistics regarding Juvenile Myoclonic Epilepsy:
- It accounts for approximately 5% to 10% [source: American Academy of Neurology] of all cases of generalized epilepsy in adolescents and young adults, making it the most common type among this age group. While JME is often"
what research (or clinical trials) is being done for Colon Cancer ?,"New types of treatment are being tested in clinical trials.
                    Information about clinical trials is available from the NCI website.
                
                
                    Patients may want to think about taking part in a clinical trial.
                    For some patients, taking part in a clinical trial may be the best treatment choice. Clinical trials are part of the cancer research process. Clinical trials are done to find out if new cancer treatments are safe and effective or better than the standard treatment.   Many of today's standard treatments for cancer are based on earlier clinical trials. Patients who take part in a clinical trial may receive the standard treatment or be among the first to receive a new treatment.   Patients who take part in clinical trials also help improve the way cancer will be treated in the future. Even when clinical trials do not lead to effective new treatments, they often answer important questions and help move research forward.
                
                
                    Patients can enter clinical trials before, during, or after starting their cancer treatment.
                    Some clinical trials only include patients who have not yet received treatment. Other trials test treatments for patients whose cancer has not gotten better. There are also clinical trials that test new ways to stop cancer from recurring (coming back) or reduce the side effects of cancer treatment.   Clinical trials are taking place in many parts of the country. See the Treatment Options section that follows for links to current treatment clinical trials. These have been retrieved from NCI's listing of clinical trials.","Research and clinical trials for colon cancer are ongoing worldwide, focusing on various aspects of the disease including early detection, treatment options, prevention strategies, genetic factors, patient quality of life issues, as well as survivorship. Here's a brief overview:

1. Early Detection Research - Many studies aim to identify biomarkers or specific changes in DNA that could predict the onset of colon cancer earlier and with greater accuracy. An example is research into circulating tumor DNA (ctDNA) as potential early signs of malignancy within blood samples, which may lead to non-invasive screening methods for at-risk populations.

2. Treatment Options - Research continues on new chemotherapy drugs that are more effective and have fewer side effects. Targeted therapies aim to attack specific genetic mutations in tumors, such as KRAS or BRAF V600E alterations commonly found in colon cancer cells. Immunotherapy is another area of research where treatments boost the body's natural defenses against cancer by using substances called checkpoint inhibitors to restore an immune response or CAR"
What are the treatments for acromicric dysplasia ?,These resources address the diagnosis or management of acromicric dysplasia:  - Genetic Testing Registry: Acromicric dysplasia   These resources from MedlinePlus offer information about the diagnosis and management of various health conditions:  - Diagnostic Tests  - Drug Therapy  - Surgery and Rehabilitation  - Genetic Counseling   - Palliative Care,"Acromicric Dysplasia is a rare genetic disorder that affects bone growth, leading to various skeletal abnormalities. Currently, there's no cure or standard treatment specifically designated as ""treatment"" for acromyric dysplasia itself; thus it requires managing symptoms and complications rather than curative therapy. Treatments often focus on alleviating pain, correcting deformities when possible through surgery (corrective osteotomy), improving joint function with physical or occupational therapy, limiting disease progression where feasible via medications like bisphosphonates which can help maintain bone density and strength in some cases. Genetic counseling is also an essential part of care for affected individuals to understand the condition better."
Do you have information about Nutritional Support,"Summary : Nutritional support is therapy for people who cannot get enough nourishment by eating or drinking. You may need it if you        - Can't swallow    - Have problems with your appetite    - Are severely malnourished    - Can't absorb nutrients through your digestive system       You receive nutritional support through a needle or catheter placed in your vein or with a feeding tube, which goes into your stomach.","Yes, I can provide general information on nutritional support. It generally refers to interventions used in healthcare and various other settings where individuals are unable to maintain adecurate oral intake due to illness, injury, surgery, age-related issues, or functional impairments. Nutritional support aims to ensure that patients receive the necessary nutrients for healing and wellbeing when consuming food by mouth is not possible or sufficient on its own.

There are two main types of enteral feedings — tube feedings (used in cases where it's safe but less comfortable) and nasogastric decompression, used primarily to relieve gastric symptoms while maintaining nutrition through a formula-based diet delivered directly into the stomach or small intestine via tubes.

Intravenous feedings (Parenteral Nutrition), also known as Total Parenteral Nutrition (TPN) are used when both enteral and oral intake aren't possible, safe, and effective in meeting nutritional needs. This method bypasses the digestive system entirely, providing necessary calories, proteins"
What are the symptoms of Annular pancreas ?,"What are the signs and symptoms of Annular pancreas? The Human Phenotype Ontology provides the following list of signs and symptoms for Annular pancreas. If the information is available, the table below includes how often the symptom is seen in people with this condition. You can use the MedlinePlus Medical Dictionary to look up the definitions for these medical terms. Signs and Symptoms Approximate number of patients (when available) Abnormality of the pancreas 90% Duodenal stenosis 90% Abnormality of the gastric mucosa 50% Annular pancreas - Autosomal dominant inheritance - High intestinal obstruction - The Human Phenotype Ontology (HPO) has collected information on how often a sign or symptom occurs in a condition. Much of this information comes from Orphanet, a European rare disease database. The frequency of a sign or symptom is usually listed as a rough estimate of the percentage of patients who have that feature. The frequency may also be listed as a fraction. The first number of the fraction is how many people had the symptom, and the second number is the total number of people who were examined in one study. For example, a frequency of 25/25 means that in a study of 25 people all patients were found to have that symptom. Because these frequencies are based on a specific study, the fractions may be different if another group of patients are examined. Sometimes, no information on frequency is available. In these cases, the sign or symptom may be rare or common.","Annular pancreas, also known as annularism or encircling pancreatitis, is a rare condition that occurs when all or part of the head of the pancreas twists and wraps around the duodenum. This can lead to obstruction of food passage through the digestive tract (megaduodenum). The symptoms typically present in infancy but may appear later if not diagnosed promptly. Here are common signs and symptoms associated with annular pancreas:

1. Vomiting, which often occurs after feeding or eating; vomitus can contain bile (foamy) due to the obstruction of normal flow through the duodenum into the small intestine. In severe cases where there is complete encirclement and blockage by pancreatic bands, symptoms like projectile vomiting may occur shortly after feeding in neonates or infants as early as within hours/days to a few weeks of life onset (usin' term).

2. Abdominal pain that can range from mild discomfort to severe crampy and colicky sensations due to the pressure exerted by the pancreatic bands"
What are the symptoms of Spinocerebellar ataxia 3 ?,"What are the signs and symptoms of Spinocerebellar ataxia 3? The Human Phenotype Ontology provides the following list of signs and symptoms for Spinocerebellar ataxia 3. If the information is available, the table below includes how often the symptom is seen in people with this condition. You can use the MedlinePlus Medical Dictionary to look up the definitions for these medical terms. Signs and Symptoms Approximate number of patients (when available) Dysautonomia 7.5% Ataxia 57/57 Gaze-evoked nystagmus 15/20 External ophthalmoplegia 34/57 Dysarthria 30/57 Spasticity 62/139 Dystonia 17/57 Fasciculations 12/57 Parkinsonism 3/57 Absent Achilles reflex - Autosomal dominant inheritance - Babinski sign - Bradykinesia - Cerebellar atrophy - Chronic pain - Dementia - Dilated fourth ventricle - Diplopia - Distal amyotrophy - Dysmetric saccades - Dysphagia - Facial-lingual fasciculations - Genetic anticipation - Gliosis - Impaired horizontal smooth pursuit - Limb ataxia - Muscle cramps - Postural instability - Progressive - Progressive cerebellar ataxia - Proptosis - Ptosis - Rigidity - Spinocerebellar tract degeneration - Supranuclear ophthalmoplegia - Truncal ataxia - Urinary bladder sphincter dysfunction - The Human Phenotype Ontology (HPO) has collected information on how often a sign or symptom occurs in a condition. Much of this information comes from Orphanet, a European rare disease database. The frequency of a sign or symptom is usually listed as a rough estimate of the percentage of patients who have that feature. The frequency may also be listed as a fraction. The first number of the fraction is how many people had the symptom, and the second number is the total number of people who were examined in one study. For example, a frequency of 25/25 means that in a study of 25 people all patients were found to have that symptom. Because these frequencies are based on a specific study, the fractions may be different if another group of patients are examined. Sometimes, no information on frequency is available. In these cases, the sign or symptom may be rare or common.","Spinocerebellar ataxia type 3 (SCA3), also known as Machado-Joseph Disease, is a progressive neurodegenerative disorder that affects the cerebellum and its function. Here are some of the common symptoms associated with SCA3:

1. Ataxia - Loss of coordination in movements such as walking or fine motor skills like picking up small objects, which can lead to difficulties speaking due to impainmented control over muscles used for speech production (dysarthria). The ataxia is often characterized by a wide-based gait and unsteady hands.

2. Dysarthria - Individuals with SCA3 may experience slurred or slow speech that can become more difficult to understand as the disease progresses, also known as hypophonia. Speech volume might decrease (soft voice) due to muscle weakness and fatigue while speaking. The person's ability to control facial movements essential for articulation of sounds may deteriorate over time leading to a harsh or nasal-sounding speech called ""dysprosody.""

3"
"What are the symptoms of Macular dystrophy, concentric annular ?","What are the signs and symptoms of Macular dystrophy, concentric annular? The Human Phenotype Ontology provides the following list of signs and symptoms for Macular dystrophy, concentric annular. If the information is available, the table below includes how often the symptom is seen in people with this condition. You can use the MedlinePlus Medical Dictionary to look up the definitions for these medical terms. Signs and Symptoms Approximate number of patients (when available) Autosomal dominant inheritance - Dyschromatopsia - Foveal hyperpigmentation - Macular dystrophy - The Human Phenotype Ontology (HPO) has collected information on how often a sign or symptom occurs in a condition. Much of this information comes from Orphanet, a European rare disease database. The frequency of a sign or symptom is usually listed as a rough estimate of the percentage of patients who have that feature. The frequency may also be listed as a fraction. The first number of the fraction is how many people had the symptom, and the second number is the total number of people who were examined in one study. For example, a frequency of 25/25 means that in a study of 25 people all patients were found to have that symptom. Because these frequencies are based on a specific study, the fractions may be different if another group of patients are examined. Sometimes, no information on frequency is available. In these cases, the sign or symptom may be rare or common.","Macular dystrophy with a concentration on Annular patterns is characterized by progressive vision loss. The most common and distinct symptom for this condition includes blurred or distorted central vision which might be described as experiencing 'washed out' images, essentially because the macula —the part of your eye that gives you clear, detailed sight—is damaged. This damage often affects straight lines appearing wavy while seeing objects in motion can cause a shimmering effect known as “metamorphopsia.” 

Symptoms specific to concentric annular Macular Dystrophy might include rings or arcs encircling the central vision, much like an artistic rendition of target-like patterns. This is usually due to deposits around the macula and it can make straight lines look wavy as mentioned earlier. People with this condition may also experience difficulty reading small print or recognizing faces until there's significant loss in their visual acuity, which might lead them into seeing shadows within shapes (phosphenes) when they strain to see better - a phenomenon that can cause discomfort and fatigue.

Patients may also experience changes in color perception; for"
What are the genetic changes related to focal dermal hypoplasia ?,"Mutations in the PORCN gene cause focal dermal hypoplasia. This gene provides instructions for making a protein that is responsible for modifying other proteins, called Wnt proteins. Wnt proteins participate in chemical signaling pathways in the body that regulate development of the skin, bones, and other structures before birth.  Mutations in the PORCN gene appear to prevent the production of any functional PORCN protein. Researchers believe Wnt proteins cannot be released from the cell without the PORCN protein. When Wnt proteins are unable to leave the cell, they cannot participate in the chemical signaling pathways that are critical for normal development. The various signs and symptoms of focal dermal hypoplasia are likely due to abnormal Wnt signaling during early development.","Focal Dermal Hypoplasia (FDH) is a rare, autosomal dominant disorder first described in a family from Utah. The condition primarily affects skin and connective tissue development during embryonic life resulting in folds of the epidermis that grow over openings to other body structures or into one another forming cleft-like defects on various parts of the body, including hands, feet, face (eyelids & nose), genitalia. 

The exact cause and pathogenesis are still unclear but it is thought to be related to an abnormal differentiation of epidermal cells during embryonic development due to a mutation in specific gene(s). At this point multiple variations have been reported with the most common being alterations (mutations) on chromosomes 19 and Xp22.3- which affect certain genes such as DLX5, EIF4AX or CREM that play crucial roles in skin development during embryogenesis through their impact on various signaling pathways like Wnt/β-catenin, Hedgehog (Gli) and Notch.

These gen"
