question,gold_answer,model_answer
What is (are) Brooke-Spiegler syndrome ?,"Brooke-Spiegler syndrome is a condition characterized by multiple skin tumors that develop from structures associated with the skin, such as sweat glands and hair follicles. People with Brooke-Spiegler syndrome may develop several types of tumors, including growths called spiradenomas, trichoepitheliomas, and cylindromas. The tumors associated with Brooke-Spiegler syndrome are generally benign (noncancerous), but occasionally they may become malignant (cancerous). Individuals with Brooke-Spiegler syndrome are also at increased risk of developing tumors in tissues in other areas, particularly benign or malignant tumors of the salivary or parotid glands and basal cell carcinomas. Brooke-Spiegler syndrome is caused by mutations in the CYLD gene. Susceptibility to Brooke-Spiegler syndrome has an autosomal dominant pattern of inheritance, which means one copy of the altered gene in each cell increases the risk of developing this condition. However, a second, non-inherited mutation is required for development of skin appendage tumors in this disorder.","Brooke-Spiegler syndrome (BSS) is a rare genetic disorder characterized by the development of multiple benign skin tumors called trichoepitheliomas, which can also occur in the mouth and eyes. This condition is part of a group of disorders known as the adenosine triphosphate (ATP)-binding cassette transporter A1 (ABCA1) syndrome or multiple keratinizing cystic odontogenic tumor (KCOT) syndromes.

Key features of Brooke-Spiegler syndrome include:

1. **Trichoepitheliomas**: These are flesh-colored, firm skin tumors that most commonly appear on the head and neck but can occur on other parts of the body as well. They typically develop in childhood or early adolescence.
   
2. **KCOTs (Keratinizing Cystic Odontogenic Tumors)**: These benign tumors can form in the jaw bones, leading to swelling or pain in the mouth. They are associated with dental abnormalities and can cause issues with teeth development.

3. **Malignant Transformation Risk**: There is a significant risk of these benign tumors turning into cancerous (malignant) skin tumors, particularly basal cell carcinomas, which are the most common type of skin cancer."
How to diagnose Parkinson disease ?,"How is Parkinson disease diagnosed? There are currently no blood or laboratory tests that have been proven to help diagnose sporadic cases of Parkinson disease. The diagnosis is generally made after careful evaluation of medical history, current symptoms, and exclusion of other conditions. The clinical findings of tremor, rigidity, and bradykinesia are highly suggestive of Parkinson disease. The genetic cause of some forms of Parkinson disease has been identified. In those cases, genetic testing may be utilized to identify affected family members.","Diagnosing Parkinson's disease (PD) can be challenging as its early symptoms often resemble other conditions and can vary widely from person to person. However, there are several steps and methods that healthcare professionals use to make an accurate diagnosis:

### 1. Medical History and Neurological Examination

- **Medical History**: A thorough medical history is crucial. Healthcare providers will ask about the patient's symptoms, duration of illness, family history, and any other relevant health issues.
- **Neurological Examination**: This includes a detailed assessment by a neurologist to check for signs such as tremors, rigidity (stiffness), bradykinesia (slowness of movement), and postural instability. They will also look for other non-motor symptoms like sleep disturbances or changes in cognition.

### 2. Observation of Symptoms

- **Tremor**: While the classic Parkinson's symptom is a tremor, it's important to note that not all patients experience this.
- **Rigidity and Bradykinesia**: These can manifest as stiffness (especially in the neck, shoulders, hips, or legs) and slowness of movements.

### 3. Response to Levodopa

- **Drug Test**: A trial of levodopa"
What are the treatments for autoimmune lymphoproliferative syndrome ?,"These resources address the diagnosis or management of ALPS:  - Gene Review: Gene Review: Autoimmune Lymphoproliferative Syndrome  - Genetic Testing Registry: Autoimmune lymphoproliferative syndrome  - Genetic Testing Registry: Autoimmune lymphoproliferative syndrome type 1, autosomal recessive  - Genetic Testing Registry: Autoimmune lymphoproliferative syndrome, type 1a  - Genetic Testing Registry: Autoimmune lymphoproliferative syndrome, type 1b  - Genetic Testing Registry: Autoimmune lymphoproliferative syndrome, type 2  - Genetic Testing Registry: RAS-associated autoimmune leukoproliferative disorder  - National Institute of Allergy and Infectious Diseases (NIAID): ALPS Treatment   These resources from MedlinePlus offer information about the diagnosis and management of various health conditions:  - Diagnostic Tests  - Drug Therapy  - Surgery and Rehabilitation  - Genetic Counseling   - Palliative Care","Autoimmune Lymphoproliferative Syndrome (ALPS) is a rare primary immunodeficiency disorder characterized by excessive proliferation of lymphocytes and associated with autoimmunity, particularly against self-lymphoid cells. The treatment options for ALPS can vary depending on the severity of symptoms and complications. Here are some common treatments:

1. **Corticosteroids**: These are often used as a first-line treatment to suppress the immune system and reduce inflammation. Prednisone is commonly prescribed, but other corticosteroids may be used.

2. **Immunosuppressive Agents**: For patients who do not respond well to corticosteroids or need long-term management, immunosuppressive agents such as azathioprine or methotrexate can be considered. These drugs help in controlling the immune system without the high dose of steroids.

3. **B-cell Depletion Therapy**: Rituximab is a monoclonal antibody that targets CD20-positive B cells and has been used successfully to treat ALPS. It may be particularly useful for patients who have developed complications like splenomegaly or are refractory to other treatments.

4. **Splenectomy**: This surgical procedure involves removing the spleen, which can sometimes alleviate symptoms"
Is juvenile polyposis syndrome inherited ?,"Juvenile polyposis syndrome is inherited in an autosomal dominant pattern, which means one copy of the altered gene in each cell is sufficient to cause the disorder.  In approximately 75 percent of cases, an affected person inherits the mutation from one affected parent. The remaining 25 percent of cases result from new mutations in the gene and occur in people with no history of the disorder in their family.","Juvenile polyposis syndrome (JPS) is typically inherited in an autosomal dominant pattern, meaning that only one copy of the altered gene from each parent is needed to develop the condition. However, it's important to note that not all cases follow this classic inheritance pattern.

There are two main types of JPS:

1. **Hereditary Juvenile Polyposis (HJPP):** This form follows an autosomal dominant inheritance pattern and accounts for about 80-90% of JPS cases. Mutations in the SMAD4 or BMPR1A genes are responsible.

2. **Non-Hereditary Juvenile Polyposis:** Approximately 10-20% of cases do not follow a classic autosomal dominant inheritance pattern and may occur as sporadic mutations without a family history.

In the hereditary form, an individual with JPS has a 50% chance of passing the condition on to each of their children. Genetic testing can help diagnose carriers and at-risk individuals, allowing for early detection and management strategies.

If you or your family members are concerned about JPS, it would be advisable to consult with a genetic counselor or a specialist who can provide a more personalized assessment and guidance regarding potential inheritance risks."
Do you have information about Seniors' Health,"Summary : People in the U.S. are living longer than ever before. Many seniors live active and healthy lives. But there's no getting around one thing: as we age, our bodies and minds change. There are things you can do to stay healthy and active as you age.It is important to understand what to expect. Some changes may just be part of normal aging, while others may be a warning sign of a medical problem. It is important to know the difference, and to let your healthcare provider know if you have any concerns.    Having a healthy lifestyle can help you to deal with normal aging changes and make the most of your life.","Certainly! Senior health is an important topic as people age and their bodies undergo changes that can affect overall well-being. Here are some key aspects of seniors' health:

### 1. **Physical Health**
- **Cardiovascular Health**: Heart disease, high blood pressure, and stroke risk increase in older adults.
- **Bone Density**: Osteoporosis is more common due to decreased bone density, which can lead to fractures.
- **Vision and Hearing**: Vision and hearing may decline, leading to increased risks of falls and social isolation.
- **Mobility**: Joint issues like arthritis are common, affecting mobility.

### 2. **Mental Health**
- **Depression**: Common in older adults due to factors such as loss of loved ones or loneliness.
- **Dementia and Alzheimer's Disease**: Risk increases with age, impacting memory, thinking, and behavior.
- **Stress Management**: Chronic stress can have negative effects on physical health.

### 3. **Nutrition**
- **Balanced Diet**: Essential for maintaining energy levels and overall health.
- **Hydration**: Older adults may need to drink more water as they become less thirsty.
- **Calcium and Vitamin D**: Important for bone health.

### 4. **Regular Check-ups**"
What are the genetic changes related to oculodentodigital dysplasia ?,"Mutations in the GJA1 gene cause oculodentodigital dysplasia. The GJA1 gene provides instructions for making a protein called connexin43. This protein forms one part (a subunit) of channels called gap junctions, which allow direct communication between cells. Gap junctions formed by connexin43 proteins are found in many tissues throughout the body.  GJA1 gene mutations result in abnormal connexin43 proteins. Channels formed with abnormal proteins are often permanently closed. Some mutations prevent connexin43 proteins from traveling to the cell surface where they are needed to form channels between cells. Impaired functioning of these channels disrupts cell-to-cell communication, which likely interferes with normal cell growth and cell specialization, processes that determine the shape and function of many different parts of the body. These developmental problems cause the signs and symptoms of oculodentodigital dysplasia.","Oculodentodigital dysplasia (ODD) is a rare genetic disorder that primarily affects the eyes, teeth, and digits (fingers and toes). It is caused by mutations in the *EFEMP1* gene, which encodes for a protein called EFA6R. These mutations are typically inherited in an autosomal dominant pattern, although some cases may be due to de novo mutations.

The genetic changes associated with Oculodentodigital dysplasia include:

1. **Missense Mutations**: Alterations that change a single amino acid in the protein sequence can disrupt its function.
2. **Nonsense Mutations**: These lead to premature stop codons, truncating the protein and potentially leading to loss of function.
3. **Deletions or Insertions**: Changes in the number of nucleotides can affect the structure of the gene and the resulting protein.
4. **Splicing Mutations**: Alterations that affect how the gene's exons are joined together during mRNA processing, which can lead to aberrant transcripts.

Identifying specific mutations requires genetic testing, such as DNA sequencing, which can detect variations in the *EFEMP1* gene. These tests are typically performed by geneticists or medical genetic laboratories and involve analyzing"
What are the genetic changes related to pyruvate kinase deficiency ?,"Pyruvate kinase deficiency is caused by mutations in the PKLR gene. The PKLR gene is active in the liver and in red blood cells, where it provides instructions for making an enzyme called pyruvate kinase. The pyruvate kinase enzyme is involved in a critical energy-producing process known as glycolysis. During glycolysis, the simple sugar glucose is broken down to produce adenosine triphosphate (ATP), the cell's main energy source.  PKLR gene mutations result in reduced pyruvate kinase enzyme function, causing a shortage of ATP in red blood cells and increased levels of other molecules produced earlier in the glycolysis process. The abnormal red blood cells are gathered up by the spleen and destroyed, causing hemolytic anemia and an enlarged spleen. A shortage of red blood cells to carry oxygen throughout the body leads to fatigue, pallor, and shortness of breath. Iron and a molecule called bilirubin are released when red blood cells are destroyed, resulting in an excess of these substances circulating in the blood. Excess bilirubin in the blood causes jaundice and increases the risk of developing gallstones.  Pyruvate kinase deficiency may also occur as an effect of other blood diseases, such as leukemia. These cases are called secondary pyruvate kinase deficiency and are not inherited.","Pyruvate kinase (PK) deficiency is an inherited metabolic disorder that affects red blood cells, leading to hemolytic anemia. This condition results from mutations in the PK gene, which provides instructions for making the enzyme pyruvate kinase. Pyruvate kinase plays a crucial role in glycolysis, the process by which glucose is broken down to produce energy.

The genetic changes related to pyruvate kinase deficiency are primarily point mutations and deletions within the PKR (also known as PKM or PK) gene located on chromosome 19. These mutations can lead to various degrees of enzyme activity loss, resulting in different levels of severity in clinical presentation.

Key points about the genetic changes associated with pyruvate kinase deficiency:

1. **Genetic Basis**: The disease is inherited in an autosomal recessive pattern, meaning a person must inherit two copies of the mutated gene (one from each parent) to develop the condition.

2. **PKR Gene Mutations**: The PKR gene contains instructions for producing pyruvate kinase, and mutations can arise at various positions within this gene. Common types of mutations include:

   - Point mutations: Single nucleotide substitutions that can alter the amino acid sequence of the enzyme.
   -"
How to diagnose Gerstmann-Straussler-Scheinker disease ?,"How is Gerstmann-Straussler-Scheinker disease diagnosed? The diagnosis of Gerstmann-Straussler-Scheinker disease (GSS) is based on a combination of the following: Characteristic signs and symptoms Nervous system findings including multiple amyloid plaques (clumps which form in the brain and cause the death of nerve cells and the progressive symptoms of the disease) A family history consistent with autosomal dominant inheritance Identification of a disease-causing mutation of the PRNP gene Genetic testing for at-risk relatives who do not yet have symptoms of GSS is possible if the disease-causing mutation in the family is known. This testing is not useful in predicting age of onset, severity, type of symptoms, or rate of progression. Testing for the disease-causing mutation in the absence of definite symptoms of the disease is called predictive testing.","Gerstmann-Straussler-Scheinker (GSS) disease is a rare, inherited prion disorder that primarily affects the central nervous system. Diagnosis of GSS typically involves several steps due to its rarity and clinical overlap with other neurodegenerative conditions. Here are some key aspects involved in diagnosing GSS:

1. **Clinical Evaluation**: 
   - **Symptoms**: The disease often presents with progressive neurological symptoms, including ataxia (loss of balance), limb weakness or paralysis, dysarthria (speech difficulties), and later on, cognitive decline.
   - **Family History**: Since GSS is inherited in an autosomal dominant manner, a detailed family history can be crucial.

2. **Clinical Assessment**:
   - A thorough neurological examination to assess reflexes, muscle strength, coordination, sensation, and cognitive function.
   - Neurological tests that may include MRI scans or other imaging studies to look for specific brain abnormalities characteristic of prion diseases.

3. **Laboratory Tests**:
   - **Cerebrospinal Fluid (CSF) Analysis**: While not specific for GSS, CSF analysis can show abnormalities such as elevated protein levels.
   - **Blood Tests and Genetic Testing**: To rule out other conditions and confirm the"
How many people are affected by Salih myopathy ?,"Salih myopathy appears to be a rare disorder, although its prevalence is unknown. It has been reported in a small number of families of Moroccan and Sudanese descent.","Salih myopathy is a rare genetic condition primarily affecting populations of Arabian descent, particularly those living in the southern parts of Saudi Arabia and Yemen. However, exact numbers of how many people are affected globally or within specific regions are not widely documented due to its rarity and the challenges in conducting comprehensive prevalence studies.

To get an accurate estimate of the number of people affected by Salih myopathy, one would need to refer to recent epidemiological studies or reports from local health authorities in areas where the condition is more prevalent. These sources can provide more specific data on the incidence and prevalence rates within those populations."
What is (are) Limited cutaneous systemic sclerosis ?,"Limited cutaneous systemic sclerosis is a subtype of systemic sclerosis characterized by the association of Raynaud's phenomenon and skin fibrosis on the hands, face, feet and forearms. The exact cause of limited cutaneous systemic sclerosis is unknown, but likely originates from an autoimmune reaction which leads to overproduction of collagen. In some cases, the condition is associated with exposure to certain chemicals. Management is aimed at treating the symptoms present in each affected individual.","Limited cutaneous systemic sclerosis (lcSSc), also known as limited systemic sclerosis orCREST syndrome, is a subtype of systemic sclerosis (sclerosis means hardening). It's characterized by the accumulation of excessive collagen in the skin and connective tissues. CREST is an acronym that stands for five clinical features commonly associated with this condition:

1. **C**alcinosis: Calcification of skin nodules.
2. **R**etrical vasculopathy (or Raynaud’s phenomenon): A severe reaction to cold or stress, resulting in color changes and pain in the fingers and toes.
3. **E**pipatricarpal contracture: Tightening of the tissue around the wrist joint.
4. **S**clerodactyly: Thickened skin of the fingers.
5. **T**elangiectasia: Small dilated blood vessels that appear as red spots or lines on the skin, commonly found on the face and neck.

In lcSSc, these symptoms are mainly limited to the skin and do not extend to internal organs. However, it can still lead to complications such as lung fibrosis (thickening of the lungs), pulmonary arterial hypertension, and gastrointestinal issues.

The progression and severity of symptoms vary"
"What are the symptoms of Ichthyosis, acquired ?","What are the signs and symptoms of Ichthyosis, acquired? The Human Phenotype Ontology provides the following list of signs and symptoms for Ichthyosis, acquired. If the information is available, the table below includes how often the symptom is seen in people with this condition. You can use the MedlinePlus Medical Dictionary to look up the definitions for these medical terms. Signs and Symptoms Approximate number of patients (when available) Dry skin 90% Ichthyosis 90% Pruritus 90% Immunologic hypersensitivity 50% Palmoplantar keratoderma 50% Skin ulcer 50% Autoimmunity 7.5% Lymphoma 7.5% Multiple myeloma 7.5% Renal insufficiency 7.5% Sarcoma 7.5% The Human Phenotype Ontology (HPO) has collected information on how often a sign or symptom occurs in a condition. Much of this information comes from Orphanet, a European rare disease database. The frequency of a sign or symptom is usually listed as a rough estimate of the percentage of patients who have that feature. The frequency may also be listed as a fraction. The first number of the fraction is how many people had the symptom, and the second number is the total number of people who were examined in one study. For example, a frequency of 25/25 means that in a study of 25 people all patients were found to have that symptom. Because these frequencies are based on a specific study, the fractions may be different if another group of patients are examined. Sometimes, no information on frequency is available. In these cases, the sign or symptom may be rare or common.","Ichthyosis is a group of skin disorders characterized by dry, scaly skin. When discussing ""acquired ichthyosis,"" we're referring to cases that develop later in life rather than being present from birth (which would be referred to as congenital or inherited).

The symptoms of acquired ichthyosis can vary but generally include:

1. **Dry Skin**: The most common and characteristic symptom is extremely dry skin.
2. **Scaly Skin**: The skin may become scaly, flaky, or peel off in small pieces like fish scales.
3. **Redness**: Affected areas might appear red or inflamed.
4. **Itching**: Many people with ichthyosis experience itching, which can be mild to severe.
5. **Thickened Skin**: Some areas of skin may become thick and hard (hyperkeratotic).
6. **Fine Scaling**: This is often more noticeable in the folds of the skin such as elbows, knees, and neck.
7. **Cracks or Cysts**: In some cases, small cracks can develop and occasionally small cysts.

Acquired ichthyosis can be associated with other conditions such as:

- **Drug-Induced Ichthyosis**: Certain medications, especially antipsychotics, diure"
What is (are) Diabetes ?,"Type 1 diabetes, which used to be called called juvenile diabetes or insulin-dependent diabetes, develops most often in young people. However, type 1 diabetes can also develop in adults. With this form of diabetes, your body no longer makes insulin or doesnt make enough insulin because your immune system has attacked and destroyed the insulin-producing cells. About 5 to 10 percent of people with diabetes have type 1 diabetes. To survive, people with type 1 diabetes must have insulin delivered by injection or a pump. Learn more about type 1 diabetes here.  Learn more about type 1 diabetes here. Type 2 diabetes, which used to be called adult-onset diabetes or non insulin-dependent diabetes, is the most common form of diabetes. Although people can develop type 2 diabetes at any age -- even during childhood -- type 2 diabetes develops most often in middle-aged and older people. Type 2 diabetes usually begins with insulin resistancea condition that occurs when fat, muscle, and liver cells do not use insulin to carry glucose into the bodys cells to use for energy. As a result, the body needs more insulin to help glucose enter cells. At first, the pancreas keeps up with the added demand by making more insulin. Over time, the pancreas doesnt make enough insulin when blood sugar levels increase, such as after meals. If your pancreas can no longer make enough insulin, you will need to treat your type 2 diabetes.  Learn more about type 2 diabetes here.","Diabetes is a chronic condition that occurs when the body cannot properly regulate blood sugar levels. There are several types of diabetes, but the two most common are:

1. **Type 1 Diabetes**: This type was previously known as juvenile diabetes because it often develops in childhood or adolescence, though it can occur at any age. In Type 1 diabetes, the pancreas produces little to no insulin, a hormone that helps regulate blood sugar levels. Insulin is necessary for the body to use glucose (sugar) from food for energy.

2. **Type 2 Diabetes**: This type was previously known as adult-onset diabetes because it often develops in adulthood, although increasing numbers of children are now being diagnosed with Type 2 diabetes due to rising obesity rates. In Type 2 diabetes, the body becomes resistant to insulin or doesn't produce enough insulin. This leads to high blood sugar levels.

Other types include:

- **Gestational Diabetes**: Occurs during pregnancy and usually goes away after the baby is born.
- **Monogenic Diabetes**: Rare forms caused by specific genetic defects, such as maturity-onset diabetes of the young (MODY).

Management of diabetes typically involves a combination of diet, exercise, medication (such as insulin or oral medications), and regular monitoring"
What is (are) Catecholaminergic polymorphic ventricular tachycardia ?,"Catecholaminergic polymorphic ventricular tachycardia (CPVT) is a genetic disorder that causes an abnormally fast and irregular heart rhythm in response to physical activity or emotional stress. Signs and symptoms include light-headedness, dizziness, and fainting. Symptoms most often develop between 7 to 9 years of age.  If untreated CPVT can cause a heart attack and death. CPVT is caused by mutations in the RYR2 or CASQ2 genes. When a RYR2 gene mutation is involved, the condition is passed through families in an autosomal dominant fashion. When CASQ2 gene mutations are involved, the condition is inherited in an autosomal recessive fashion. In some cases the underlying cause can not be determined. Beta blockers are used to treat CPVT.  An Implantable Cardioverter Defibrillator (ICD) may also be needed.","Catecholaminergic Polymorphic Ventricular Tachycardia (CPVT) is an inherited heart condition characterized by abnormal electrical activity in the heart, which can lead to rapid and disorganized heartbeats (ventricular tachycardia). These episodes of ventricular tachycardia can be triggered by physical exertion or emotional stress. CPVT is typically caused by genetic mutations that affect the function of proteins responsible for regulating calcium channels in cardiac cells.

Key points about CPVT include:

1. **Genetic Basis**: CPVT is usually inherited in an autosomal dominant pattern, meaning a person needs only one copy of the mutated gene to develop the condition. However, some cases can occur due to new mutations that are not inherited from parents.

2. **Triggers**: Episodes of ventricular tachycardia can be induced by physical activity or emotional stress. Some patients may experience these episodes without any apparent trigger.

3. **Symptoms**: Symptoms include palpitations (a feeling of a fast, fluttering heartbeat), syncope (fainting), and in severe cases, sudden cardiac arrest.

4. **Diagnosis**: Diagnosis is often made through electrocardiogram (ECG) or Holter monitor findings during an episode"
What to do for Alzheimer's Caregiving ?,"Most people with Alzheimers disease are cared for at home by family members. Within families, caregiving is provided most often by wives and husbands, followed by daughters. As Alzheimers disease gets worse, the person will need more and more care. Because of this, you will need more help. It's okay to seek help whenever you need it. Building a local support system is a key way to get help. This system might include a caregiver support group, the local chapter of the Alzheimer's Association, family, friends, and faith groups. To learn where to get help in your community, contact - the Alzheimers Disease Education and Referral (ADEAR) Center, 1-800-438-4380 or visit www.nia.nih.gov/alzheimers  - the Alzheimer's Association at 1-800-272-3900.  the Alzheimers Disease Education and Referral (ADEAR) Center, 1-800-438-4380 or visit www.nia.nih.gov/alzheimers the Alzheimer's Association at 1-800-272-3900. Various professional services can help with everyday care in the home of someone with Alzheimers disease. Medicare, Medicaid, and other health insurance plans may help pay for these services. Contact Eldercare Locator to find the services you need in your area by calling 1-800-677-1116 or visiting  www.eldercare.gov. Home Health Care Services Home health care agencies send a home health aide or nurse to your home to help you care for a person with Alzheimers. They may come for a few hours or stay for 24 hours and are paid by the hour. Some home health aides are better trained and supervised than others. Ask your doctor or other health care professional about good home health care services in your area. Get as much information as possible about a service before you sign an agreement. Also, ask for and check references Here are some questions to ask before signing a home health care agreement. - Is your service licensed and accredited?  - How much do your services cost?  - What is included and not included in your services?  - How many days a week and hours a day will an aide come to my home?   - How do you check the background and experience of your home health aides?   - How do you train your home health aides?   - What types of emergency care can you provide?   - Who do I contact if there is a problem?  Is your service licensed and accredited? How much do your services cost? What is included and not included in your services? How many days a week and hours a day will an aide come to my home? How do you check the background and experience of your home health aides? How do you train your home health aides? What types of emergency care can you provide? Who do I contact if there is a problem? For information about how to find home health care services, see Caring for a Person with Alzheimers Disease. Meal Services Meal services bring hot meals to the person's home or your home. The delivery staff does not feed the person. The person with Alzheimers disease must qualify for the service based on local guidelines. Some groups do not charge for their services. Others may charge a small fee. For information, call Eldercare Locator at 1-800-677-1116 or go to  www.eldercare.gov. You may also contact Meals on Wheels at 1-888-998-6325. Adult Day Care Services Adult day care services provide a safe environment, activities, and staff who take care of the person with Alzheimers at their own facility. This provides a much-needed break for you. Many programs provide transportation between the persons home and the facility. Adult day care services generally charge by the hour. Most insurance plans do not cover these costs. To find adult day care services in your area, contact the National Adult Day Services Association at 1-877-745-1440. Watch a video to learn more about the services provided at adult day care.  Respite Services Respite services provide short stays, from a few days to a few weeks, in a nursing home or other place for the person with Alzheimers disease. This care allows you to get a break or go on a vacation. Respite services charge by the number of days or weeks that services are provided. Medicare or Medicaid may cover the cost of up to 5 days in a row of respite care in an inpatient facility. Most private insurance plans do not cover these costs. To find respite services in your community, call the National Respite Locator Service at 1-800-773-5433 (toll-free). Geriatric Care Managers Geriatric care managers visit your home to assess your needs and suggest and arrange home-care services. They charge by the hour. Most insurance plans don't cover these costs. To find a geriatric care manager, contact the National Association of Professional Geriatric Care Managers at 1-520-881-8008. Mental Health Professionals and Social Workers Mental health professionals and social workers help you deal with any stress you may be feeling. They help you understand feelings, such as anger, sadness, or feeling out of control. They can also help you make plans for unexpected or sudden events. Mental health professionals charge by the hour. Medicare, Medicaid, and some private health insurance plans may cover some of these costs. Ask your health insurance plan which mental health counselors and services it covers. Then check with your doctor, local family service agencies, and community mental health agencies for referrals to counselors.","Alzheimer's caregiving can be challenging but also deeply rewarding. Here are some steps and tips that can help you provide quality care:

### 1. **Understanding the Disease**
- **Educate Yourself:** Learn about Alzheimer’s disease, including its stages and common behaviors.
- **Stay Informed:** Keep up-to-date with new treatments and caregiving techniques.

### 2. **Physical Care**
- **Safety First:** Ensure the environment is safe to reduce the risk of accidents such as falls or burns.
- **Diet Management:** Work with a healthcare provider to create a healthy meal plan that meets their nutritional needs.
- **Medication Management:** Keep track of medication schedules and ensure they are taken on time.

### 3. **Emotional Support**
- **Listen Actively:** Give them plenty of attention, and be patient when listening to their concerns or requests.
- **Provide Comfort:** Offer physical comfort through gentle touch (if appropriate) or a soft toy.
- **Encourage Expression:** Help them express feelings verbally if possible.

### 4. **Memory Care**
- **Routine and Structure:** Establish a daily routine that includes regular meals, walks, and activities.
- **Use Aids for Memory:** Utilize calendars, clocks, and other memory"
Is Andersen-Tawil syndrome inherited ?,"This condition is inherited in an autosomal dominant pattern, which means one copy of the altered gene in each cell is sufficient to cause the disorder. In some cases, a person with Andersen-Tawil syndrome inherits the mutation from one affected parent. Other cases result from new mutations in the KCNJ2 gene. These cases occur in people with no history of the disorder in their family.","Andersen-Tawil Syndrome (ATS) is typically inherited in an autosomal dominant manner. This means that a person only needs to inherit one copy of the defective gene from one parent to develop the condition. However, it's important to note that not all individuals with the genetic mutation will necessarily show symptoms, which can vary widely among affected individuals.

The syndrome is caused by mutations in genes responsible for ion channels, particularly the KCNJ2 gene (which encodes a potassium channel protein) or the SCN5A gene (which encodes a sodium channel protein). These mutations lead to abnormal electrical activity in certain cells, primarily affecting cardiac muscle and skeletal muscles, as well as sometimes the kidneys.

For individuals with a family history of ATS or related conditions, genetic counseling can be beneficial. This can help them understand their risk and make informed decisions about potential testing or other medical considerations."
What is the outlook for Rett Syndrome ?,"The course of Rett syndrome, including the age of onset and the severity of symptoms, varies from child to child. Despite the difficulties with symptoms, most individuals with Rett syndrome continue to live well into middle age and beyond. Because the disorder is rare, very little is known about long-term prognosis and life expectancy.","Rett Syndrome is a rare genetic disorder that primarily affects females and is typically caused by mutations in the MECP2 gene on the X chromosome. As of now, there is no cure for Rett Syndrome, but ongoing research is focused on understanding the underlying mechanisms and developing potential therapies.

The outlook for individuals with Rett Syndrome has improved significantly over recent years due to advancements in medical care, supportive therapies, and increased awareness. Here are some key points regarding the current outlook:

1. **Supportive Therapies**: Various therapies can help manage specific symptoms of Rett Syndrome, including physical therapy, occupational therapy, speech therapy, and behavioral interventions. These therapies aim to improve motor skills, communication abilities, and overall quality of life.

2. **Medical Management**: In recent years, there have been breakthroughs in treating some aspects of the condition. For example, the FDA has approved Zinecard (cenobamate) for partial-onset seizures associated with Rett Syndrome and several other medications that can be used off-label to manage symptoms like anxiety, aggression, and epilepsy.

3. **Research and Clinical Trials**: There is ongoing research into gene therapy, pharmacological treatments, and stem cell therapies aimed at addressing the underlying genetic defect responsible for Rett Syndrome. These efforts are"
What causes What I need to know about Diarrhea ?,"Causes of diarrhea include
                
- bacteria from contaminated food or water  - viruses that cause illnesses such as the flu  - parasites, which are tiny organisms found in contaminated food or water  - medicines such as antibiotics  - problems digesting certain foods  - diseases that affect the stomach, small intestine, or colon, such as Crohns disease  - problems with how the colon functions, caused by disorders such as irritable bowel syndrome
                
Sometimes no cause can be found. As long as diarrhea goes away within 1 to 2 days, finding the cause is not usually necessary.","To address your query effectively, it seems there might be a small typo in the question. It's likely you meant to ask ""What causes diarrhea?"" If that's correct, here’s an overview of what can cause diarrhea:

Diarrhea is defined as having loose, watery stools more than three times per day or if your stool volume is significantly increased compared to usual. Diarrhea can be caused by various factors, including:

1. **Infections**: Bacterial, viral, and parasitic infections are common causes of diarrhea. Examples include:
   - Viruses: Rotavirus, norovirus, adenovirus
   - Bacteria: Salmonella, Escherichia coli (E. coli), Campylobacter
   - Parasites: Giardia, Cryptosporidium

2. **Food Intolerances and Allergies**: Certain foods can trigger diarrhea in people with sensitivities or allergies, such as lactose intolerance.

3. **Medications**: Some medications can cause diarrhea as a side effect, including antibiotics (which can disrupt the normal gut flora) and some cancer treatments.

4. **Irritable Bowel Syndrome (IBS)**: This condition affects the large intestine and can cause symptoms like abdominal pain"
What causes Heart Palpitations ?,"Many things can cause palpitations. You may have these feelings even when your heart is beating normally or somewhat faster than normal.
                
Most palpitations are harmless and often go away on their own. However, some palpitations are signs of a heart problem. Sometimes the cause of palpitations can't be found.
                
If you start having palpitations, see your doctor to have them checked.
                
Causes Not Related to Heart Problems
                
Strong Emotions
                
You may feel your heart pounding or racing during anxiety, fear, or stress. You also may have these feelings if you're having a panic attack.
                
Vigorous Physical Activity
                
Intense activity can make your heart feel like its beating too hard or too fast, even though it's working normally. Intense activity also can cause occasional premature (extra) heartbeats.
                
Medical Conditions
                
Some medical conditions can cause palpitations. These conditions can make the heart beat faster or stronger than usual. They also can cause premature (extra) heartbeats.
                
Examples of these medical conditions include:
                
An overactive thyroid
                
A low blood sugar level
                
Anemia
                
Some types of low blood pressure
                
Fever
                
Dehydration (not enough fluid in the body)
                
Hormonal Changes
                
The hormonal changes that happen during pregnancy, menstruation, and the perimenopausal period may cause palpitations. The palpitations will likely improve or go away as these conditions go away or change.
                
Some palpitations that occur during pregnancy may be due to anemia.
                
Medicines and Stimulants
                
Many medicines can trigger palpitations because they can make the heart beat faster or stronger than usual. Medicines also can cause premature (extra) heartbeats.
                
Examples of these medicines include:
                
Inhaled asthma medicines.
                
Medicines to treat an underactive thyroid. Taking too much of these medicines can cause an overactive thyroid and lead to palpitations.
                
Medicines to prevent arrhythmias. Medicines used to treat irregular heart rhythms can sometimes cause other irregular heart rhythms.
                
Over-the-counter medicines that act as stimulants also may cause palpitations. These include decongestants (found in cough and cold medicines) and some herbal and nutritional supplements.
                
Caffeine, nicotine (found in tobacco), alcohol, and illegal drugs (such as cocaine and amphetamines) also can cause palpitations.
                
Causes Related to Heart Problems
                
Some palpitations are symptoms of arrhythmias. Arrhythmias are problems with the rate or rhythm of the heartbeat. However, less than half of the people who have palpitations have arrhythmias.
                
During an arrhythmia, the heart can beat too fast, too slow, or with an irregular rhythm. An arrhythmia happens if some part of the heart's electrical system doesn't work as it should.
                
Palpitations are more likely to be related to an arrhythmia if you:
                
Have had a heart attack or are at risk for one.
                
Have coronary heart disease (CHD) or risk factors for CHD.
                
Have other heart problems, such as heart failure, heart valve disease, or heart muscle disease.
                
Have abnormal electrolyte levels. Electrolytes are minerals, such as potassium and sodium, found in blood and body fluids. They're vital for normal health and functioning of the body.","Heart palpitations can be caused by a variety of factors, ranging from benign conditions to more serious health issues. Here are some common causes:

1. **Stress and Anxiety**: Emotional stress or anxiety can lead to heart palpitations.
2. **Physical Activity**: Exercising vigorously can cause your heart rate to increase temporarily.
3. **Medications**: Certain medications like asthma inhalers, decongestants, stimulants (such as caffeine), some cold medicines, and certain antidepressants can cause heart palpitations.
4. **Electrolyte Imbalance**: An imbalance in electrolytes such as potassium or magnesium can affect the electrical activity of your heart.
5. **Dehydration**: Not drinking enough fluids can also lead to palpitations.
6. **Hormonal Changes**: Hormones related to menstruation, pregnancy, and thyroid issues can trigger palpitations.
7. **Caffeine and Alcohol**: Consuming large amounts of caffeine or alcohol can stimulate the heart and cause palpitations.
8. **Smoking**: Nicotine in tobacco products can affect your heart rate.
9. **Medical Conditions**:
   - **Tachycardia (a fast heartbeat)**
   - **Atrial Fibrillation (irregular heartbeat)**"
Is triple X syndrome inherited ?,"Most cases of triple X syndrome are not inherited. The chromosomal change usually occurs as a random event during the formation of reproductive cells (eggs and sperm). An error in cell division called nondisjunction can result in reproductive cells with an abnormal number of chromosomes. For example, an egg or sperm cell may gain an extra copy of the X chromosome as a result of nondisjunction. If one of these atypical reproductive cells contributes to the genetic makeup of a child, the child will have an extra X chromosome in each of the body's cells.  46,XX/47,XXX mosaicism is also not inherited. It occurs as a random event during cell division in early embryonic development. As a result, some of an affected person's cells have two X chromosomes (46,XX), and other cells have three X chromosomes (47,XXX).","Triple X syndrome (also known as trisomy X) is not typically considered an inherited condition in the same way that some genetic disorders are passed down through families. Instead, it usually results from a random error that occurs during the formation of reproductive cells (eggs or sperm). This means that an individual with triple X syndrome has three copies of the X chromosome instead of the usual two.

Here’s more detail:

1. **Non-Inheritance**: Triple X syndrome is not passed down genetically in the same way other chromosomal conditions are inherited. It arises spontaneously and can occur in any pregnancy, regardless of the parents' genetic makeup.

2. **Prenatal Factors**: The extra X chromosome typically results from a random error that happens when an egg cell is being formed or when it combines with a sperm to form a zygote. This type of spontaneous chromosomal abnormality does not run in families and is generally not inherited by future generations.

3. **Occurrence Rate**: Triple X syndrome occurs in approximately 1 out of every 1,000 female births, making it the most common chromosomal variation in females after trisomy 21 (Down syndrome).

It’s important to note that while triple X syndrome is not inherited in a traditional sense,"
What are the symptoms of Diabetes ?,"Many people with diabetes experience one or more symptoms, including extreme thirst or hunger, a frequent need to urinate and/or fatigue. Some lose weight without trying. Additional signs include sores that heal slowly, dry, itchy skin, loss of feeling or tingling in the feet and blurry eyesight. Some people with diabetes, however, have no symptoms at all.","Diabetes can have various symptoms that may vary in severity from person to person. Here are some common symptoms associated with diabetes:

1. **Increased Thirst**: Frequent feelings of thirst and an increased need to drink fluids.

2. **Frequent Urination**: Experiencing a need to urinate more often, especially at night.

3. **Extreme Hunger**: Despite eating regularly, feeling abnormally hungry.

4. **Unexplained Weight Loss**: Losing weight without trying, especially if you have type 1 diabetes or are experiencing severe high blood sugar levels.

5. **Fatigue**: Feeling unusually tired or fatigued more often than usual.

6. **Blurred Vision**: High blood glucose levels can cause fluid to be pulled from the lenses of your eyes, leading to temporary blurred vision.

7. **Healing Wounds Slowly**: Having cuts and wounds that take a longer time than normal to heal.

8. **Infections More Frequent**: Experiencing frequent infections, such as bladder infections, skin infections, or yeast infections (especially in women).

9. **Numbness or Tingling in the Hands or Feet**: Nerve damage can cause tingling, numbness, or pain in the hands and feet.

10. **Dry Skin"
Is Serpiginous choroiditis inherited ?,Can I inherit serpiginous choroiditis if my mother has the condition? No familial predillection or propensity has been described.,"Serpiginous choroiditis is typically not considered an inherited condition. It usually presents as a unilateral or bilateral chronic inflammation of the choroid, characterized by serpiginous (snake-like) lesions that can lead to vision loss.

The exact cause of serpiginous choroiditis remains unclear, but it is thought to be related to factors such as:

1. **Age**: More common in middle-aged and older adults.
2. **Immune System Issues**: It may involve an immune response, possibly triggered by infectious agents or other inflammatory conditions.
3. **Chronic Hypertension**: Some cases are associated with long-term use of corticosteroids.

While it is not directly inherited, there can be some genetic factors that influence one's susceptibility to the condition. For example, certain polymorphisms in genes involved in immune responses have been linked to an increased risk of developing serpiginous choroiditis.

If you or a family member has concerns about this condition, it would be advisable to consult with an ophthalmologist for a detailed evaluation and appropriate management."
What is (are) Nail Diseases ?,"Your toenails and fingernails protect the tissues of your toes and fingers. They are made up of layers of a hardened protein called keratin, which is also in your hair and skin. The health of your nails can be a clue to your overall health. Healthy nails are usually smooth and consistent in color. Specific types of nail discoloration and changes in growth rate can be signs of lung, heart, kidney, and liver diseases, as well as diabetes and anemia. White spots and vertical ridges are harmless.    Nail problems that sometimes require treatment include       - Bacterial and fungal infections    - Ingrown nails    - Tumors    - Warts       Keeping your nails clean, dry, and trimmed can help you avoid some problems. Do not remove the cuticle, which can cause infection.","Nail diseases can refer to any condition that affects the appearance or health of fingernails or toenails. Here are some common nail diseases and disorders:

1. **Onychomycosis**: This is a fungal infection of the nails, often causing thickening, yellowing, and brittleness.

2. **Psoriasis (Psoas):** A chronic autoimmune condition that can cause pitted, discolored, or thickened nails.

3. **Lichen Planus:** An inflammatory skin disease that can affect the nails, leading to thinning, splitting, and discoloration.

4. **Tinea Unguium:** Also a fungal infection similar to onychomycosis but specifically referred to as nail ringworm.

5. **Paronychia:** Inflammation or infection of the skin surrounding the nail fold, which can be either acute (quick onset) or chronic.

6. **Nail Dystrophy:** A general term for any abnormality in the structure and growth of nails due to various causes like trauma, nutritional deficiencies, or systemic diseases.

7. **Pitting:** Small depressions in the nail plate that are often associated with psoriasis but can also occur in other conditions.

8. **Onycholysis:**"
What are the genetic changes related to vitelliform macular dystrophy ?,"Mutations in the BEST1 and PRPH2 genes cause vitelliform macular dystrophy. BEST1 mutations are responsible for Best disease and for some cases of the adult-onset form of vitelliform macular dystrophy. Changes in the PRPH2 gene can also cause the adult-onset form of vitelliform macular dystrophy; however, less than a quarter of all people with this form of the condition have mutations in the BEST1 or PRPH2 gene. In most cases, the cause of the adult-onset form is unknown.  The BEST1 gene provides instructions for making a protein called bestrophin. This protein acts as a channel that controls the movement of charged chlorine atoms (chloride ions) into or out of cells in the retina. Mutations in the BEST1 gene probably lead to the production of an abnormally shaped channel that cannot properly regulate the flow of chloride. Researchers have not determined how these malfunctioning channels are related to the buildup of lipofuscin in the macula and progressive vision loss.  The PRPH2 gene provides instructions for making a protein called peripherin 2. This protein is essential for the normal function of light-sensing (photoreceptor) cells in the retina. Mutations in the PRPH2 gene cause vision loss by disrupting structures in these cells that contain light-sensing pigments. It is unclear why PRPH2 mutations affect only central vision in people with adult-onset vitelliform macular dystrophy.","Vitelliform macular dystrophy (VMD) is a group of inherited retinal diseases characterized by abnormalities in the macula, which is the part of the retina responsible for detailed central vision. VMD can be caused by mutations in several genes, with two major forms being identified: Best disease and bestrophin-related vitelliform dystrophy.

### 1. **Best Disease (VMD1)**
   - **Genes Involved:** The primary gene associated with Best disease is BFAR (now known as BEST1).
   - **Mutations:** Most cases of Best disease are caused by mutations in the BEST1 gene, which encodes a cell-surface protein called Bestrophin 1. This protein is thought to function as an ion channel.
   - **Genetic Inheritance:** Best disease typically follows an autosomal dominant pattern of inheritance.

### 2. **Bestrophin-Related Vitelliform Macular Dystrophy (VMD2)**
   - **Genes Involved:** Mutations in other bestrophin genes can also cause vitelliform macular dystrophy.
   - **Bestrophins:** These include Bestrophin 2 (BEST2), Bestrophin 3 (BEST3), and"
What are the symptoms of Konigsmark Knox Hussels syndrome ?,"What are the signs and symptoms of Konigsmark Knox Hussels syndrome? The Human Phenotype Ontology provides the following list of signs and symptoms for Konigsmark Knox Hussels syndrome. If the information is available, the table below includes how often the symptom is seen in people with this condition. You can use the MedlinePlus Medical Dictionary to look up the definitions for these medical terms. Signs and Symptoms Approximate number of patients (when available) Ataxia 5% Abnormal amplitude of pattern reversal visual evoked potentials - Abnormal auditory evoked potentials - Autosomal dominant inheritance - Central scotoma - Centrocecal scotoma - Horizontal nystagmus - Increased variability in muscle fiber diameter - Myopathy - Ophthalmoplegia - Optic atrophy - Peripheral neuropathy - Phenotypic variability - Progressive sensorineural hearing impairment - Ptosis - Red-green dyschromatopsia - Reduced visual acuity - Strabismus - Tritanomaly - Visual impairment - The Human Phenotype Ontology (HPO) has collected information on how often a sign or symptom occurs in a condition. Much of this information comes from Orphanet, a European rare disease database. The frequency of a sign or symptom is usually listed as a rough estimate of the percentage of patients who have that feature. The frequency may also be listed as a fraction. The first number of the fraction is how many people had the symptom, and the second number is the total number of people who were examined in one study. For example, a frequency of 25/25 means that in a study of 25 people all patients were found to have that symptom. Because these frequencies are based on a specific study, the fractions may be different if another group of patients are examined. Sometimes, no information on frequency is available. In these cases, the sign or symptom may be rare or common.","I apologize, but there is no widely recognized medical condition or syndrome known as ""Konigsmark Knox Hussels syndrome."" This term does not appear in any established medical literature or databases.

It's possible that you may be referring to a specific combination of symptoms or conditions under a made-up name. If this is the case, could you provide more context or details? Alternatively, if there are specific symptoms or conditions you're concerned about, please describe them, and I can help provide information based on recognized medical knowledge.

For accurate diagnosis and treatment, it's important to consult with healthcare professionals who can assess your specific situation."
"What are the symptoms of Cardiac valvular dysplasia, X-linked ?","What are the signs and symptoms of Cardiac valvular dysplasia, X-linked? The Human Phenotype Ontology provides the following list of signs and symptoms for Cardiac valvular dysplasia, X-linked. If the information is available, the table below includes how often the symptom is seen in people with this condition. You can use the MedlinePlus Medical Dictionary to look up the definitions for these medical terms. Signs and Symptoms Approximate number of patients (when available) Abnormality of metabolism/homeostasis - Aortic regurgitation - Congestive heart failure - Mitral regurgitation - Mitral valve prolapse - Short chordae tendineae of the mitral valve - Short chordae tendineae of the tricuspid valve - Tricuspid regurgitation - X-linked recessive inheritance - The Human Phenotype Ontology (HPO) has collected information on how often a sign or symptom occurs in a condition. Much of this information comes from Orphanet, a European rare disease database. The frequency of a sign or symptom is usually listed as a rough estimate of the percentage of patients who have that feature. The frequency may also be listed as a fraction. The first number of the fraction is how many people had the symptom, and the second number is the total number of people who were examined in one study. For example, a frequency of 25/25 means that in a study of 25 people all patients were found to have that symptom. Because these frequencies are based on a specific study, the fractions may be different if another group of patients are examined. Sometimes, no information on frequency is available. In these cases, the sign or symptom may be rare or common.","Cardiac valve dysplasia is not typically categorized as an X-linked condition; it's more commonly associated with genetic or developmental abnormalities that can affect any individual regardless of sex. However, I will cover some general symptoms related to cardiac valve dysplasia, which could be relevant even if the specific genetic cause is not explicitly an X-linked disorder.

Cardiac valve dysplasia refers to a condition where the valves in the heart are malformed, leading to various issues with blood flow through the heart. The symptoms can vary depending on the severity and the specific valve(s) affected (tricuspid, pulmonary, mitral, or aortic). Common symptoms include:

1. **Shortness of Breath:** This can be experienced during physical activity or even at rest.
2. **Fatigue:** A persistent feeling of tiredness, especially after minimal exertion.
3. **Swelling in the Legs and Feet:** Due to fluid retention (edema).
4. **Pounding Sensation in the Chest (Palpitations):** This can be felt as a rapid or irregular heartbeat.
5. **Chest Pain:** May occur due to reduced blood flow or pressure on heart muscle.
6. **Fainting Episodes:** Caused by inadequate blood supply to the brain, such as"
What are the symptoms of Acrokeratoelastoidosis of Costa ?,"What are the signs and symptoms of Acrokeratoelastoidosis of Costa? The Human Phenotype Ontology provides the following list of signs and symptoms for Acrokeratoelastoidosis of Costa. If the information is available, the table below includes how often the symptom is seen in people with this condition. You can use the MedlinePlus Medical Dictionary to look up the definitions for these medical terms. Signs and Symptoms Approximate number of patients (when available) Hyperkeratosis 90% Verrucae 90% Abnormality of the nail 50% Hyperhidrosis 50% Acrokeratosis - Autosomal dominant inheritance - The Human Phenotype Ontology (HPO) has collected information on how often a sign or symptom occurs in a condition. Much of this information comes from Orphanet, a European rare disease database. The frequency of a sign or symptom is usually listed as a rough estimate of the percentage of patients who have that feature. The frequency may also be listed as a fraction. The first number of the fraction is how many people had the symptom, and the second number is the total number of people who were examined in one study. For example, a frequency of 25/25 means that in a study of 25 people all patients were found to have that symptom. Because these frequencies are based on a specific study, the fractions may be different if another group of patients are examined. Sometimes, no information on frequency is available. In these cases, the sign or symptom may be rare or common.","Acrokeratoelastoidosis of Costa is a rare skin condition that primarily affects the elderly. It is characterized by the development of firm, yellowish-brown to brown papules (small raised bumps) on the extremities, particularly around the elbows, knees, and ankles. The key features and symptoms include:

1. **Papules**: Firm, round or oval-shaped elevations on the skin.
2. **Coloration**: These papules are often yellowish-brown to brown in color.
3. **Location**: Mainly found on the extremities (hands, forearms, lower legs), but can also appear on other parts of the body.
4. **Texture**: The lesions are typically hard and may have a slight elastic quality.
5. **Symmetry**: Lesions often appear symmetrically.

The condition is usually benign and does not cause significant discomfort or pain. However, it can be cosmetically distressing for some individuals due to its appearance. If you suspect this condition in yourself or someone else, consulting with a dermatologist would be advisable for an accurate diagnosis and appropriate management."
What are the treatments for spastic paraplegia type 7 ?,"These resources address the diagnosis or management of spastic paraplegia type 7:  - Gene Review: Gene Review: Hereditary Spastic Paraplegia Overview  - Gene Review: Gene Review: Spastic Paraplegia 7  - Genetic Testing Registry: Spastic paraplegia 7  - Spastic Paraplegia Foundation, Inc.: Treatments and Therapies   These resources from MedlinePlus offer information about the diagnosis and management of various health conditions:  - Diagnostic Tests  - Drug Therapy  - Surgery and Rehabilitation  - Genetic Counseling   - Palliative Care","Spastic Paraplegia Type 7 (SPTP7) is an inherited neurological disorder characterized by progressive lower limb spasticity and weakness, often accompanied by bladder dysfunction. Treatment options for SPTP7 focus on managing symptoms and improving quality of life. Here are some common treatments:

1. **Physical Therapy**: Regular physical therapy can help maintain muscle strength, prevent contractures, and improve mobility.

2. **Occupational Therapy**: This helps in maintaining independence with daily activities by adapting tasks and environments as needed.

3. **Bladder Management**: For patients experiencing bladder dysfunction, strategies such as timed voiding schedules, catheterization, or intermittent self-catheterization may be recommended.

4. **Medications**:
   - **Antispasmodics**: Drugs like baclofen, tizanidine, and dantrolene can help reduce muscle spasms.
   - **Anticonvulsants**: Medications such as gabapentin or pregabalin might also be used to control pain and spasticity.
   - **Botulinum Toxin Injections**: In some cases, injections of botulinum toxin into spastic muscles may provide temporary relief.

5. **Surgical Interventions**:
   -"
What are the treatments for fragile X syndrome ?,These resources address the diagnosis or management of fragile X syndrome:  - Gene Review: Gene Review: FMR1-Related Disorders  - GeneFacts: Fragile X Syndrome: Diagnosis  - GeneFacts: Fragile X Syndrome: Management  - Genetic Testing Registry: Fragile X syndrome  - MedlinePlus Encyclopedia: Fragile X syndrome   These resources from MedlinePlus offer information about the diagnosis and management of various health conditions:  - Diagnostic Tests  - Drug Therapy  - Surgery and Rehabilitation  - Genetic Counseling   - Palliative Care,"Fragile X syndrome is a genetic disorder that affects cognitive abilities and can result in intellectual disabilities, behavioral and learning challenges, and various physical characteristics. There is no cure for Fragile X syndrome, but there are several treatment approaches aimed at managing its symptoms and improving the quality of life for individuals with this condition.

### Treatments for Fragile X Syndrome Include:

1. **Medications:**
   - **Behavioral and Cognitive Therapy:** These therapies can help manage symptoms such as anxiety, hyperactivity, and attention issues.
   - **Antidepressants and Antipsychotics:** Medications may be prescribed to address behavioral or psychiatric symptoms like depression, autism spectrum disorder (ASD), or irritability.

2. **Occupational Therapy:**
   - Helps individuals develop skills for daily living activities, improve fine motor skills, and enhance sensory integration.
   
3. **Physical Therapy:**
   - Assists in improving muscle strength, coordination, and overall physical health, which can be particularly beneficial if there are movement disorders or issues with balance.

4. **Speech-Language Pathology:**
   - Helps address communication difficulties, which might include speech delays, language comprehension challenges, or social interaction skills.
   
5. **Special Education Services:**
   - Tailored"
What are the treatments for Thrombocytopenia ?,"Treatment for thrombocytopenia depends on its cause and severity. The main goal of treatment is to prevent death and disability caused by bleeding.
                
If your condition is mild, you may not need treatment. A fully normal platelet count isn't necessary to prevent bleeding, even with severe cuts or accidents.
                
Thrombocytopenia often improves when its underlying cause is treated. People who inherit the condition usually don't need treatment.
                
If a reaction to a medicine is causing a low platelet count, your doctor may prescribe another medicine. Most people recover after the initial medicine has been stopped. For heparin-induced thrombocytopenia (HIT), stopping the heparin isn't enough. Often, you'll need another medicine to prevent blood clotting.
                
If your immune system is causing a low platelet count, your doctor may prescribe medicines to suppress the immune system.
                
Severe Thrombocytopenia
                
If your thrombocytopenia is severe, your doctor may prescribe treatments such as medicines, blood or platelet transfusions, or splenectomy.
                
Medicines
                
Your doctor may prescribe corticosteroids, also called steroids for short. Steroids may slow platelet destruction. These medicines can be given through a vein or by mouth. One example of this type of medicine is prednisone.
                
The steroids used to treat thrombocytopenia are different from illegal steroids taken by some athletes to enhance performance.
                
Your doctor may prescribe immunoglobulins or medicines like rituximab to block your immune system. These medicines are given through a vein. He or she also may prescribe other medicines, such as eltrombopag or romiplostim, to help your body make more platelets. The former comes as a tablet to take by mouth and the latter is given as an injection under the skin.
                
Blood or Platelet Transfusions
                
Blood or platelet transfusions are used to treat people who have active bleeding or are at a high risk of bleeding. During this procedure, a needle is used to insert an intravenous (IV) line into one of your blood vessels. Through this line, you receive healthy blood or platelets.
                
For more information about this procedure, go to the Health Topics Blood Transfusion article.
                
Splenectomy
                
A splenectomy is surgery to remove the spleen. This surgery may be used if treatment with medicines doesn't work. This surgery mostly is used for adults who have immune thrombocytopenia (ITP). However, medicines often are the first course of treatment.","Thrombocytopenia is a condition characterized by a low platelet count in the blood. The treatment for thrombocytopenia depends on its underlying cause, severity, and symptoms. Here are some common approaches to managing thrombocytopenia:

1. **Identify and Treat the Underlying Cause:**
   - If anemia, infection, or another condition is causing thrombocytopenia, treating that primary issue can help increase platelet levels.

2. **Medications:**
   - Corticosteroids (e.g., prednisone) are often used to suppress the immune system and reduce the destruction of platelets.
   - Intravenous immunoglobulin (IVIG) may be given if the condition is due to an autoimmune response.
   - Anti-D immunoglobulin can be used in cases where antibodies against platelets are causing thrombocytopenia, particularly in people with Rh-positive blood.

3. **Platelet Transfusions:**
   - These are typically reserved for patients who have severe bleeding or a very low platelet count and need immediate intervention to prevent life-threatening complications.

4. **Pharmacological Agents:**
   - Drugs like eltrombopag (Revolade"
Is supravalvular aortic stenosis inherited ?,"This condition is inherited in an autosomal dominant pattern, which means one copy of the altered gene in each cell is sufficient to cause the disorder. However, some people who inherit the altered gene never develop features of SVAS. (This situation is known as reduced penetrance.)  In some cases, a person inherits the mutation from one parent who has the mutation. Other cases result from new mutations in the gene and occur in people with no history of the disorder in their family.","Supravalvular aortic stenosis (SVAS) can be inherited in some cases, but it is often considered to have both genetic and environmental components, making its inheritance pattern more complex than simple Mendelian genetics.

### Genetic Aspects:
1. **Mendelian Inheritance**: Some forms of SVAS are inherited in an autosomal dominant manner. This means that a single copy of the mutated gene from one parent can be sufficient to cause the condition.
2. **De Novo Mutations**: SVAS can also arise due to new mutations (de novo) that occur during early fetal development, meaning there is no family history.

### Other Factors:
- **Syndromic Forms**: Certain syndromes associated with SVAS can have a more predictable inheritance pattern. For example, in some cases, it is associated with other congenital heart defects or genetic conditions like Noonan syndrome.
- **Multifactorial Inheritance**: Many times, SVAS results from a combination of genetic predispositions and environmental factors.

### Diagnosis and Genetic Testing:
If there is suspicion of an inherited form of SVAS, genetic testing can be useful. It's important to consult with a cardiologist or a geneticist who specializes in these conditions for accurate diagnosis and management"
How to diagnose Amyloidosis and Kidney Disease ?,"A health care provider diagnoses dialysis-related amyloidosis with
                
- urinalysis  - blood tests  - imaging tests
                
A health care provider can use urinalysis and blood tests to detect the amount of amyloid proteins in urine and blood. Imaging tests, such as x-rays and CT scans, can provide pictures of bone cysts and amyloid deposits in bones, joints, tendons, and ligaments. An x-ray technician performs imaging tests in a health care providers office, an outpatient center, or a hospital. A radiologista doctor who specializes in medical imaginginterprets the images. A patient does not require anesthesia.","Diagnosing amyloidosis and kidney disease can involve several steps, depending on the specific symptoms and clinical context. Here’s an overview of how these conditions might be diagnosed:

### Diagnosis of Amyloidosis:
1. **Medical History**: A detailed medical history will be taken to identify any risk factors or symptoms that may suggest amyloidosis.
2. **Physical Examination**: The doctor will perform a physical examination, looking for signs such as swelling (edema), changes in skin color, and heart abnormalities.
3. **Blood Tests**:
   - Blood protein electrophoresis can help detect abnormal proteins.
   - Tryptase levels may be elevated in certain types of amyloidosis.
4. **Urinalysis**: This test checks for the presence of protein or blood in the urine, which could indicate kidney involvement.
5. **Imaging Studies**:
   - Ultrasound: Can show enlarged kidneys and other organ changes.
   - MRI (Magnetic Resonance Imaging): Helps assess amyloid deposition in organs like the heart and liver.
6. **Biopsy**: The most definitive test for diagnosing amyloidosis involves a biopsy of affected tissue, such as kidney, heart, or bone marrow. This is usually done using a needle aspiration or surgical"
What is (are) Asperger Syndrome ?,"Asperger syndrome (AS) is a developmental disorder. It is an autism spectrum disorder (ASD), one of a distinct group of neurological conditions characterized by a greater or lesser degree of impairment in language and communication skills, as well as repetitive or restrictive patterns of thought and behavior. Other ASDs include: classic autism, Rett syndrome, childhood disintegrative disorder, and pervasive developmental disorder not otherwise specified (usually referred to as PDD-NOS). Unlike children with autism, children with AS retain their early language skills.
                
The most distinguishing symptom of AS is a childs obsessive interest in a single object or topic to the exclusion of any other. Children with AS want to know everything about their topic of interest and their conversations with others will be about little else. Their expertise, high level of vocabulary, and formal speech patterns make them seem like little professors. Other characteristics of AS include repetitive routines or rituals; peculiarities in speech and language; socially and emotionally inappropriate behavior and the inability to interact successfully with peers; problems with non-verbal communication; and clumsy and uncoordinated motor movements.
                
Children with AS are isolated because of their poor social skills and narrow interests. They may approach other people, but make normal conversation impossible by inappropriate or eccentric behavior, or by wanting only to talk about their singular interest.Children with AS usually have a history of developmental delays in motor skills such as pedaling a bike, catching a ball, or climbing outdoor play equipment. They are often awkward and poorly coordinated with a walk that can appear either stilted or bouncy.","Asperger Syndrome was a condition that used to be recognized in the past as a distinct diagnosis within the autism spectrum disorders. However, with the publication of the Diagnostic and Statistical Manual of Mental Disorders, Fifth Edition (DSM-5) in 2013, Asperger Syndrome is no longer considered an official category by the American Psychiatric Association.

Instead, it is now included under the broader diagnosis of Autism Spectrum Disorder (ASD). Individuals who previously would have been diagnosed with Asperger Syndrome are now typically given a diagnosis of ASD based on their specific symptoms and behaviors. ASD is characterized by challenges in social interaction and communication, alongside restricted or repetitive patterns of behavior.

Asperger Syndrome was noted for its relatively high functioning level compared to other forms of autism; individuals often had average or above-average intelligence and did not have significant language delays as seen in some other types of autism. However, they still experienced difficulties with social interactions and might exhibit unique patterns of behavior or interests.

Now that Asperger's is subsumed under ASD, it's important to note the characteristics and challenges typically associated with individuals on the spectrum, which include:

1. **Social Communication Challenges**: Individuals may struggle with understanding non-verbal cues like body language, facial expressions,"
what research (or clinical trials) is being done for Post-Polio Syndrome ?,"The National Institute of Neurological Disorders and Stroke (NINDS) and other institutes of the National Institutes of Health (NIH) conduct research related to PPS in laboratories at the NIH, and also support additional PPS research through grants to major medical institutions across the country.","Post-Polio Syndrome (PPS) is a condition that affects some individuals who have had poliomyelitis (polio) years after their initial recovery. While there isn't a vast amount of dedicated research specific to PPS, various studies and clinical trials are ongoing or have been conducted to better understand the syndrome and develop effective treatments.

### Ongoing Research and Clinical Trials

1. **Understanding Pathophysiology**:
   - Researchers continue to investigate the underlying mechanisms that lead to muscle weakness, fatigue, and other symptoms in individuals with PPS. This includes studying neurodegenerative processes, nerve cell changes, and muscle atrophy.
   
2. **Pharmacological Interventions**:
   - Clinical trials are being conducted to test various medications aimed at reducing muscle pain, improving strength, or slowing the progression of symptoms. For example, some studies have explored the use of growth hormone, vitamin E, and other supplements.

3. **Physical Therapy and Exercise**:
   - There is an ongoing focus on developing effective physical therapy programs tailored for individuals with PPS. These programs often include exercise training to improve muscle strength, endurance, and overall function.

4. **Neuromodulation Approaches**:
   - Some studies are exploring the use of"
What is (are) Retinal vasculopathy with cerebral leukodystrophy ?,"Retinal vasculopathy with cerebral leukodystrophy (RVCL) is a rare, genetic condition that primarily affects the central nervous system. Symptoms begin in adulthood (usually in the 40s) and may include loss of vision, mini-strokes, and dementia. Death can sometimes occur within 10 years of the first symptoms appearing. RVCL is inherited in an autosomal dominant manner and is caused by mutations in the TREX1 gene. Treatments currently aim to manage or alleviate the symptoms rather than treating the underlying cause. RVCL is now considered to include the following 3 conditions which were previously thought to be distinct: hereditary endotheliopathy, retinopathy, nephropathy, and stroke (HERNS); cerebroretinal vasculopathy (CRV); and hereditary vascular retinopathy (HVR).","Retinal Vasculopathy with Cerebral Leukodystrophy (RVCL) is a rare, progressive neuro-degenerative condition that affects the blood vessels of the retina and leads to damage in the white matter of the brain. Here are some key points about RVCL:

1. **Pathology**: The condition involves two primary features:
   - Retinal Vasculopathy: Abnormalities or degeneration in the blood vessels of the retina, which can lead to vision loss.
   - Cerebral Leukodystrophy: Demyelination (loss of myelin sheath) and demyelinated lesions in the brain's white matter. This can cause various neurological symptoms.

2. **Symptoms**: RVCL typically presents with a range of symptoms including:
   - Vision problems, such as blurred vision or progressive loss of sight.
   - Neurological issues like cognitive decline, movement disorders, seizures, and ataxia (loss of voluntary muscle coordination).

3. **Etiology**: The exact cause can vary but often involves genetic factors, though not all cases are hereditary.

4. **Diagnosis**: Diagnosis typically involves a combination of:
   - Ophthalmological examination to assess retinal changes.
   - Neurological evaluation for"
what research (or clinical trials) is being done for Chronic Pain ?,"Clinical investigators have tested chronic pain patients and found that they often have lower-than-normal levels of endorphins in their spinal fluid. Investigations of acupuncture include wiring the needles to stimulate nerve endings electrically (electroacupuncture), which some researchers believe activates endorphin systems. Other experiments with acupuncture have shown that there are higher levels of endorphins in cerebrospinal fluid following acupuncture. Investigators are studying the effect of stress on the experience of chronic pain. Chemists are synthesizing new analgesics and discovering painkilling virtues in drugs not normally prescribed for pain.","Chronic pain affects millions of people worldwide and is a complex condition that can result from various causes such as nerve damage, inflammation, or prolonged tissue injury. Research into chronic pain continues to evolve, with numerous clinical trials and studies exploring new treatments and therapies. Here are some areas of research currently being investigated:

1. **Neuromodulation Techniques**:
   - **Spinal Cord Stimulation (SCS)**: Clinical trials are ongoing to evaluate the long-term efficacy of SCS in managing chronic pain conditions such as diabetic neuropathy, fibromyalgia, and complex regional pain syndrome.
   - **Deep Brain Stimulation**: Research is also being conducted on deep brain stimulation for severe cases of neuropathic pain.

2. **Pharmacological Treatments**:
   - **Opioid Management and Alternatives**: Studies are focusing on the safe use of opioids and developing non-opioid alternatives, including cannabinoids (like CBD), ketamine, and capsaicin.
   - **Antidepressants and Anticonvulsants**: Ongoing trials assess newer formulations or combination therapies that may provide better pain relief with fewer side effects.

3. **Biological Treatments**:
   - **Targeted Therapies**: Research is exploring the role of"
What causes Adenoid cystic carcinoma ?,"What causes adenoid cystic carcinoma? The underlying cause of adenoid cystic carcinoma (ACC) is not yet known, and no strong genetic or environmental risk factors specific to ACC have been identified. Researchers believe that a combination of various genetic and environmental factors probably interact to ultimately cause a person to develop specific types of cancers. There is ongoing research to learn more about the many factors that contribute to the development of cancer. Cancer is at least partly due to acquired (not inherited) damage or changes to the DNA in certain cells. For example, various studies have shown that chromosomal abnormalities and genetic deletions are present in samples of ACC. However, these genetic abnormalities are present only in the cancer cells, not in the cells with the genetic material that is passed on to offspring (the egg and sperm cells).","Adenoid cystic carcinoma (ACC) is a rare and often aggressive type of cancer that typically affects the salivary glands but can also occur in other locations such as the breast, lung, and trachea. The exact cause of ACC is not fully understood, but several factors are believed to contribute to its development:

1. **Genetic Mutations**: Research has identified specific genetic mutations associated with ACC, particularly in the gene NCOA4 (also known as PIP3KCD) and TP53. These mutations can lead to uncontrolled cell growth and division.

2. **Cancer Stem Cells**: Some studies suggest that cancer stem cells might play a role in the development and progression of ACC. These cells have properties similar to normal stem cells, such as self-renewal and differentiation, but they can also initiate tumor formation.

3. **Epigenetic Changes**: Epigenetic modifications, which include changes in DNA methylation patterns and histone modifications, can affect gene expression without altering the DNA sequence. These changes are thought to contribute to the development of ACC by influencing how certain genes behave.

4. **Environmental Factors**: While there is no definitive evidence linking specific environmental factors to ACC, some researchers propose that long-term exposure to certain chemicals"
"What are the genetic changes related to distal hereditary motor neuropathy, type II ?","Mutations in the HSPB1 and HSPB8 genes cause distal hereditary motor neuropathy, type II. These genes provide instructions for making proteins called heat shock protein beta-1 and heat shock protein beta-8. Heat shock proteins help protect cells under adverse conditions such as infection, inflammation, exposure to toxins, elevated temperature, injury, and disease. They block signals that lead to programmed cell death. In addition, they appear to be involved in activities such as cell movement (motility), stabilizing the cell's structural framework (the cytoskeleton), folding and stabilizing newly produced proteins, and repairing damaged proteins. Heat shock proteins also appear to play a role in the tensing of muscle fibers (muscle contraction).  Heat shock protein beta-1 and heat shock protein beta-8 are found in cells throughout the body and are abundant in nerve cells. In nerve cells, heat shock protein beta-1 helps to organize a network of molecular threads called neurofilaments that maintain the diameter of specialized extensions called axons. Maintaining proper axon diameter is essential for the efficient transmission of nerve impulses. The function of heat shock protein beta-8 is not well understood, but studies have shown that it interacts with heat shock protein beta-1.  The HSPB1 and HSPB8 gene mutations that cause distal hereditary motor neuropathy, type II change single protein building blocks (amino acids) in the protein sequence. If either protein is altered, they may be more likely to cluster together and form clumps (aggregates). Aggregates of heat shock proteins may block the transport of substances that are essential for the proper function of nerve axons. The disruption of other cell functions in which these proteins are involved may also contribute to the signs and symptoms of distal hereditary motor neuropathy, type II.","Distal Hereditary Motor Neuropathy (dHMN), also known as distal spinal muscular atrophy (distal SMA or dSMA), is a subtype of hereditary motor neuropathies. It primarily affects the lower limbs and involves progressive muscle weakness and wasting in the distal areas, which are the peripheral parts of the limbs away from the trunk.

dHMN type II specifically refers to a more severe form compared to type I (which is less common). The genetic changes associated with dHMN are typically related to mutations in genes that influence motor neuron function. The most well-known gene implicated in this condition is *DYNC1H1*, which encodes for the heavy chain of the cytoplasmic dynein 1 heavy chain 1, a protein involved in intracellular transport.

Other genetic changes or associated genes include:

1. ***DCTN1***: Mutations in this gene can also be linked to dHMN type II and are known to affect the function of dynactin, another component important for motor neuron health.
   
2. ***UNC51-like kinase 1 (ULK1)**, *ULK2*, *STAM2*: These genes are part of the autophagy-lysosomal"
How many people are affected by Miyoshi myopathy ?,"The exact prevalence of Miyoshi myopathy is unknown. In Japan, where the condition was first described, it is estimated to affect 1 in 440,000 individuals.","Miyoshi myopathy is a type of muscular dystrophy that affects a relatively small number of people. The exact prevalence or number of people affected globally is not well-documented due to its rarity, but it is estimated to be quite rare, with only a few cases reported in the medical literature.

Given its uncommon nature, specific population data are hard to come by, and incidence rates can vary significantly from region to region. If you need more detailed information or the latest statistics on Miyoshi myopathy, consulting specialist databases like PubMed for case reports or contacting patient support groups for muscular dystrophy could provide more accurate and localized data."
What are the genetic changes related to alpha-methylacyl-CoA racemase deficiency ?,"AMACR deficiency is caused by mutations in the AMACR gene. This gene provides instructions for making an enzyme called alpha-methylacyl-CoA racemase (AMACR).  The AMACR enzyme is found in the energy-producing centers in cells (mitochondria) and in cell structures called peroxisomes. Peroxisomes contain a variety of enzymes that break down many different substances, including fatty acids and certain toxic compounds. They are also important for the production (synthesis) of fats (lipids) used in digestion and in the nervous system. In peroxisomes, the AMACR enzyme plays a role in the breakdown of a fatty acid called pristanic acid, which comes from meat and dairy foods in the diet. In mitochondria, AMACR is thought to help further break down the molecules derived from pristanic acid.  Most individuals with AMACR deficiency have an AMACR gene mutation that results in a lack (deficiency) of functional enzyme. The enzyme deficiency leads to accumulation of pristanic acid in the blood. However, it is unclear how this accumulation is related to the specific signs and symptoms of AMACR deficiency.","Alpha-methylacyl-CoA racemase (AMACR) deficiency is associated with Zellweger syndrome spectrum disorder, which is part of a group known as peroxisome biogenesis disorders. This condition results from mutations in the PEX genes, which are responsible for encoding proteins necessary for the formation and maintenance of peroxisomes.

Peroxisomes are organelles involved in various metabolic processes, including the breakdown of fatty acids and the synthesis of very long-chain fatty acids. Mutations that disrupt the function or assembly of these organelles can lead to a range of neurological, liver, and kidney abnormalities due to impaired metabolism.

Specifically, AMACR is not one of the PEX genes; instead, it is a gene (also known as PEMT) involved in the metabolism of bile acids. However, in discussions related to peroxisome biogenesis disorders or Zellweger syndrome spectrum disorder, genetic changes often refer to mutations in PEX genes.

PEX genes are the primary targets for genetic changes leading to these disorders. There are 22 known PEX genes that can be involved in various combinations of mutations. These mutations can lead to different severities and presentations within the Zellweger syndrome spectrum disorder,"
Do you have information about Fires,"Summary : Whether a fire happens in your home or in the wild, it can be very dangerous. Fire spreads quickly. There is no time to gather valuables or make a phone call. In just two minutes, a fire can become life-threatening. In five minutes, a home can be engulfed in flames.    Heat and smoke from fire can be more dangerous than the flames. Inhaling the super-hot air can burn your lungs. Fire produces poisonous gases that make you disoriented and drowsy. Instead of being awakened by a fire, you may fall into a deeper sleep. You can suffocate or be burned.    Preventing fires is an important part of fire safety. Although there are no guarantees of safety during a fire, you can take actions to protect yourself. You should have a disaster plan. Being prepared can help reduce fear, anxiety, and losses. If you do experience a disaster, it is normal to feel stressed. You may need help in finding ways to cope.    Federal Emergency Management Agency","Certainly! Fires can be categorized in many ways depending on their nature, location, or the circumstances surrounding them. Here’s some general information:

1. **Wildfires**: These occur naturally due to lightning strikes or human activities like campfires that escape control. They can also be caused by agricultural or forestry practices. Wildfires can burn vast areas of forest and other vegetation, leading to significant environmental damage.

2. **Structural Fires**: These are fires in buildings, homes, or other structures. They can start from various sources such as electrical malfunctions, cooking accidents, or smoking materials left unattended.

3. **Forest Fires**: Often considered a subset of wildfires, forest fires specifically affect forests and their ecosystems. They can be both natural (lightning) and man-made.

4. **Urban Fires**: Fires that occur in densely populated areas with high concentrations of buildings and infrastructure. They might involve residential homes, commercial buildings, or public facilities.

5. **Vehicle Fires**: These are fires occurring in cars, buses, trucks, motorcycles, etc., which can be caused by engine issues, electrical problems, or accidents.

6. **Industrial Fires**: Fires that happen in industrial settings such as factories, refineries, and chemical plants. Industrial fires often pose significant safety risks due"
What are the treatments for Jackson-Weiss syndrome ?,These resources address the diagnosis or management of Jackson-Weiss syndrome:  - Gene Review: Gene Review: FGFR-Related Craniosynostosis Syndromes  - Genetic Testing Registry: Jackson-Weiss syndrome  - MedlinePlus Encyclopedia: Craniosynostosis   These resources from MedlinePlus offer information about the diagnosis and management of various health conditions:  - Diagnostic Tests  - Drug Therapy  - Surgery and Rehabilitation  - Genetic Counseling   - Palliative Care,"Jackson-Weiss syndrome is a rare genetic disorder characterized by foot and toe abnormalities such as broad or high arched feet with short big toes (hallux valgus), and midfoot and calcaneal (heel bone) malformations. While there is no cure for Jackson-Weiss syndrome, several treatments can help manage symptoms and improve quality of life.

### Treatment Options:

1. **Orthotic Devices:**
   - Custom orthotics or shoe inserts can provide support and alleviate pain by redistributing pressure away from the affected areas.
   
2. **Shoe Modifications:**
   - Wearing shoes with a wider toe box and lower heels can reduce discomfort and allow for more comfortable walking.

3. **Physical Therapy:**
   - Exercises to strengthen foot muscles and improve flexibility can help reduce pain and prevent further complications.

4. **Surgical Interventions:**
   - In cases where symptoms are severe or significantly impact quality of life, surgical options may be considered:
     - **Limb Lengthening:** To address significant leg length discrepancies.
     - **Bone Realignment Surgery:** For more complex deformities in the foot and toes.
     - **Hallux Valgus Correction:** If the big toe deviation is causing pain or discomfort.

5."
What is the outlook for Wallenberg's Syndrome ?,The outlook for someone with Wallenbergs syndrome depends upon the size and location of the area of the brain stem damaged by the stroke. Some individuals may see a decrease in their symptoms within weeks or months. Others may be left with significant neurological disabilities for years after the initial symptoms appeared.,"Wallenberg's syndrome, also known as lateral medullary syndrome, is a rare neurological condition that results from damage to the posterior inferior cerebellar artery (PICA) or the vertebral arteries in the brainstem. The prognosis and outlook for individuals with Wallenberg's syndrome can vary widely depending on several factors, including the severity of the initial injury, the extent of brainstem involvement, and the effectiveness of treatment.

Here are some key points regarding the outlook for Wallenberg's syndrome:

1. **Initial Recovery Phase**: In the immediate aftermath of the syndrome, patients may experience a period of intense symptoms due to inflammation or edema around the damaged area. This phase often lasts several weeks to months as swelling resolves and initial recovery occurs.

2. **Rehabilitation**: Early intervention with rehabilitation therapy can significantly improve outcomes. Physical therapy, speech therapy, and occupational therapy are commonly recommended to help patients regain strength, coordination, and mobility. Success in rehabilitation can lead to improved quality of life.

3. **Long-term Outlook**: The long-term outlook varies widely among individuals. Some people may experience complete recovery, while others might have residual symptoms such as chronic pain (thalamic pain syndrome), dysphagia (difficulty swallowing), or neuropathic pain. Chronic symptoms can"
What is (are) familial adenomatous polyposis ?,"Familial adenomatous polyposis (FAP) is an inherited disorder characterized by cancer of the large intestine (colon) and rectum. People with the classic type of familial adenomatous polyposis may begin to develop multiple noncancerous (benign) growths (polyps) in the colon as early as their teenage years. Unless the colon is removed, these polyps will become malignant (cancerous). The average age at which an individual develops colon cancer in classic familial adenomatous polyposis is 39 years. Some people have a variant of the disorder, called attenuated familial adenomatous polyposis, in which polyp growth is delayed. The average age of colorectal cancer onset for attenuated familial adenomatous polyposis is 55 years.  In people with classic familial adenomatous polyposis, the number of polyps increases with age, and hundreds to thousands of polyps can develop in the colon. Also of particular significance are noncancerous growths called desmoid tumors. These fibrous tumors usually occur in the tissue covering the intestines and may be provoked by surgery to remove the colon. Desmoid tumors tend to recur after they are surgically removed. In both classic familial adenomatous polyposis and its attenuated variant, benign and malignant tumors are sometimes found in other places in the body, including the duodenum (a section of the small intestine), stomach, bones, skin, and other tissues. People who have colon polyps as well as growths outside the colon are sometimes described as having Gardner syndrome.  A milder type of familial adenomatous polyposis, called autosomal recessive familial adenomatous polyposis, has also been identified. People with the autosomal recessive type of this disorder have fewer polyps than those with the classic type. Fewer than 100 polyps typically develop, rather than hundreds or thousands. The autosomal recessive type of this disorder is caused by mutations in a different gene than the classic and attenuated types of familial adenomatous polyposis.","Familial Adenomatous Polyposis (FAP) is an inherited genetic condition characterized by the growth of numerous polyps in the colon and rectum. These polyps are usually adenomas, which are non-cancerous but can potentially become cancerous over time if not treated. Here are some key points about FAP:

1. **Inheritance**: FAP follows an autosomal dominant pattern of inheritance, meaning a person needs to inherit only one copy of the mutated gene from either parent to develop the condition.

2. **Polyp Growth**: Individuals with FAP typically develop hundreds or even thousands of these polyps in the colon and rectum by their teenage years. The large number of these polyps significantly increases the risk of colorectal cancer if not treated.

3. **Associated Conditions**: FAP can also be associated with other symptoms, including:
   - Facial bone deformities
   - Dental abnormalities
   - Eye changes (such as finding certain types of growths called Gardner's syndrome)
   - Gastrointestinal complications like obstruction or bleeding

4. **Treatment and Management**:
   - **Prophylactic Surgery**: Many experts recommend prophylactic colectomy (removal of the colon) to prevent cancer development, especially"
What are the symptoms of Microcephaly deafness syndrome ?,"What are the signs and symptoms of Microcephaly deafness syndrome? The Human Phenotype Ontology provides the following list of signs and symptoms for Microcephaly deafness syndrome. If the information is available, the table below includes how often the symptom is seen in people with this condition. You can use the MedlinePlus Medical Dictionary to look up the definitions for these medical terms. Signs and Symptoms Approximate number of patients (when available) Cognitive impairment 90% Epicanthus 90% Facial asymmetry 90% Low-set, posteriorly rotated ears 90% Microcephaly 90% Sensorineural hearing impairment 90% Abnormality of the palate 50% Neurological speech impairment 50% Preauricular skin tag 50% Short stature 50% Autosomal dominant inheritance - Cupped ear - Hearing impairment - Intellectual disability - Prominent glabella - The Human Phenotype Ontology (HPO) has collected information on how often a sign or symptom occurs in a condition. Much of this information comes from Orphanet, a European rare disease database. The frequency of a sign or symptom is usually listed as a rough estimate of the percentage of patients who have that feature. The frequency may also be listed as a fraction. The first number of the fraction is how many people had the symptom, and the second number is the total number of people who were examined in one study. For example, a frequency of 25/25 means that in a study of 25 people all patients were found to have that symptom. Because these frequencies are based on a specific study, the fractions may be different if another group of patients are examined. Sometimes, no information on frequency is available. In these cases, the sign or symptom may be rare or common.","Microcephaly-deafness syndrome is a rare genetic disorder that affects brain development and hearing. The primary symptoms include:

1. **Small Head Size (Microcephaly):** This is one of the most prominent features, where the head circumference is significantly smaller than average for age and sex.

2. **Hearing Loss:** Most individuals with this condition experience sensorineural hearing loss, which means there's a problem in the inner ear or auditory nerve that transmits signals to the brain. The extent can vary from mild to severe.

3. **Developmental Delays:** There may be delays in reaching developmental milestones such as sitting, crawling, walking, and talking.

4. **Intellectual Disability:** Many individuals with this condition have intellectual disabilities varying from mild to moderate/severe depending on the severity of brain malformations.

5. **Abnormal Brain Structure:** Magnetic Resonance Imaging (MRI) may reveal abnormalities in the brain structure such as underdeveloped or malformed gyri (the folds in the cerebral cortex).

6. **Facial Features:** Some individuals might have distinctive facial features, though this is not a universal feature of the syndrome.

7. **Other Neurological Issues:** Depending on the severity and type of brain malformation, other neurological issues may"
What are the symptoms of Sakati syndrome ?,"What are the signs and symptoms of Sakati syndrome? The Human Phenotype Ontology provides the following list of signs and symptoms for Sakati syndrome. If the information is available, the table below includes how often the symptom is seen in people with this condition. You can use the MedlinePlus Medical Dictionary to look up the definitions for these medical terms. Signs and Symptoms Approximate number of patients (when available) Abnormal cortical bone morphology 90% Abnormality of the metaphyses 90% Hernia of the abdominal wall 90% Hyperextensible skin 90% Joint hypermobility 90% Macrotia 90% Recurrent fractures 90% Reduced bone mineral density 90% Short stature 90% Synophrys 90% Abnormality of the pinna - Autosomal dominant inheritance - Broad hallux - Broad thumb - Craniosynostosis - Dental crowding - Hypertelorism - Hypoplasia of the maxilla - Lower limb undergrowth - Low-set ears - Malar flattening - Mandibular prognathia - Oxycephaly - Preaxial hand polydactyly - Shallow orbits - Short neck - Small face - Syndactyly - The Human Phenotype Ontology (HPO) has collected information on how often a sign or symptom occurs in a condition. Much of this information comes from Orphanet, a European rare disease database. The frequency of a sign or symptom is usually listed as a rough estimate of the percentage of patients who have that feature. The frequency may also be listed as a fraction. The first number of the fraction is how many people had the symptom, and the second number is the total number of people who were examined in one study. For example, a frequency of 25/25 means that in a study of 25 people all patients were found to have that symptom. Because these frequencies are based on a specific study, the fractions may be different if another group of patients are examined. Sometimes, no information on frequency is available. In these cases, the sign or symptom may be rare or common.","Sakati syndrome is a rare genetic disorder that was first described in 2014 by Dr. Nisrine Sakati and colleagues at the University of Tel Aviv. It is characterized by distinctive facial features, short stature, and various other clinical manifestations. The symptoms can vary among individuals but commonly include:

1. **Distinctive Facial Features**: These often include a broad nasal bridge, wide-set eyes (hypertelorism), drooping eyelids (ptosis), and an upturned nose.

2. **Short Stature**: Growth retardation is typical, leading to short stature compared to peers.

3. **Dental Abnormalities**: There may be issues with the teeth such as missing or malformed teeth, and enamel hypoplasia (dental defects).

4. **Feeding Difficulties**: Some individuals experience difficulties in feeding due to problems like tongue enlargement or cleft palate.

5. **Hearing Loss**: There can be sensorineural hearing loss or conductive hearing loss, often requiring interventions such as hearing aids.

6. **Genital Hypoplasia**: In males, there may be underdeveloped genitalia; in females, the clitoris and labia minora may be hypoplastic (underdeveloped).

7"
What are the symptoms of Heart Murmur ?,"People who have innocent (harmless) heart murmurs don't have any signs or symptoms other than the murmur itself. This is because innocent heart murmurs aren't caused by heart problems.
                
People who have abnormal heart murmurs may have signs or symptoms of the heart problems causing the murmurs. These signs and symptoms may include:
                
Poor eating and failure to grow normally (in infants)
                
Shortness of breath, which may occur only with physical exertion
                
Excessive sweating with minimal or no exertion
                
Chest pain
                
Dizziness or fainting
                
A bluish color on the skin, especially on the fingertips and lips
                
Chronic cough
                
Swelling or sudden weight gain
                
Enlarged liver
                
Enlarged neck veins
                
Signs and symptoms depend on the problem causing the heart murmur and its severity.","Heart murmurs themselves don't typically cause any noticeable symptoms in most cases; they are often discovered during routine health checks or for other reasons. However, if there is an underlying heart condition that is causing the murmur, symptoms may vary depending on the specific issue. Here are some common symptoms that might be associated with various heart conditions that can cause murmurs:

1. **General Symptoms:**
   - Fatigue
   - Shortness of breath (especially during physical activity or when lying down)
   - Swelling in the legs, ankles, and feet due to fluid retention

2. **Symptoms from Heart Failure:**
   - Persistent cough, sometimes with blood-tinged sputum
   - Increased heart rate or palpitations

3. **Symptoms from Aortic Stenosis (narrowing of the aortic valve):**
   - Chest pain, especially during exertion
   - Fainting during physical activity
   - Fatigue and weakness

4. **Symptoms from Mitral Regurgitation (leakage through the mitral valve):**
   - Irregular heartbeat or palpitations
   - Shortness of breath
   - A feeling of light-headedness

5. **Symptoms from Pulmonic Stenosis"
How many people are affected by monilethrix ?,The prevalence of monilethrix is unknown.,"Monilethrix is a rare genetic condition that affects the hair shafts. It is considered to be relatively uncommon, but specific prevalence rates can vary widely and are not well-documented in the medical literature. Estimates suggest that it may affect approximately 1 in 400,000 to 1 in 1,000,000 people worldwide. This condition primarily affects individuals of African descent, although cases have been reported in other populations as well.

It's important to note that these figures can vary and more research might be needed for a precise prevalence rate. If you are looking for specific information about the number of people affected in a particular region or population, it would be best to consult with dermatologists or geneticists who specialize in hair disorders."
What are the symptoms of Angina ?,"Pain and discomfort are the main symptoms of angina. Angina often is described as pressure, squeezing, burning, or tightness in the chest. The pain or discomfort usually starts behind the breastbone.
                
Pain from angina also can occur in the arms, shoulders, neck, jaw, throat, or back. The pain may feel like indigestion. Some people say that angina pain is hard to describe or that they can't tell exactly where the pain is coming from.
                
Signs and symptoms such as nausea (feeling sick to your stomach), fatigue (tiredness), shortness of breath, sweating, light-headedness, and weakness also may occur.
                
Women are more likely to feel discomfort in the neck, jaw, throat, abdomen, or back. Shortness of breath is more common in older people and those who have diabetes. Weakness, dizziness, and confusion can mask the signs and symptoms of angina in elderly people.
                
Symptoms also vary based on the type of angina you have.
                
Because angina has so many possible symptoms and causes, all chest pain should be checked by a doctor. Chest pain that lasts longer than a few minutes and isn't relieved by rest or angina medicine may be a sign of a heart attack. Call 911 right away.
                
Stable Angina
                
The pain or discomfort:
                
Occurs when the heart must work harder, usually during physical exertion
                
Doesn't come as a surprise, and episodes of pain tend to be alike
                
Usually lasts a short time (5 minutes or less)
                
Is relieved by rest or medicine
                
May feel like gas or indigestion
                
May feel like chest pain that spreads to the arms, back, or other areas
                
Unstable Angina
                
The pain or discomfort:
                
Often occurs at rest, while sleeping at night, or with little physical exertion
                
Comes as a surprise
                
Is more severe and lasts longer than stable angina (as long as 30 minutes)
                
Usually isnt relieved by rest or medicine
                
May get worse over time
                
May mean that a heart attack will happen soon
                
Variant Angina
                
The pain or discomfort:
                
Usually occurs at rest and during the night or early morning hours
                
Tends to be severe
                
Is relieved by medicine
                
Microvascular Angina
                
The pain or discomfort:
                
May be more severe and last longer than other types of angina pain
                
May occur with shortness of breath, sleep problems, fatigue, and lack of energy
                
Often is first noticed during routine daily activities and times of mental stress","Angina is chest pain or discomfort that occurs when your heart muscle doesn't get enough oxygen-rich blood. The primary symptom of angina is chest pain or pressure in the center or left side of the chest. Here are some common symptoms:

1. **Chest Pain**: This is usually described as a feeling of pressure, squeezing, fullness, or pain.

2. **Pain Radiating to Other Areas**: You may experience pain that radiates to one or both arms, the back, neck, jaw, or stomach.

3. **Shortness of Breath**: You might feel short of breath with exertion or angina symptoms.

4. **Nausea and Vomiting**: Some people report feeling nauseous during an episode.

5. **Sweating**: Cold sweats can be a symptom of angina.

6. **Fatigue**: Unexplained fatigue, especially when physical activity is involved.

7. **Dizziness or Lightheadedness**: Feelings of dizziness or lightheadedness may occur.

8. **Increasing Severity or Frequency**: Over time, episodes might become more severe and frequent.

It's important to note that angina can be stable (occurring in a predictable pattern) or unstable (happening without"
What are the treatments for Dentinogenesis imperfecta ?,"How might dentinogenesis imperfecta be treated? The aims of treatment are to remove sources of infection or pain, restore aesthetics and protect posterior teeth from wear. Treatment varies according to the age of the patient, severity of the problem and the presenting complaint. Crowns, caps or other forms of dental care are the most commonly used treatments. Dentures or dental implants may be necessary if the majority of teeth are lost. More detailed information regarding the treatment of dentinogenesis imperfecta can be found by visiting the following web links: https://www.dentistry.unc.edu/dentalprofessionals/resources/defects/di/ http://www.ojrd.com/content/3/1/31","Dentinogenesis imperfecta (DI) is a hereditary disorder characterized by abnormal formation of dentin, leading to weakened and translucent teeth. The treatment options aim to manage symptoms, maintain oral health, and improve the appearance and function of affected teeth. Here are some common treatments:

1. **Caries Management**: Regular dental visits for monitoring and treating caries (tooth decay) early can help prevent further damage.

2. **Fillings**: Dental fillings using amalgam, composite resins, or other materials can repair damaged or decayed teeth, improving both functionality and aesthetics.

3. **Crowns**: Full crowns (caps) may be necessary to strengthen severely weakened teeth that cannot be adequately restored with fillings alone.

4. **Veneers**: Porcelain veneers can improve the appearance of discolored, chipped, or worn-down teeth by covering their front surfaces.

5. **Root Canal Therapy**: This is performed when the pulp (nerve) inside a tooth becomes infected or damaged. It involves removing the infected pulp and filling the root canals to prevent further infection and save the tooth.

6. **Extraction and Replacement**: In some cases, severely affected teeth may need extraction followed by replacement with dental implants, bridges, or dent"
How to diagnose Childhood Central Nervous System Germ Cell Tumors ?,"Imaging studies and tests are used to detect (find) and diagnose childhood CNS germ cell tumors. The following tests and procedures may be used:         -   Physical exam and history : An exam of the body to check general signs of health, including checking for signs of disease, such as lumps or anything else that seems unusual. A history of the patient's health habits and past illnesses and treatments will also be taken.     -   Neurological exam : A series of questions and tests to check the brain, spinal cord, and nerve function. The exam checks a persons mental status, coordination, and ability to walk normally, and how well the muscles, senses, and reflexes work. This may also be called a neuro exam or a neurologic exam.    -  Visual field exam: An exam to check a persons field of vision (the total area in which objects can be seen). This test measures both central vision (how much a person can see when looking straight ahead) and peripheral vision (how much a person can see in all other directions while staring straight ahead). The eyes are tested one at a time. The eye not being tested is covered.    -   MRI (magnetic resonance imaging) with gadolinium : A procedure that uses a magnet, radio waves, and a computer to make a series of detailed pictures of areas inside the brain and spinal cord. A substance called gadolinium is injected into a vein. The gadolinium collects around the cancer cells so they show up brighter in the picture. This procedure is also called nuclear magnetic resonance imaging (NMRI).     -   Lumbar puncture : A procedure used to collect cerebrospinal fluid (CSF) from the spinal column. This is done by placing a needle between two bones in the spine and into the CSF around the spinal cord and removing a sample of the fluid. The sample of CSF is checked under a microscope for signs of tumor cells. The sample may also be checked for the amounts of protein and glucose. A higher than normal amount of protein or lower than normal amount of glucose may be a sign of a tumor. This procedure is also called an LP or spinal tap.    -   Tumor marker tests : A procedure in which a sample of blood or cerebrospinal fluid (CSF) is checked to measure the amounts of certain substances released into the blood and CSF by organs, tissues, or tumor cells in the body. Certain substances are linked to specific types of cancer when found in increased levels in the blood. These are called tumor markers. The following tumor markers are used to diagnose some CNS germ cell tumors:               -  Alpha-fetoprotein (AFP).      -  Beta-human chorionic gonadotropin (-hCG).              -   Blood chemistry studies : A procedure in which a blood sample is checked to measure the amounts of certain substances released into the blood by organs and tissues in the body. An unusual (higher- or lower-than-normal) amount of a substance can be a sign of disease.    -  Blood hormone studies: A procedure in which a blood sample is checked to measure the amounts of certain hormones released into the blood by organs and tissues in the body. An unusual (higher- or lower-than-normal) amount of a substance can be a sign of disease in the organ or tissue that makes it. The blood will be checked for the levels of hormones made by the pituitary gland and other glands.
                    A biopsy may be done to be sure of the diagnosis of CNS germ cell tumor. If doctors think your child may have a CNS germ cell tumor, a biopsy may be done. For brain tumors, the biopsy is done by removing part of the skull and using a needle to remove a sample of tissue. Sometimes, a needle guided by a computer is used to remove the tissue sample. A pathologist views the tissue under a microscope to look for cancer cells. If cancer cells are found, the doctor may remove as much tumor as safely possible during the same surgery. The piece of skull is usually put back in place after the procedure.    Sometimes the diagnosis can be made based on the results of imaging and tumor marker tests and a biopsy is not needed.     The following test may be done on the sample of tissue that is removed:         -   Immunohistochemistry : A test that uses antibodies to check for certain antigens in a sample of tissue. The antibody is usually linked to a radioactive substance or a dye that causes the tissue to light up under a microscope. This type of test may be used to tell the difference between different types of brain tumors.","Diagnosing childhood central nervous system (CNS) germ cell tumors involves several steps and considerations due to the complexity of these tumors. Here’s an overview of the diagnostic process:

### 1. History and Physical Examination
- **Detailed Medical History**: Obtain information about symptoms, duration of symptoms, family history, and previous health conditions.
- **Neurological Exam**: Assess for signs of increased intracranial pressure (such as headaches, vomiting, papilledema), cranial nerve deficits, motor or sensory abnormalities.

### 2. Imaging Studies
- **MRI (Magnetic Resonance Imaging)**: MRI is the primary imaging modality used to visualize CNS tumors due to its high resolution and ability to differentiate between different types of tissue.
  - Cranial MRI with gadolinium contrast can help identify tumor location, size, and characteristics.
  - High-resolution MRI also helps in assessing the extent of involvement by the tumor.

### 3. Neurological Symptoms
- **Headaches**: Often at night or upon waking.
- **Seizures**
- **Visual disturbances**
- **Nausea and vomiting**
- **Behavioral changes**

### 4. Laboratory Tests
- **Lumbar Puncture (Spinal Tap)**: To"
Is Aicardi-Goutieres syndrome inherited ?,"Aicardi-Goutieres syndrome can have different inheritance patterns. In most cases it is inherited in an autosomal recessive pattern, which means both copies of the gene in each cell have mutations. The parents of an individual with an autosomal recessive condition each carry one copy of the mutated gene, but they typically do not show signs and symptoms of the condition.  Rarely, this condition is inherited in an autosomal dominant pattern, which means one copy of the altered gene in each cell is sufficient to cause the disorder. These cases result from new mutations in the gene and occur in people with no history of the disorder in their family.","Aicardi-Goutières Syndrome (AGS) is primarily an autosomal recessive disorder, which means that affected individuals inherit two mutated copies of the AGS gene—one from each parent who is typically a carrier but does not show symptoms. However, in some cases, the condition can also be caused by de novo mutations, where the genetic mutation occurs spontaneously and neither parent carries the mutation.

AGS affects both males and females equally because it involves autosomal inheritance. There are currently known to be at least six genes that can cause AGS: IFIHD1, ADAR, SAMHD1, UNC93B1, NTMT1, and ERAP1. Each of these genes plays a role in the body's immune response or metabolism.

The inheritance pattern of AGS can vary slightly depending on which specific gene is involved. For example:

- **IFIH1:** Mutations in this gene are the most common cause of AGS.
- **ADAR, SAMHD1, UNC93B1, NTMT1, and ERAP1:** These genes also contribute to the pathogenesis of AGS but are less frequently mutated.

If a family has a child diagnosed with AGS, genetic counseling can be beneficial for understanding the risks and implications"
What are the symptoms of Insulin Resistance and Prediabetes ?,"Insulin resistance and prediabetes usually have no symptoms. People may have one or both conditions for several years without knowing they have them. Even without symptoms, health care providers can identify people at high risk by their physical characteristics, also known as risk factors. The section ""Who should be tested for prediabetes?"" lists these risk factors.
                
People with a severe form of insulin resistance may have dark patches of skin, usually on the back of the neck. Sometimes people have a dark ring around their neck. Dark patches may also appear on elbows, knees, knuckles, and armpits. This condition is called acanthosis nigricans.","Insulin resistance and prediabetes share many similar symptoms due to their underlying nature—both conditions involve insulin not working effectively in the body. Here are some common symptoms for both:

1. **Increased Thirst**: You may feel thirstier than usual, which can lead to increased fluid intake.

2. **Frequent Urination**: Because your kidneys are trying to eliminate excess glucose by producing more urine, you might need to urinate frequently, especially at night.

3. **Fatigue and Weakness**: Insulin resistance can affect the body’s ability to convert food into energy efficiently, leading to feelings of tiredness or weakness.

4. **Blurred Vision**: High blood sugar levels can cause fluid to be pulled from your lenses, affecting your vision.

5. **Weight Gain or Loss**: While weight gain is a common symptom of insulin resistance and prediabetes, some people might experience weight loss despite having a good appetite.

6. **Increased Hunger**: Your body may not be able to use glucose effectively for energy, leading to persistent hunger even after eating.

7. **Numbness and Tingling in Hands or Feet**: Over time, high blood sugar levels can damage nerves (a condition known as neuropathy), causing sensations of numbness or tingling.

8"
How to prevent Prostate Cancer ?,"Key Points
                    - Avoiding risk factors and increasing protective factors may help prevent cancer.    - The following risk factors may increase the risk of prostate cancer:         - Age      - Family history of prostate cancer      - Race      - Hormones     - Vitamin E     - Folic acid     - Dairy and calcium        - The following protective factors may decrease the risk of prostate cancer:         - Folate     - Finasteride and Dutasteride        - The following have been proven not to affect the risk of prostate cancer, or their effects on prostate cancer risk are not known:         -  Selenium and vitamin E     - Diet     - Multivitamins     - Lycopene        - Cancer prevention clinical trials are used to study ways to prevent cancer.    -  New ways to prevent prostate cancer are being studied in clinical trials.
                
                
                    Avoiding risk factors and increasing protective factors may help prevent cancer.
                    Avoiding cancer risk factors may help prevent certain cancers. Risk factors include smoking, being overweight, and not getting enough exercise. Increasing protective factors such as quitting smoking and exercising may also help prevent some cancers. Talk to your doctor or other health care professional about how you might lower your risk of cancer.
                
                
                    The following risk factors may increase the risk of prostate cancer:
                    Age      Prostate cancer is rare in men younger than 50 years of age. The chance of developing prostate cancer increases as men get older.       Family history of prostate cancer     A man whose father, brother, or son has had prostate cancer has a higher-than-average risk of prostate cancer.       Race     Prostate cancer occurs more often in African-American men than in white men. African-American men with prostate cancer are more likely to die from the disease than white men with prostate cancer.       Hormones    The prostate needs male hormones to work the way it should. The main male sex hormone is testosterone. Testosterone helps the body develop and maintain male sex characteristics.    Testosterone is changed into dihydrotestosterone (DHT) by an enzyme in the body. DHT is important for normal prostate growth but can also cause the prostate to get bigger and may play a part in the development of prostate cancer.       Vitamin E    The Selenium and Vitamin E Cancer Prevention Trial (SELECT) found that vitamin E taken alone increased the risk of prostate cancer. The risk continued even after the men stopped taking vitamin E.       Folic acid    Folate is a kind of vitamin B that occurs naturally in some foods, such as green vegetables, beans and orange juice. Folic acid is a man-made form of folate that is found in vitamin supplements and fortified foods, such as whole-grain breads and cereals. A 10-year study showed that the risk of prostate cancer was increased in men who took 1 milligram (mg) supplements of folic acid. However, the risk of prostate cancer was lower in men who had enough folate in their diets.       Dairy and calcium    A diet high in dairy foods and calcium may cause a small increase in the risk of prostate cancer.
                
                
                    The following protective factors may decrease the risk of prostate cancer:
                    Folate    Folate is a kind of vitamin B that occurs naturally in some foods, such as green vegetables, beans and orange juice. Folic acid is a man-made form of folate that is found in vitamin supplements and fortified foods, such as whole-grain breads and cereals. A 10-year study showed that the risk of prostate cancer was lower in men who had enough folate in their diets. However, the risk of prostate cancer was increased in men who took 1 milligram (mg) supplements of folic acid.       Finasteride and Dutasteride     Finasteride and dutasteride are drugs used to lower the amount of male sex hormones made by the body. These drugs block the enzyme that changes testosterone into dihydrotestosterone (DHT). Higher than normal levels of DHT may play a part in developing prostate cancer. Taking finasteride or dutasteride has been shown to lower the risk for prostate cancer, but it is not known if these drugs lower the risk of death from prostate cancer.    The Prostate Cancer Prevention Trial (PCPT) studied whether the drug finasteride can prevent prostate cancer in healthy men 55 years of age and older. This prevention study showed there were fewer prostate cancers in the group of men that took finasteride compared with the group of men that did not. Also, the men who took finasteride who did have prostate cancer had more aggressive tumors. The number of deaths from prostate cancer was the same in both groups. Men who took finasteride reported more side effects compared with the group of men that did not, including erectile dysfunction, loss of desire for sex, and enlarged breasts.    The Reduction by Dutasteride of Prostate Cancer Events Trial (REDUCE) studied whether the drug dutasteride can prevent prostate cancer in men aged 50 to 75 years at higher risk for the disease. This prevention study showed there were fewer prostate cancers in the group of men who took dutasteride compared with the group of men that did not. The number of less aggressive prostate cancers was lower, but the number of more aggressive prostate cancers was not. Men who took dutasteride reported more side effects than men who did not, including erectile dysfunction, loss of desire for sex, less semen, and gynecomastia (enlarged breasts).
                
                
                    The following have been proven not to affect the risk of prostate cancer, or their effects on prostate cancer risk are not known:
                    Selenium and vitamin E    The Selenium and Vitamin E Cancer Prevention Trial (SELECT) studied whether taking vitamin E and selenium (a mineral) will prevent prostate cancer. The selenium and vitamin E were taken separately or together by healthy men 55 years of age and older (50 years of age and older for African-American men). The study showed that taking selenium alone or selenium and vitamin E together did not decrease the risk of prostate cancer.       Diet    It is not known if decreasing fat or increasing fruits and vegetables in the diet helps decrease the risk of prostate cancer or death from prostate cancer. In the PCPT trial, certain fatty acids increased the risk of high-grade prostate cancer while others decreased the risk of high-grade prostate cancer.       Multivitamins    Regular use of multivitamins has not been proven to increase the risk of early or localized prostate cancer. However, a large study showed an increased risk of advanced prostate cancer among men who took multivitamins more than seven times a week.       Lycopene    Some studies have shown that a diet high in lycopene may be linked to a decreased risk of prostate cancer, but other studies have not. It has not been proven that taking lycopene supplements decreases the risk of prostate cancer.
                
                
                    Cancer prevention clinical trials are used to study ways to prevent cancer.
                    Cancer prevention clinical trials are used to study ways to lower the risk of developing certain types of cancer. Some cancer prevention trials are conducted with healthy people who have not had cancer but who have an increased risk for cancer. Other prevention trials are conducted with people who have had cancer and are trying to prevent another cancer of the same type or to lower their chance of developing a new type of cancer. Other trials are done with healthy volunteers who are not known to have any risk factors for cancer.    The purpose of some cancer prevention clinical trials is to find out whether actions people take can prevent cancer. These may include eating fruits and vegetables, exercising, quitting smoking, or taking certain medicines, vitamins, minerals, or food supplements.
                
                
                    New ways to prevent prostate cancer are being studied in clinical trials.
                    Clinical trials are taking place in many parts of the country. Information about clinical trials can be found in the Clinical Trials section of the NCI website. Check NCI's list of cancer clinical trials for prostate cancer prevention trials that are accepting patients.","Preventing prostate cancer completely is challenging as the exact causes of this disease are not fully understood. However, there are several steps you can take that may reduce your risk:

1. **Healthy Diet**: Eating a diet rich in fruits and vegetables has been associated with a lower risk of developing certain types of cancer, including prostate cancer. Some studies suggest that diets high in lycopene (found in tomatoes), vitamin E, selenium, and omega-3 fatty acids might be beneficial.

2. **Physical Activity**: Regular exercise can help reduce the risk of several types of cancers, including prostate cancer. Aim for at least 150 minutes of moderate aerobic activity or 75 minutes of vigorous activity each week, as recommended by the American Cancer Society.

3. **Maintain a Healthy Weight**: Being overweight or obese may increase your risk of developing advanced prostate cancer. Maintaining a healthy weight can help reduce this risk.

4. **Limit Alcohol Consumption**: Excessive alcohol consumption is linked to an increased risk of various cancers, including prostate cancer. It’s recommended to limit alcohol intake and follow the Dietary Guidelines for Americans.

5. **Avoid Smoking**: Smoking cigarettes or using other tobacco products increases your risk not only of lung cancer but also of several other types of cancer, including"
What is (are) spinal muscular atrophy with respiratory distress type 1 ?,"Spinal muscular atrophy with respiratory distress type 1 (SMARD1) is an inherited condition that causes muscle weakness and respiratory failure typically beginning in infancy. Early features of this condition are difficult and noisy breathing, especially when inhaling; a weak cry; problems feeding; and recurrent episodes of pneumonia. Typically between the ages of 6 weeks and 6 months, infants with this condition will experience a sudden inability to breathe due to paralysis of the muscle that separates the abdomen from the chest cavity (the diaphragm). Normally, the diaphragm contracts and moves downward during inhalation to allow the lungs to expand. With diaphragm paralysis, affected individuals require life-long support with a machine to help them breathe (mechanical ventilation). Rarely, children with SMARD1 develop signs or symptoms of the disorder later in childhood.  Soon after respiratory failure occurs, individuals with SMARD1 develop muscle weakness in their distal muscles. These are the muscles farther from the center of the body, such as muscles in the hands and feet. The weakness soon spreads to all muscles; however, within 2 years, the muscle weakness typically stops getting worse. Some individuals may retain a low level of muscle function, while others lose all ability to move their muscles. Muscle weakness severely impairs motor development, such as sitting, standing, and walking. Some affected children develop an abnormal side-to-side and back-to-front curvature of the spine (scoliosis and kyphosis, often called kyphoscoliosis when they occur together). After approximately the first year of life, individuals with SMARD1 may lose their deep tendon reflexes, such as the reflex being tested when a doctor taps the knee with a hammer.  Other features of SMARD1 can include reduced pain sensitivity, excessive sweating (hyperhidrosis), loss of bladder and bowel control, and an irregular heartbeat (arrhythmia).","Spinal Muscular Atrophy with Respiratory Distress Type 1 (SMARD1), also known as Congenital Muscular Dystrophy伴呼吸窘迫类型1（Congenital Muscular Dystrophy伴呼吸窘迫型1, CMD-1B），是一种罕见的遗传性疾病。这种疾病主要影响婴儿和儿童，通常在出生后的几个月内出现症状，并且病情进展迅速。

### 病因
SMARD1 是由 NDUFS4 基因突变引起的线粒体功能障碍。NDUFS4 基因编码一种参与电子传递链复合物 I 组装的蛋白质，该复合物对细胞能量产生至关重要。基因突变导致线粒体功能受损，进而影响肌肉和其他组织的功能。

### 症状
SMARD1 的主要症状包括：
- **呼吸困难**：由于膈肌和肋间肌无力导致。
- **呼吸衰竭**：这是这种疾病的主要致死原因，通常在 2 岁之前出现。
- **肌无力**：表现为四肢、躯干肌肉的无力。
- **喂养问题**：吞咽困难可能导致营养不良。
- **发育迟缓**：运动和认知"
Is myoclonic epilepsy with ragged-red fibers inherited ?,"MERRF is inherited in a mitochondrial pattern, which is also known as maternal inheritance. This pattern of inheritance applies to genes contained in mtDNA. Because egg cells, but not sperm cells, contribute mitochondria to the developing embryo, children can only inherit disorders resulting from mtDNA mutations from their mother. These disorders can appear in every generation of a family and can affect both males and females, but fathers do not pass traits associated with changes in mtDNA to their children.  In most cases, people with MERRF inherit an altered mitochondrial gene from their mother, who may or may not show symptoms of the disorder. Less commonly, the disorder results from a new mutation in a mitochondrial gene and occurs in people with no family history of MERRF.","Myoclonic epilepsy with ragged-red fibers (MERRF) is indeed an inherited condition. MERRF syndrome is primarily caused by mutations in the mitochondrial DNA (mtDNA), specifically in the gene MT-KB, which encodes a subunit of complex I of the mitochondrial respiratory chain.

Here are some key points about MERRF and its inheritance:

1. **Genetic Basis**: The majority of cases of MERRF are inherited maternally because mtDNA is primarily passed down from the mother to her offspring through egg cells. This means that a child can inherit the condition only if their mother has the mutation.

2. **Inheritance Pattern**: It follows a mitochondrial inheritance pattern, also known as maternal or oophagous inheritance. Autosomal dominant inheritance does not apply here because mtDNA is not present in sperm cells.

3. **Symptoms and Onset**: Symptoms of MERRF can vary widely among affected individuals but typically include myoclonic seizures (sudden muscle jerks), muscle weakness, ataxia (uncoordinated movements), dementia, and cardiomyopathy (heart muscle disease). The age of onset can range from childhood to adulthood.

4. **Risk for Offspring**: If a woman carries the mutation causing M"
What is (are) MYH-associated polyposis ?,"MYH-associated polyposis is an inherited condition characterized by the development of multiple adenomatous colon polyps and an increased risk of colorectal cancer. This condition, a milder form of familial adenomatous polyposis (FAP), is sometimes called autosomal recessive familial adenomatous polyposis because it is inherited in an autosomal recessive manner. People with this condition have fewer polyps than those with the classic type of FAP; fewer than 100 polyps typically develop, rather than hundreds or thousands. They may also be at increased risk for upper gastrointestinal polyps. MYH-associated polyposis is caused by mutations in the MYH gene.","MYH-associated polyposis (MAP) is a hereditary condition characterized by the development of multiple polyps in the colon and rectum. It is an autosomal recessive disorder, meaning that both copies of the gene must be mutated for the condition to manifest.

The MYH gene provides instructions for making a protein called mutY homolog (MYH), which is involved in repairing damage to DNA. Mutations in this gene can lead to instability in the DNA sequence, potentially resulting in the development of polyps and an increased risk of colorectal cancer.

Key points about MAP:

1. **Genetic Basis**: It is caused by mutations in the MYH gene.
2. **Symptoms**: Individuals with MAP typically develop multiple adenomatous polyps in the colon and rectum.
3. **Risk**: People with MAP have a significantly increased risk of developing colorectal cancer, often at an earlier age than those without the condition.
4. **Differential Diagnosis**: It should be distinguished from Lynch syndrome (hereditary nonpolyposis colorectal cancer), which is also associated with an increased risk of colorectal cancer but follows a different genetic pattern.

Diagnosis and management typically involve regular colonoscopies to monitor for polyps, followed by their removal if necessary"
What is (are) methylmalonic acidemia with homocystinuria ?,"Methylmalonic acidemia with homocystinuria is an inherited disorder in which the body is unable to properly process protein building blocks (amino acids), certain fats (lipids), and a waxy fat-like substance called cholesterol. Individuals with this disorder have a combination of features from two separate conditions, methylmalonic acidemia and homocystinuria. The signs and symptoms of the combined condition, methylmalonic acidemia with homocystinuria, usually develop in infancy, although they can begin at any age.  When the condition begins early in life, affected individuals typically have an inability to grow and gain weight at the expected rate (failure to thrive), which is sometimes recognized before birth (intrauterine growth retardation). These infants can also have difficulty feeding and an abnormally pale appearance (pallor). Neurological problems are also common in methylmalonic acidemia with homocystinuria, including weak muscle tone (hypotonia) and seizures. Most infants and children with this condition have an unusually small head size (microcephaly), delayed development, and intellectual disability. Less common features of the condition include eye problems and a blood disorder called megaloblastic anemia. Megaloblastic anemia occurs when a person has a low number of red blood cells (anemia), and the remaining red blood cells are larger than normal (megaloblastic). The signs and symptoms of methylmalonic acidemia with homocystinuria worsen over time, and the condition can be life-threatening if not treated.  When methylmalonic acidemia with homocystinuria begins in adolescence or adulthood, the signs and symptoms usually include psychiatric changes and cognitive problems. Affected individuals can exhibit changes in their behavior and personality; they may become less social and may experience hallucinations, delirium, and psychosis. In addition, these individuals can begin to lose previously acquired mental and movement abilities, resulting in a decline in school or work performance, difficulty controlling movements, memory problems, speech difficulties, a decline in intellectual function (dementia), or an extreme lack of energy (lethargy). Some people with methylmalonic acidemia with homocystinuria whose signs and symptoms begin later in life develop a condition called subacute combined degeneration of the spinal cord, which leads to numbness and weakness in the lower limbs, difficulty walking, and frequent falls.","Methylmalonic acidemia and homocystinuria are both inherited metabolic disorders that affect the body's ability to break down certain proteins and amino acids. They belong to a group of conditions known as organic acidurias, which involve defects in metabolism pathways.

### Methylmalonic Acidemia (MMA)
- **Definition:** This is a genetic disorder caused by a deficiency in the enzyme methylmalonyl-CoA mutase. The condition leads to an accumulation of methylmalonic acid (MMA) in the blood and urine.
- **Symptoms:** Symptoms can range from severe, with features such as vomiting, failure to thrive, developmental delays, and neurological issues, to mild cases that may not present until adulthood.
- **Diagnosis:** Diagnosis is often made through a blood test or urine analysis that detects elevated levels of methylmalonic acid. Genetic testing can also confirm the diagnosis.
- **Treatment:** Treatment typically involves a low-protein diet, vitamin B12 supplementation, and in some cases, other medications to manage symptoms.

### Homocystinuria
- **Definition:** This is an inherited disorder caused by a deficiency in the enzyme methylenetetrahydrofolate reductase (MTHFR), which leads to an"
Is 3-beta-hydroxysteroid dehydrogenase deficiency inherited ?,"This condition is inherited in an autosomal recessive pattern, which means both copies of the gene in each cell have mutations. The parents of an individual with an autosomal recessive condition each carry one copy of the mutated gene, but they typically do not show signs and symptoms of the condition.","Yes, 3-beta-hydroxysteroid dehydrogenase (3β-HSD) deficiency is an inherited condition that follows an autosomal recessive pattern of inheritance. This means both copies of the gene responsible for producing the enzyme 3β-HSD must have a mutation for the disease to manifest in an individual.

Individuals who inherit one copy of the mutated gene are typically carriers and may not show any symptoms, but they can pass the mutation on to their children. For someone to be affected by this condition, they need to inherit two copies of the mutated gene—one from each parent.

3β-HSD deficiency is relatively rare, and its symptoms vary widely among individuals. The severity can range from asymptomatic in some cases to life-threatening complications if not managed properly."
What is (are) Porphyria ?,"Heme is a red pigment composed of iron linked to a chemical called protoporphyrin. Heme has important functions in the body. The largest amounts of heme are in the form of hemoglobin, found in red blood cells and bone marrow. Hemoglobin carries oxygen from the lungs to all parts of the body. In the liver, heme is a component of proteins that break down hormones, medications, and other chemicals and keep liver cells functioning normally. Heme is an important part of nearly every cell in the body.","Porphyrias are a group of metabolic disorders that result from defects in the enzymes involved in heme synthesis, a process called the porphyrin pathway or heme biosynthesis. Heme is a crucial component of hemoglobin, which carries oxygen in red blood cells and other proteins.

There are several types of porphyrias, classified based on where the defect occurs in the pathway and the symptoms they cause:

1. **Acute Intermittent Porphyria (AIP)**: This is one of the most common forms of porphyria. Symptoms can include abdominal pain, neurological symptoms such as muscle weakness or paralysis, and psychiatric symptoms like depression, anxiety, or hallucinations.

2. **Variegate Porphyria (VP)**: Caused by a deficiency in the enzyme protoporphyrinogen oxidase, it has both acute and chronic manifestations similar to AIP but can also cause skin sensitivity to light.

3. **Hereditary Coproporphyria (HCP)**: This form of porphyria primarily affects the skin and nervous system. Symptoms include abdominal pain, skin problems like blistering or darkening, and neurological issues.

4. **Erythropoietic Protoporphyria (EPP)**:"
What is (are) warfarin resistance ?,"Warfarin resistance is a condition in which individuals have a high tolerance for the drug warfarin. Warfarin is an anticoagulant, which means that it thins the blood, preventing blood clots from forming. Warfarin is often prescribed to prevent blood clots in people with heart valve disease who have replacement heart valves, people with an irregular heart beat (atrial fibrillation), or those with a history of heart attack, stroke, or a prior blood clot in the deep veins of the arms or legs (deep vein thrombosis).  There are two types of warfarin resistance: incomplete and complete. Those with incomplete warfarin resistance can achieve the benefits of warfarin treatment with a high dose of warfarin. Individuals with complete warfarin resistance do not respond to warfarin treatment, no matter how high the dose. If people with warfarin resistance require treatment with warfarin and take the average dose, they will remain at risk of developing a potentially harmful blood clot.  Both types of warfarin resistance are related to how the body processes warfarin. In some people with warfarin resistance, their blood clotting process does not react effectively to the drug. Others with this resistance rapidly break down (metabolize) warfarin, so the medication is quickly processed by their bodies; these individuals are classified as ""fast metabolizers"" or ""rapid metabolizers"" of warfarin. The severity of these abnormal processes determines whether the warfarin resistance is complete or incomplete.  Warfarin resistance does not appear to cause any health problems other than those associated with warfarin drug treatment.","Warfarin resistance refers to an individual's reduced sensitivity or inability to respond effectively to the drug warfarin, which is commonly used as an anticoagulant. This can be due to genetic factors that affect how the body metabolizes and responds to warfarin.

There are two main types of warfarin resistance:

1. **Genetic Resistance**: This occurs due to specific genetic variations in certain genes involved in warfarin metabolism or response, such as CYP2C9 and VKORC1. People with these genetic variants may require higher doses of warfarin to achieve the desired therapeutic effect or may not respond well to treatment.

2. **Acquired Resistance**: This can occur due to other factors that affect how a person responds to warfarin, such as changes in diet (e.g., increased vitamin K intake), certain medications, or underlying health conditions. Acquired resistance is less common and typically reversible once the influencing factor is addressed.

Understanding an individual's genetic makeup through pharmacogenetic testing can help healthcare providers tailor dosing regimens for warfarin to achieve better therapeutic outcomes with fewer side effects."
What are the genetic changes related to dentinogenesis imperfecta ?,"Mutations in the DSPP gene have been identified in people with dentinogenesis imperfecta type II and type III. Mutations in this gene are also responsible for dentin dysplasia type II. Dentinogenesis imperfecta type I occurs as part of osteogenesis imperfecta, which is caused by mutations in one of several other genes (most often the COL1A1 or COL1A2 genes).  The DSPP gene provides instructions for making two proteins that are essential for normal tooth development. These proteins are involved in the formation of dentin, which is a bone-like substance that makes up the protective middle layer of each tooth. DSPP gene mutations alter the proteins made from the gene, leading to the production of abnormally soft dentin. Teeth with defective dentin are discolored, weak, and more likely to decay and break. It is unclear whether DSPP gene mutations are related to the hearing loss found in a few older individuals with dentinogenesis imperfecta type II.","Dentinogenesis imperfecta (DI) is a hereditary condition of dental enamel and dentin development that results in teeth with a distinctive blue-gray or yellow-brown color, as well as reduced tooth longevity and increased susceptibility to wear. There are three types of dentinogenesis imperfecta: Type I, Type II, and Type III, each associated with different genetic changes.

1. **Type I Dentinogenesis Imperfecta (DGI-I):**
   - **Genetic Basis:** Type I is an autosomal dominant disorder caused by mutations in the DSPP gene on chromosome 4q21-23. The DSPP gene encodes dentin sialophosphoprotein, a key component of mineralized dental tissues.
   - **Mutations:** These mutations can include nonsense, frameshift, and missense changes that disrupt the normal function of the protein.

2. **Type II Dentinogenesis Imperfecta (DGI-II):**
   - **Genetic Basis:** Type II is also an autosomal dominant condition but is more common in certain populations. It is caused by mutations in the ENAM gene on chromosome 4p16.3, which encodes amelogenin, a protein essential for enamel formation.
   -"
What are the symptoms of 18 Hydroxylase deficiency ?,"What are the signs and symptoms of 18 Hydroxylase deficiency? The Human Phenotype Ontology provides the following list of signs and symptoms for 18 Hydroxylase deficiency. If the information is available, the table below includes how often the symptom is seen in people with this condition. You can use the MedlinePlus Medical Dictionary to look up the definitions for these medical terms. Signs and Symptoms Approximate number of patients (when available) Autosomal recessive inheritance - Decreased circulating aldosterone level - Dehydration - Episodic fever - Failure to thrive - Feeding difficulties in infancy - Growth delay - Hyperkalemia - Hyponatremia - Hypotension - Increased circulating renin level - Neonatal onset - Renal salt wasting - Vomiting - The Human Phenotype Ontology (HPO) has collected information on how often a sign or symptom occurs in a condition. Much of this information comes from Orphanet, a European rare disease database. The frequency of a sign or symptom is usually listed as a rough estimate of the percentage of patients who have that feature. The frequency may also be listed as a fraction. The first number of the fraction is how many people had the symptom, and the second number is the total number of people who were examined in one study. For example, a frequency of 25/25 means that in a study of 25 people all patients were found to have that symptom. Because these frequencies are based on a specific study, the fractions may be different if another group of patients are examined. Sometimes, no information on frequency is available. In these cases, the sign or symptom may be rare or common.","18-Hydroxylase deficiency is a type of congenital adrenal hyperplasia (CAH), which is a group of inherited disorders affecting the adrenal glands, primarily due to defects in enzymes involved in steroid hormone synthesis. The most common form of CAH caused by 18-hydroxylase deficiency (21-hydroxylase) leads to impaired cortisol and aldosterone production.

The symptoms can vary depending on the severity of the enzyme deficiency and whether the affected individual is an infant, child, or adult. Here are some common symptoms:

### Newborns:
- **Salt Wasting Crisis:** This can occur within a few days after birth due to low levels of sodium and high levels of potassium.
  - Vomiting
  - Poor feeding
  - Diarrhea
  - Failure to thrive
  - Dehydration
  - Low blood pressure
  - Severe dehydration or shock

### Children:
- **Delayed Puberty:** In females, delayed onset of menarche (first menstrual period). In males, delayed development of secondary sexual characteristics.
- **Ambiguous Genitalia in Females:** In severe cases, the external female genitalia may appear more ambiguous due to increased androgen production.

### Adults/"
What is (are) Nonalcoholic steatohepatitis ?,"Nonalcoholic steatohepatitis, or NASH, is a common, often silent liver disease. It resembles alcoholic liver disease, but occurs in people who drink little or no alcohol. The major feature in NASH is fat in the liver, along with inflammation and damage. Most people with NASH feel well and are not aware that they have a liver problem. Nevertheless, NASH can be severe and can lead to cirrhosis, in which the liver is permanently damaged and scarred and no longer able to work properly. NASH most often occurs in people who are middle aged and overweight or obese. Affected individuals may also have elevated levels of blood lipids (such as cholesterol and triglycerides) and many have diabetes or prediabetes. Treatment is centered around working towards a healthy lifestyle, including weight reduction, dietary modification, increased activity and avoidance of alcohol and unnecessary medications. The underlying cause of NASH remains unclear.","Nonalcoholic Steatohepatitis (NASH) is a type of chronic liver disease that occurs in people who do not drink excessive amounts of alcohol. It is characterized by the accumulation of fat within the liver cells, inflammation, and subsequent liver cell damage. NASH can progress to more serious conditions such as fibrosis, cirrhosis, and even liver failure.

Key points about Nonalcoholic Steatohepatitis include:

1. **Fat Accumulation**: The primary feature is an excessive amount of fat in the liver tissue, which is not due to alcohol consumption.
2. **Inflammation**: Over time, this fat can cause inflammation in the liver.
3. **Liver Damage**: As the inflammation progresses, it can lead to cell damage and scarring (fibrosis), eventually progressing to cirrhosis if left untreated.
4. **Risk Factors**: Common risk factors include obesity, diabetes, metabolic syndrome, high cholesterol levels, and a sedentary lifestyle.
5. **No Specific Symptoms**: Many people with NASH do not experience any symptoms; it is often diagnosed during routine blood tests or imaging studies.
6. **Potential Complications**: If left untreated, NASH can lead to severe liver damage, including cirrhosis, which can result"
What are the genetic changes related to cystinuria ?,"Mutations in the SLC3A1 or SLC7A9 gene cause cystinuria. The SLC3A1 and SLC7A9 genes provide instructions for making the two parts (subunits) of a protein complex that is primarily found in the kidneys. Normally this protein complex controls the reabsorption of certain amino acids, including cystine, into the blood from the filtered fluid that will become urine. Mutations in either the SLC3A1 gene or SLC7A9 gene disrupt the ability of the protein complex to reabsorb amino acids, which causes the amino acids to become concentrated in the urine. As the levels of cystine in the urine increase, the crystals typical of cystinuria form. The other amino acids that are reabsorbed by the protein complex do not create crystals when they accumulate in the urine.","Cystinuria is an inherited disorder characterized by the excessive excretion of the amino acid cystine in urine, leading to the formation of kidney stones and urinary tract obstruction. The condition is primarily caused by mutations in specific genes that affect the transport of cystine, other basic amino acids (arginine, histidine, and lysine), and calcium across the thick ascending limb of the loop of Henle.

The primary genetic changes related to cystinuria are found in three distinct loci:

1. **SLC3A1 Gene**: This gene is located on chromosome 2p16-pter and encodes the light subunit of the cystine-glutamate antiporter (cystinosin). Mutations in this gene account for approximately 70% to 85% of cases with classical cystinuria.

2. **SLC7A9 Gene**: This gene is located on chromosome 19p13 and encodes the heavy subunit of the same antiporter. Mutations in this gene are responsible for about 15% to 20% of cases, particularly those with a milder form of the disease.

3. **CTNS Gene**: The cystinosin (cystinuria type 1)"
What are the symptoms of Charcot-Marie-Tooth disease type 1F ?,"What are the signs and symptoms of Charcot-Marie-Tooth disease type 1F? The Human Phenotype Ontology provides the following list of signs and symptoms for Charcot-Marie-Tooth disease type 1F. If the information is available, the table below includes how often the symptom is seen in people with this condition. You can use the MedlinePlus Medical Dictionary to look up the definitions for these medical terms. Signs and Symptoms Approximate number of patients (when available) Areflexia - Autosomal dominant inheritance - Autosomal recessive inheritance - Clusters of axonal regeneration - Decreased motor nerve conduction velocity - Decreased number of peripheral myelinated nerve fibers - Distal amyotrophy - Distal muscle weakness - Distal sensory impairment - Hyporeflexia - Juvenile onset - Motor delay - Myelin outfoldings - Onion bulb formation - Pes cavus - Segmental peripheral demyelination/remyelination - Variable expressivity - The Human Phenotype Ontology (HPO) has collected information on how often a sign or symptom occurs in a condition. Much of this information comes from Orphanet, a European rare disease database. The frequency of a sign or symptom is usually listed as a rough estimate of the percentage of patients who have that feature. The frequency may also be listed as a fraction. The first number of the fraction is how many people had the symptom, and the second number is the total number of people who were examined in one study. For example, a frequency of 25/25 means that in a study of 25 people all patients were found to have that symptom. Because these frequencies are based on a specific study, the fractions may be different if another group of patients are examined. Sometimes, no information on frequency is available. In these cases, the sign or symptom may be rare or common.","Charcot-Marie-Tooth (CMT) disease is a group of inherited disorders that affect the peripheral nerves, leading to muscle weakness and atrophy, especially in the legs but also sometimes affecting the hands. CMT type 1F is a specific subtype of this condition.

Symptoms of CMT type 1F can include:

1. **Progressive Muscle Weakness**: This typically begins in childhood or adolescence and affects the lower legs (calf muscles) first, leading to difficulty walking laterally or climbing stairs.

2. **High Arch Feet (Pes Cavus)**: Many individuals with CMT type 1F have high arches in their feet, which can lead to foot drop and increased risk of foot ulcers.

3. **Decreased Muscle Mass**: As the disease progresses, muscle mass may decrease, particularly in the lower limbs.

4. **Foot Deformities**: Along with pes cavus, individuals might develop other foot deformities such as hammertoes or claw toes.

5. **Loss of Sensation**: There can be a gradual loss of sensation in the feet and legs, although this is less common compared to other types of CMT.

6. **Hand Weakness**: Some individuals may experience weakness in their hands, particularly affecting"
How to diagnose Parasites - Schistosomiasis ?,"Stool or urine samples can be examined microscopically for parasite eggs (stool for S. mansoni or S. japonicum eggs and urine for S. haematobium eggs). The eggs tend to be passed intermittently and in small amounts and may not be detected, so it may be necessary to perform a blood (serologic) test.
    
More on: Resources for Health Professionals: Diagnosis","Diagnosing schistosomiasis involves several methods that can identify the presence of schistosome parasites in your body. Here's an overview of common diagnostic approaches:

1. **Clinical History and Symptoms**: Healthcare providers will ask about symptoms such as abdominal pain, diarrhea, blood in urine or stool, rash, and fever. Additionally, they may inquire about travel history to regions where schistosomiasis is endemic.

2. **Physical Examination**: A thorough physical examination can reveal signs of infection like liver or spleen enlargement due to inflammation caused by the parasites' eggs.

3. **Microscopic Examination**:
   - **Stool Examination**: This test checks for Schistosoma eggs in stool samples, which are released when the worms lay their eggs.
   - **Urine Examination**: For certain species of schistosomes (e.g., S. haematobium), examining a urine sample can be effective as the eggs are excreted in the urine.

4. **Serological Tests**:
   - ELISA (Enzyme-Linked Immunosorbent Assay): This test detects antibodies against schistosome antigens, indicating past or current infection.
   - Western Blot: A more specific serological test that can be"
What is (are) glycogen storage disease type IX ?,"Glycogen storage disease type IX (also known as GSD IX) is a condition caused by the inability to break down a complex sugar called glycogen. The different forms of the condition can affect glycogen breakdown in liver cells or muscle cells or sometimes both. A lack of glycogen breakdown interferes with the normal function of the affected tissue.  When GSD IX affects the liver, the signs and symptoms typically begin in early childhood. The initial features are usually an enlarged liver (hepatomegaly) and slow growth. Affected children are often shorter than normal. During prolonged periods without food (fasting), affected individuals may have low blood sugar (hypoglycemia) or elevated levels of ketones in the blood (ketosis). Ketones are molecules produced during the breakdown of fats, which occurs when stored sugars are unavailable. Affected children may have delayed development of motor skills, such as sitting, standing, or walking, and some have mild muscle weakness. Puberty is delayed in some adolescents with GSD IX. In the form of the condition that affects the liver, the signs and symptoms usually improve with age. Typically, individuals catch up developmentally, and adults reach normal height. However, some affected individuals have a buildup of scar tissue (fibrosis) in the liver, which can rarely progress to irreversible liver disease (cirrhosis).  GSD IX can affect muscle tissue, although this form of the condition is very rare and not well understood. The features of this form of the condition can appear anytime from childhood to adulthood. Affected individuals may experience fatigue, muscle pain, and cramps, especially during exercise (exercise intolerance). Most affected individuals have muscle weakness that worsens over time. GSD IX can cause myoglobinuria, which occurs when muscle tissue breaks down abnormally and releases a protein called myoglobin that is excreted in the urine. Myoglobinuria can cause the urine to be red or brown.  In a small number of people with GSD IX, the liver and muscles are both affected. These individuals develop a combination of the features described above, although the muscle problems are usually mild.","Glycogen Storage Disease Type IX (GSD IX) refers to Von Gierke's disease or glucose-6-phosphatase deficiency. However, it should be noted that there are actually multiple types of glycogen storage diseases, and GSD IX is not a commonly recognized term in the medical literature.

Typically, the more accurate terminology for this condition is:

1. **Glycogen Storage Disease Type I (von Gierke's disease)**: This is caused by a deficiency of glucose-6-phosphatase, which leads to a buildup of glycogen and lactic acid in the liver and other organs.

However, there are additional types of glycogen storage diseases that can be referred to as ""GSD IX,"" but these are not widely recognized or standardized. They might include less common subtypes or specific mutations within the G6PC gene (which codes for glucose-6-phosphatase).

If you're referring specifically to a rare subtype, it would be helpful to have more detailed information about the exact type being discussed. If there's a particular context or reference that uses ""GSD IX,"" please provide additional details so I can offer a more accurate and relevant response."
What is (are) C3 glomerulopathy ?,"C3 glomerulopathy is a group of related conditions that cause the kidneys to malfunction. The major features of C3 glomerulopathy include high levels of protein in the urine (proteinuria), blood in the urine (hematuria), reduced amounts of urine, low levels of protein in the blood, and swelling in many areas of the body. Affected individuals may have particularly low levels of a protein called complement component 3 (or C3) in the blood.  The kidney problems associated with C3 glomerulopathy tend to worsen over time. About half of affected individuals develop end-stage renal disease (ESRD) within 10 years after their diagnosis. ESRD is a life-threatening condition that prevents the kidneys from filtering fluids and waste products from the body effectively.  Researchers have identified two major forms of C3 glomerulopathy: dense deposit disease and C3 glomerulonephritis. Although the two disorders cause similar kidney problems, the features of dense deposit disease tend to appear earlier than those of C3 glomerulonephritis, usually in adolescence. However, the signs and symptoms of either disease may not begin until adulthood.  One of the two forms of C3 glomerulopathy, dense deposit disease, can also be associated with other conditions unrelated to kidney function. For example, people with dense deposit disease may have acquired partial lipodystrophy, a condition characterized by a lack of fatty (adipose) tissue under the skin in the upper part of the body. Additionally, some people with dense deposit disease develop a buildup of yellowish deposits called drusen in the light-sensitive tissue at the back of the eye (the retina). These deposits usually appear in childhood or adolescence and can cause vision problems later in life.","C3 glomerulopathy is a kidney disease characterized by deposits of complement component 3 (C3) in the glomeruli, which are the filtering units of the kidneys. The condition was first described as a distinct entity in 2016 and is part of a group of diseases known as complement-mediated kidney diseases.

Key features and aspects of C3 glomerulopathy include:

1. **Pathogenesis:** It involves an aberrant activation of the complement system, leading to the deposition of C3 in the glomeruli.
2. **Clinical Presentation:** Patients may present with hematuria (blood in urine), proteinuria (protein in urine), and sometimes nephrotic syndrome or renal failure.
3. **Diagnosis:** Diagnosis is typically made through a combination of clinical findings, urinary analysis, serum tests for complement levels, and biopsy showing C3 deposits in the glomeruli.
4. **Management:** Treatment often involves immunosuppressive therapy to control inflammation and reduce complement activation.

C3 glomerulopathy can be a rare condition but understanding its characteristics is important for accurate diagnosis and appropriate management of affected individuals."
How many people are affected by focal dermal hypoplasia ?,"Focal dermal hypoplasia appears to be a rare condition, although its exact prevalence is unknown.","Focal Dermal Hypoplasia (FDH), also known as Goltz syndrome, is a rare genetic disorder that affects multiple organ systems and results in distinctive skin changes, skeletal abnormalities, and sometimes neurological issues. The condition is caused by mutations in the PORCN gene.

The prevalence of Focal Dermal Hypoplasia is estimated to be very low, with approximately 1-3 new cases per million live births. Due to its rarity, exact numbers can vary significantly from study to study, but it is clear that Focal Dermal Hypoplasia affects a small number of people globally.

It's important to note that the severity and symptoms can differ widely among individuals who have this condition. Some may experience mild symptoms, while others might face more severe challenges. Given its rarity, specific population-wide data on the total number of affected individuals is limited."
How to diagnose Primary Hyperparathyroidism ?,"Health care providers diagnose primary hyperparathyroidism when a person has high blood calcium and PTH levels. High blood calcium is usually the first sign that leads health care providers to suspect parathyroid gland overactivity. Other diseases can cause high blood calcium levels, but only in primary hyperparathyroidism is the elevated calcium the result of too much PTH.
                
Routine blood tests that screen for a wide range of conditions, including high blood calcium levels, are helping health care providers diagnose primary hyperparathyroidism in people who have mild forms of the disorder and are symptom-free. For a blood test, blood is drawn at a health care providers office or commercial facility and sent to a lab for analysis.","Primary hyperparathyroidism (PHPT) is diagnosed through a combination of clinical symptoms, laboratory tests, and imaging techniques. Here's an overview of the diagnostic process:

1. **Clinical Assessment:**
   - **Symptoms:** PHPT can present with nonspecific symptoms such as fatigue, depression, nausea, and muscle weakness. More specific symptoms include bone pain, renal stones, gastrointestinal disturbances (like constipation or abdominal pain), and cognitive changes.
   - **Risk Factors:** Consider a patient's history of kidney stones, osteoporosis, or family history.

2. **Initial Laboratory Tests:**
   - **Serum Calcium Levels:** Elevated levels (>10.5 mg/dL or 2.6 mmol/L) are highly suggestive of PHPT.
   - **Parathyroid Hormone (PTH):** PTH levels should be measured in the fasting state. In PHPT, serum PTH is typically increased (above the upper limit of normal).
     - Normal PTH range: Generally between 10-65 pg/mL or 27-138 pmol/L.
   - **Serum Alkaline Phosphatase:** Often elevated due to secondary hypercalcemia, which can cause increased activity in bone"
What are the treatments for arginine:glycine amidinotransferase deficiency ?,These resources address the diagnosis or management of arginine:glycine amidinotransferase deficiency:  - Gene Review: Gene Review: Creatine Deficiency Syndromes  - Genetic Testing Registry: Arginine:glycine amidinotransferase deficiency   These resources from MedlinePlus offer information about the diagnosis and management of various health conditions:  - Diagnostic Tests  - Drug Therapy  - Surgery and Rehabilitation  - Genetic Counseling   - Palliative Care,"Arginine:glycine amidinotransferase (AGAT) deficiency is a rare genetic disorder that results from mutations in the AGAT gene. This condition leads to a deficiency of the enzyme AGAT, which is crucial for producing creatine, an important molecule involved in energy metabolism.

### Treatment Approaches

1. **Creatine Supplementation**:
   - Creatine supplementation is the primary treatment for AGAT deficiency. It helps to provide the body with the necessary substrate to compensate for the reduced synthesis of creatine.
   - The goal is to maintain normal levels of creatine and phosphocreatine in muscle cells, which are important for energy metabolism.

2. **Dietary Management**:
   - A well-balanced diet that ensures adequate protein intake can help support overall health but does not directly address the enzyme deficiency.
   - There is no specific dietary restriction recommended beyond ensuring a normal diet unless there are additional metabolic concerns that require specialized care.

3. **Regular Monitoring**:
   - Regular follow-up with a healthcare provider, including regular blood tests to monitor creatine levels and other relevant parameters.
   - This helps in adjusting the treatment plan as needed based on the patient’s response and overall health status.

4. **Genetic Counseling**"
What is (are) High Blood Cholesterol ?,"You cannot control - heredity. High blood cholesterol can run in families.  - age. As we get older, our cholesterol levels rise.  - sex. Before menopause, women tend to have lower total cholesterol levels than men of the same age. After menopause, women's LDL (bad) cholesterol levels tend to increase. heredity. High blood cholesterol can run in families. age. As we get older, our cholesterol levels rise. sex. Before menopause, women tend to have lower total cholesterol levels than men of the same age. After menopause, women's LDL (bad) cholesterol levels tend to increase.","High blood cholesterol, also known as hypercholesterolemia, refers to having an abnormally high level of cholesterol in the blood. Cholesterol itself isn't inherently bad; it's essential for various bodily functions like cell membrane structure and hormone production. However, when levels get too high, particularly with unhealthy types of cholesterol (LDL or ""bad"" cholesterol), it can contribute to serious health issues.

Key points about high blood cholesterol:

1. **Types of Cholesterol**:
   - **Low-Density Lipoprotein (LDL)**: Often referred to as the ""bad"" cholesterol because too much LDL in your bloodstream can lead to plaque building up in arteries, increasing the risk of heart disease and stroke.
   - **High-Density Lipoprotein (HDL)**: Known as the ""good"" cholesterol because it helps remove excess cholesterol from the blood and transports it back to the liver for disposal.

2. **Risk Factors**: 
   - Unhealthy diet
   - Lack of physical activity
   - Smoking
   - Obesity or being overweight
   - Genetic predisposition

3. **Symptoms**:
   - High cholesterol typically doesn't have any symptoms; that's why it's often referred to as a ""silent killer."""
Is Townes-Brocks syndrome inherited ?,"Is Townes-Brocks syndrome genetic? Yes. Townes-Brocks syndrome is inherited in an autosomal dominant fashion, which means that one copy of the altered gene in each cell is sufficient to cause the disorder. In about 50% of cases, an affected person inherits the mutation from an affected parent. The other 50% have the condition as a result of a new (de novo) mutation.","Townes-Brocks syndrome (TBS) is indeed an inherited disorder. It is primarily inherited in an autosomal dominant pattern, meaning that inheriting one mutated copy of the SALL1 gene from one parent is usually enough to cause the condition.

The SALL1 gene provides instructions for making a protein that is involved in early development. Mutations in this gene can lead to the characteristic features of Townes-Brocks syndrome, which include genital abnormalities (both males and females), kidney problems, and limb differences.

While it's inherited dominantly, not all individuals with a mutation will show symptoms, or the severity of the condition may vary among family members. Additionally, some cases might result from new mutations that occur spontaneously in an affected individual without being passed down from a parent.

If you or your family have concerns about TBS or suspect you may be at risk, it's advisable to consult with a genetic counselor for more detailed information and guidance on genetic testing and counseling options."
What are the stages of Gastrointestinal Carcinoid Tumors ?,"Key Points
                    - After a gastrointestinal carcinoid tumor has been diagnosed, tests are done to find out if cancer cells have spread within the stomach and intestines or to other parts of the body.     - There are three ways that cancer spreads in the body.    - Cancer may spread from where it began to other parts of the body.    - The plan for cancer treatment depends on where the carcinoid tumor is found and whether it can be removed by surgery.
                
                
                    After a gastrointestinal carcinoid tumor has been diagnosed, tests are done to find out if cancer cells have spread within the stomach and intestines or to other parts of the body.
                    Staging is the process used to find out how far the cancer has spread. The information gathered from the staging process determines the stage of the disease. The results of tests and procedures used to diagnose gastrointestinal (GI) carcinoid tumors may also be used for staging. See the General Information section for a description of these tests and procedures. A bone scan may be done to check if there are rapidly dividing cells, such as cancer cells, in the bone. A very small amount of radioactive material is injected into a vein and travels through the bloodstream. The radioactive material collects in the bones and is detected by a scanner.
                
                
                    There are three ways that cancer spreads in the body.
                    Cancer can spread through tissue, the lymph system, and the blood:         - Tissue. The cancer spreads from where it began by growing into nearby areas.     - Lymph system. The cancer spreads from where it began by getting into the lymph system. The cancer travels through the lymph vessels to other parts of the body.     - Blood. The cancer spreads from where it began by getting into the blood. The cancer travels through the blood vessels to other parts of the body.
                
                
                    Cancer may spread from where it began to other parts of the body.
                    When cancer spreads to another part of the body, it is called metastasis. Cancer cells break away from where they began (the primary tumor) and travel through the lymph system or blood.         - Lymph system. The cancer gets into the lymph system, travels through the lymph vessels, and forms a tumor (metastatic tumor) in another part of the body.    - Blood. The cancer gets into the blood, travels through the blood vessels, and forms a tumor (metastatic tumor) in another part of the body.        The metastatic tumor is the same type of tumor as the primary tumor. For example, if a gastrointestinal (GI) carcinoid tumor spreads to the liver, the tumor cells in the liver are actually GI carcinoid tumor cells. The disease is metastatic GI carcinoid tumor, not liver cancer.
                
                
                    The plan for cancer treatment depends on where the carcinoid tumor is found and whether it can be removed by surgery.
                    For many cancers it is important to know the stage of the cancer in order to plan treatment. However, the treatment of gastrointestinal carcinoid tumors is not based on the stage of the cancer. Treatment depends mainly on whether the tumor can be removed by surgery and if the tumor has spread.   Treatment is based on whether the tumor:         - Can be completely removed by surgery.    - Has spread to other parts of the body.    - Has come back after treatment. The tumor may come back in the stomach or intestines or in other parts of the body.    - Has not gotten better with treatment.","Gastrointestinal (GI) carcinoid tumors are neoplasms that originate from enterochromaffin cells, which are neuroendocrine cells found in various parts of the gastrointestinal tract. These tumors can be staged based on their extent and spread within and beyond the primary site. The staging is crucial for determining the appropriate treatment approach.

The American Joint Committee on Cancer (AJCC) TNM system is commonly used to stage GI carcinoid tumors, where:

- **T (Tumor)**: Indicates the size of the tumor or whether it has invaded nearby structures.
  - T1: <2 cm
  - T2: ≥2 cm but no invasion through the submucosa
  - T3: Invasion through the submucosa to the muscularis propria, or local lymph node involvement
  - T4a: Direct extension of the tumor into adjacent organs.
  - T4b: Macroscopically visible tumor thrombus in a mesenteric vein or portal vein but not extending beyond the liver.

- **N (Node)**: Indicates the presence and extent of regional lymph node metastasis.
  - N0: No regional lymph node involvement
  - N1: Regional lymph node involvement

- **M ("
What are the genetic changes related to Werner syndrome ?,"Mutations in the WRN gene cause Werner syndrome. The WRN gene provides instructions for producing the Werner protein, which is thought to perform several tasks related to the maintenance and repair of DNA. This protein also assists in the process of copying (replicating) DNA in preparation for cell division. Mutations in the WRN gene often lead to the production of an abnormally short, nonfunctional Werner protein. Research suggests that this shortened protein is not transported to the cell's nucleus, where it normally interacts with DNA. Evidence also suggests that the altered protein is broken down more quickly in the cell than the normal Werner protein. Researchers do not fully understand how WRN mutations cause the signs and symptoms of Werner syndrome. Cells with an altered Werner protein may divide more slowly or stop dividing earlier than normal, causing growth problems. Also, the altered protein may allow DNA damage to accumulate, which could impair normal cell activities and cause the health problems associated with this condition.","Werner syndrome is an autosomal recessive disorder that results from mutations in the WRN gene, which provides instructions for making a protein called WRN helicase. This protein has multiple roles in maintaining genomic stability and integrity.

The WRN gene is located on chromosome 8q20-21 and contains over 35 exons. Mutations in this gene can lead to various functional defects of the WRN protein, including its helicase, DNA repair, and transcription functions. These mutations are typically described as missense, nonsense, frameshift, or splice site variants.

These genetic changes often result in a loss-of-function mechanism where the protein does not function properly or is degraded more rapidly than normal. This can lead to:

1. **Impaired DNA Repair:** The WRN helicase plays a crucial role in repairing damaged DNA through processes like replication fork stabilization and unwinding of DNA during recombination.

2. **Defective Telomere Maintenance:** Telomeres are repetitive sequences at the ends of chromosomes that protect them from degradation. Mutations in WRN can impair telomere maintenance, leading to shorter telomeres and potentially premature aging.

3. **Impaired Cellular Senescence:** The WRN protein is involved in regulating"
How many people are affected by Usher syndrome ?,"Usher syndrome is thought to be responsible for 3 percent to 6 percent of all childhood deafness and about 50 percent of deaf-blindness in adults. Usher syndrome type I is estimated to occur in at least 4 per 100,000 people. It may be more common in certain ethnic populations, such as people with Ashkenazi (central and eastern European) Jewish ancestry and the Acadian population in Louisiana. Type II is thought to be the most common form of Usher syndrome, although the frequency of this type is unknown. Type III Usher syndrome accounts for only a small percentage of all Usher syndrome cases in most populations. This form of the condition is more common in the Finnish population, however, where it accounts for about 40 percent of all cases.","Usher syndrome affects approximately 1 in every 20,000 to 30,000 individuals worldwide. This makes it one of the more common causes of deaf-blindness, as it combines hearing loss with progressive vision loss due to retinitis pigmentosa. However, the exact prevalence can vary based on different populations and regions."
what research (or clinical trials) is being done for Small Cell Lung Cancer ?,"New types of treatment are being tested in clinical trials.
                    Information about clinical trials is available from the NCI website.
                
                
                    Patients may want to think about taking part in a clinical trial.
                    For some patients, taking part in a clinical trial may be the best treatment choice. Clinical trials are part of the cancer research process. Clinical trials are done to find out if new cancer treatments are safe and effective or better than the standard treatment.   Many of today's standard treatments for cancer are based on earlier clinical trials. Patients who take part in a clinical trial may receive the standard treatment or be among the first to receive a new treatment.   Patients who take part in clinical trials also help improve the way cancer will be treated in the future. Even when clinical trials do not lead to effective new treatments, they often answer important questions and help move research forward.
                
                
                    Patients can enter clinical trials before, during, or after starting their cancer treatment.
                    Some clinical trials only include patients who have not yet received treatment. Other trials test treatments for patients whose cancer has not gotten better. There are also clinical trials that test new ways to stop cancer from recurring (coming back) or reduce the side effects of cancer treatment.   Clinical trials are taking place in many parts of the country. See the Treatment Options section that follows for links to current treatment clinical trials. These have been retrieved from NCI's listing of clinical trials.","Small cell lung cancer (SCLC) is an aggressive form of lung cancer that accounts for about 10-15% of all lung cancers. Research and clinical trials in SCLC are ongoing, focusing on improving outcomes through better diagnoses, more effective treatments, and novel therapies. Here are some key areas of research:

### Treatment Modalities

1. **Immunotherapy**: There is significant interest in using immunotherapies such as PD-L1 inhibitors and checkpoint inhibitors to treat SCLC. Ongoing trials are exploring these drugs both alone and in combination with chemotherapy.

2. **Combination Therapy**: Combining traditional chemotherapy agents like etoposide and cisplatin or carboplatin with newer targeted therapies is being investigated to improve response rates and overall survival.

3. **Targeted Therapies**: Research into specific genetic mutations and molecular pathways that drive SCLC, such as ALK, ROS1, and other receptor tyrosine kinases (RTKs).

4. **Radiation Therapy**: Innovations in radiation therapy techniques to better target tumors while minimizing damage to healthy tissue.

5. **New Chemotherapy Agents**: Development of new chemotherapeutic agents that are more effective or have fewer side effects than current options.

###"
What is (are) Congenital chloride diarrhea ?,"Congenital chloride diarrhea is a condition characterized by large, watery stools containing an excess of chloride. Individuals have intrauterine (pre-birth) and lifelong diarrhea; infants with the condition are often premature. The excessive diarrhea causes electrolyte and water deficits, which in turn cause volume depletion, hyperreninemia (elevated levels of renin in the blood), hyperaldosteronism, renal potassium wasting, and sometimes nephropathy. Mutations in the SLC26A3 gene have been found to cause the condition. It is inherited in an autosomal recessive manner. Treatment generally focuses on the individual symptoms of the condition and typically includes taking oral supplements of sodium and potassium chloride.","Congenital chloride diarrhea, also known as congenital secretory diarrhea or familial periodic diarrhea, is a rare genetic disorder characterized by an excessive loss of fluids and electrolytes, particularly chloride ions, through the intestines. This condition primarily affects infants and young children.

### Key Features:
1. **Excessive Diarrhea**: The primary symptom is profuse watery diarrhea that can be severe enough to cause dehydration.
2. **Genetic Basis**: It is typically inherited in an autosomal recessive pattern, meaning a child must inherit two copies of the mutated gene (one from each parent) to develop the condition.
3. **Electrolyte Imbalance**: There's often significant loss of electrolytes like chloride and sodium, which can lead to dehydration, metabolic acidosis, and other complications.
4. **Age of Onset**: Symptoms usually appear shortly after birth or within the first few months of life.

### Causes:
The condition is caused by mutations in specific genes that are responsible for the chloride channel function in the intestinal cells. These include:
- **CFTR (Cystic Fibrosis Transmembrane Conductance Regulator)**: Mutations in this gene can lead to a form of congenital chloride diarrhea, although it's rare.
- **Other"
What are the treatments for Roberts syndrome ?,These resources address the diagnosis or management of Roberts syndrome:  - Gene Review: Gene Review: Roberts Syndrome  - Genetic Testing Registry: Roberts-SC phocomelia syndrome  - MedlinePlus Encyclopedia: Contracture deformity  - MedlinePlus Encyclopedia: Microcephaly   These resources from MedlinePlus offer information about the diagnosis and management of various health conditions:  - Diagnostic Tests  - Drug Therapy  - Surgery and Rehabilitation  - Genetic Counseling   - Palliative Care,"Roberts Syndrome is a rare genetic condition that appears to be caused by mutations in the RBBB1 gene. This condition can lead to multiple birth defects and developmental issues. As of now, there is no specific cure or treatment regimen specifically developed for Roberts Syndrome due to its rarity and complexity.

However, management typically involves a multidisciplinary approach aimed at addressing the symptoms and associated complications. Here are some general treatments that may be considered:

1. **Genetic Counseling**: This can help families understand the condition, genetic risks, and potential outcomes as well as making informed decisions about future pregnancies.

2. **Rehabilitation Services**:
   - Physical Therapy: To assist with mobility issues and physical limitations.
   - Occupational Therapy: To help improve daily living skills and self-care abilities.
   - Speech Therapy: If there are speech or swallowing difficulties.

3. **Cardiac Care**: Since many individuals with Roberts Syndrome have heart defects, regular cardiac monitoring is essential. This may include echocardiograms, electrocardiograms, and other tests as necessary.

4. **Dental Care**: Regular dental check-ups to manage any oral health issues that may arise due to the condition.

5. **Orthopedic Support**: Depending on the severity of skeletal abnormalities, corrective surgeries"
What causes Essential tremor ?,"What causes essential tremor? The causes of essential tremor are unknown. Researchers are studying several areas (loci) on particular chromosomes that may be linked to essential tremor, but no specific genetic associations have been confirmed. Several genes, as well as environmental factors, are likely involved in an individual's risk of developing this complex condition.","Essential tremor (ET) is a neurological disorder characterized by trembling that occurs when you move one of your body parts, such as your hands or arms. The exact cause of essential tremor is not fully understood, but there are several factors and theories proposed:

1. **Genetic Factors**: Essential tremor often runs in families and has been linked to mutations in certain genes, though the specific gene(s) involved can vary among individuals.

2. **Brain Chemistry**: Some research suggests that abnormalities in the levels of neurotransmitters (chemicals that transmit signals between nerve cells) within the brain, such as dopamine, may play a role in causing essential tremor.

3. **Cerebellar Function**: The cerebellum is an area of the brain responsible for controlling movement and balance. Some studies indicate that abnormalities or dysfunctions in the cerebellum might contribute to essential tremor.

4. **Environmental Factors**: While not well-established, some researchers propose that environmental factors could potentially contribute to the development of essential tremor, though these are not considered primary causes.

5. **Age-Related Changes**: Essential tremor is more common as people age, and changes in brain structure or function associated with aging might play a role.

Treatment for essential tremor typically involves"
What is (are) Graves disease ?,"Graves disease is a condition that affects the function of the thyroid, which is a butterfly-shaped gland in the lower neck. The thyroid makes hormones that help regulate a wide variety of critical body functions. For example, thyroid hormones influence growth and development, body temperature, heart rate, menstrual cycles, and weight. In people with Graves disease, the thyroid is overactive and makes more hormones than the body needs. The condition usually appears in mid-adulthood, although it may occur at any age.  Excess thyroid hormones can cause a variety of signs and symptoms. These include nervousness or anxiety, extreme tiredness (fatigue), a rapid and irregular heartbeat, hand tremors, frequent bowel movements or diarrhea, increased sweating and difficulty tolerating hot conditions, trouble sleeping, and weight loss in spite of an increased appetite. Affected women may have menstrual irregularities, such as an unusually light menstrual flow and infrequent periods. Some people with Graves disease develop an enlargement of the thyroid called a goiter. Depending on its size, the enlarged thyroid can cause the neck to look swollen and may interfere with breathing and swallowing.  Between 25 and 50 percent of people with Graves disease have eye abnormalities, which are known as Graves ophthalmopathy. These eye problems can include swelling and inflammation, redness, dryness, puffy eyelids, and a gritty sensation like having sand or dirt in the eyes. Some people develop bulging of the eyes caused by inflammation of tissues behind the eyeball and ""pulling back"" (retraction) of the eyelids. Rarely, affected individuals have more serious eye problems, such as pain, double vision, and pinching (compression) of the optic nerve connecting the eye and the brain, which can cause vision loss.  A small percentage of people with Graves disease develop a skin abnormality called pretibial myxedema or Graves dermopathy. This abnormality causes the skin on the front of the lower legs and the tops of the feet to become thick, lumpy, and red. It is not usually painful.","Graves' disease is an autoimmune disorder that primarily affects the thyroid gland, leading to hyperthyroidism. Here are some key points about Graves' disease:

1. **Cause**: It's caused by antibodies that stimulate the thyroid gland to produce too much thyroid hormone.

2. **Symptoms**:
   - Increased heart rate
   - Anxiety and irritability
   - Weight loss despite increased appetite
   - Fatigue
   - Heat intolerance and increased sweating
   - Hand tremors
   - Changes in menstrual patterns
   - Erectile dysfunction or reduced libido
   - Bowel movements more frequent, sometimes with diarrhea
   - Enlarged thyroid gland (goiter)
   - Eye problems, such as bulging eyes, redness, and irritation (Graves' ophthalmopathy)

3. **Diagnosis**: Often diagnosed through blood tests to check thyroid function and antibodies, and imaging studies like a thyroid scan or ultrasound.

4. **Treatment**:
   - Antithyroid medications
   - Radioactive iodine therapy
   - Beta-blockers for symptom relief
   - Surgery (thyroidectomy) in some cases

5. **Complications**: Graves' disease can lead to complications such as heart problems, osteoporosis,"
What is (are) Restless Legs ?,"Restless legs syndrome (RLS) causes a powerful urge to move your legs. Your legs become uncomfortable when you are lying down or sitting. Some people describe it as a creeping, crawling, tingling, or burning sensation. Moving makes your legs feel better, but not for long. RLS can make it hard to fall asleep and stay asleep.    In most cases, there is no known cause for RLS. In other cases, RLS is caused by a disease or condition, such as anemia or pregnancy. Some medicines can also cause temporary RLS. Caffeine, tobacco, and alcohol may make symptoms worse.    Lifestyle changes, such as regular sleep habits, relaxation techniques, and moderate exercise during the day can help. If those don't work, medicines may reduce the symptoms of RLS.    Most people with RLS also have a condition called periodic limb movement disorder (PLMD). PLMD is a condition in which a person's legs twitch or jerk uncontrollably, usually during sleep. PLMD and RLS can also affect the arms.     NIH: National Heart, Lung, and Blood Institute","Restless Legs Syndrome (RLS), also known as Willis-Ekbom Disease, is a neurological disorder characterized by an irresistible urge to move one's legs, often accompanied by uncomfortable or painful sensations. These symptoms typically occur when the person is at rest, such as sitting or lying down, and usually are relieved temporarily through movement.

Key features of RLS include:

1. **Uncomfortable Sensations**: People with RLS experience unpleasant sensations in their legs, commonly described as creeping, tugging, pulling, itching, burning, or tingling.

2. **Movement Relief**: Moving the affected limb often provides temporary relief from these uncomfortable feelings.

3. **Worsening at Night or Rest**: Symptoms are typically worse when lying down or sitting and usually occur in the evenings.

4. **Excessive Daytime Sleepiness (EDS)**: Despite feeling tired, people with RLS may experience excessive daytime sleepiness due to disrupted nighttime sleep.

5. **Periodic Limb Movements in Sleep (PLMS)**: Many individuals with RLS also have periodic limb movements during sleep, which can further disrupt their sleep quality and contribute to the daytime symptoms of EDS.

RLS is a chronic condition that can significantly impact a person's quality of life. It affects"
what research (or clinical trials) is being done for Dysgraphia ?,"The National Institute of Neurological Disorders and Stroke (NINDS) and other institutes of the National Institutes of Health (NIH) support dysgraphia research through grants to major medical institutions across the country. Much of this research focuses on finding better ways to treat, and ultimately, prevent dysgraphia.","Research into dysgraphia, which is a writing disability that affects handwriting and spelling, is focused on understanding its causes, developing effective interventions, and improving educational support systems. Here are some areas where current research is active:

1. **Etiology and Diagnosis**: Researchers are working to better understand the underlying neurological and psychological factors that contribute to dysgraphia. This includes identifying biomarkers or other diagnostic tools that can help in early detection.

2. **Intervention Strategies**:
   - **Computer-Assisted Programs**: Studies are exploring how technology can be used as a tool for improving writing skills among individuals with dysgraphia. For example, software designed to provide visual aids and prompts may assist students in organizing their thoughts before putting them on paper.
   - **Multisensory Approaches**: There is ongoing research into multisensory techniques (combining auditory, tactile, and kinesthetic modalities) that could enhance learning outcomes for those with dysgraphia.

3. **Educational Interventions**:
   - **Adaptive Technologies**: Research is being conducted on how assistive technologies can support students with dysgraphia in educational settings.
   - **Inclusive Education Practices**: Studies are examining the effectiveness of inclusive education practices that cater to diverse learning needs, including"
What is (are) Monkeypox Virus Infections ?,"Monkeypox is a rare viral disease. It occurs mostly in central and western Africa. Wild rodents and squirrels carry it, but it is called monkeypox because scientists saw it first in lab monkeys. In 2003, it was reported in prairie dogs and humans in the U.S.     Centers for Disease Control and Prevention","Monkeypox virus infections refer to infections caused by the monkeypox virus. This virus belongs to the same family as variola virus (the causative agent of smallpox), and historically, it has been considered a milder disease compared to smallpox.

Here are some key points about monkeypox:

1. **Transmission**: The virus can spread through direct contact with bodily fluids, skin lesions, or respiratory secretions from an infected animal or person. It can also be contracted by touching contaminated objects and surfaces (fomites).

2. **Symptoms**: Symptoms of monkeypox are similar to those of smallpox but generally milder. They include fever, headache, muscle aches, chills, exhaustion, and swollen lymph nodes followed by a rash that may appear as papules, vesicles, and scabs.

3. **Incubation Period**: The incubation period typically ranges from 5 to 21 days.

4. **Treatment**: There is currently no specific treatment for monkeypox; however, antiviral medications like brincidofovir or tecovirimat may be prescribed in severe cases. Supportive care helps manage symptoms and prevent complications.

5. **Prevention**: Measures include avoiding contact with sick"
What is (are) megalencephaly-capillary malformation syndrome ?,"Megalencephaly-capillary malformation syndrome (MCAP) is a disorder characterized by overgrowth of several tissues in the body. Its primary features are a large brain (megalencephaly) and abnormalities of small blood vessels in the skin called capillaries (capillary malformations).  In individuals with MCAP, megalencephaly leads to an unusually large head size (macrocephaly), which is typically evident at birth. After birth, the brain and head continue to grow at a fast rate for the first few years of life; then, the growth slows to a normal rate, although the head remains larger than average. Additional brain abnormalities are common in people with MCAP; these can include excess fluid within the brain (hydrocephalus) and abnormalities in the brain's structure, such as those known as Chiari malformation and polymicrogyria. Abnormal brain development leads to intellectual disability in most affected individuals and can also cause seizures or weak muscle tone (hypotonia). In particular, polymicrogyria is associated with speech delays and difficulty chewing and swallowing.  The capillary malformations characteristic of MCAP are composed of enlarged capillaries that increase blood flow near the surface of the skin. These malformations usually look like pink or red spots on the skin. In most affected individuals, capillary malformations occur on the face, particularly the nose, the upper lip, and the area between the nose and upper lip (the philtrum). In other people with MCAP, the malformations appear as patches spread over the body or as a reddish net-like pattern on the skin (cutis marmorata).  In some people with MCAP, excessive growth affects not only the brain but other individual parts of the body, which is known as segmental overgrowth. This can lead to one arm or leg that is bigger or longer than the other or a few oversized fingers or toes. Some affected individuals have fusion of the skin between two or more fingers or toes (cutaneous syndactyly).  Additional features of MCAP can include flexible joints and skin that stretches easily. Some affected individuals are said to have doughy skin because the tissue under the skin is unusually thick and soft.  The gene involved in MCAP is also associated with several types of cancer. Although a small number of individuals with MCAP have developed tumors (in particular, a childhood form of kidney cancer known as Wilms tumor and noncancerous tumors in the nervous system known as meningiomas), people with MCAP do not appear to have a greater risk of developing cancer than the general population.","Megalencephaly-capillary malformation (MCU) syndrome, also known as MECCIA or MCMC, is a rare genetic disorder that affects multiple organ systems in the body. It primarily involves two main features: megalencephaly and capillary malformations.

1. **Megalencephaly**: This refers to an abnormally large brain volume due to an overproduction of cells during brain development. The enlarged brain can lead to various neurological symptoms, including motor dysfunction, intellectual disabilities, seizures, and speech difficulties.

2. **Capillary Malformations**: These are distinctive skin lesions that appear as red or brown patches on the skin. Capillary malformations can occur anywhere in the body but are most commonly found on the face, neck, chest, back, and limbs.

MCU syndrome is part of a larger group of disorders known as Overgrowth Syndromes, which include conditions like Beckwith-Wiedemann Syndrome and Sotos Syndrome. However, MCU has distinct features that differentiate it from these other conditions.

The genetic basis for MCU is complex and can involve mutations in various genes. Some cases may be inherited, while others could result from de novo (new) genetic mutations.

Diagnosis of MCU involves a combination of clinical"
What are the treatments for cerebral cavernous malformation ?,These resources address the diagnosis or management of cerebral cavernous malformation:  - Angioma Alliance: Imaging and Diagnostics  - Gene Review: Gene Review: Familial Cerebral Cavernous Malformation  - Genetic Testing Registry: Cerebral cavernous malformation  - Genetic Testing Registry: Cerebral cavernous malformations 1  - Genetic Testing Registry: Cerebral cavernous malformations 2  - Genetic Testing Registry: Cerebral cavernous malformations 3  - MedlinePlus Encyclopedia: Cerebral angiography   These resources from MedlinePlus offer information about the diagnosis and management of various health conditions:  - Diagnostic Tests  - Drug Therapy  - Surgery and Rehabilitation  - Genetic Counseling   - Palliative Care,"Cerebral cavernous malformations (CCM) are abnormal collections of thin-walled vascular spaces within the brain or spinal cord. The treatment approach depends on various factors, including the location and size of the CCMs, symptoms, and overall health of the patient. Here are some common treatments:

1. **Observation**: For small, asymptomatic CCMs, a watchful waiting approach may be recommended to monitor the condition over time.

2. **Medications**:
   - **Anti-seizure Medications**: If seizures occur due to CCMs, medications like phenytoin, valproate, or levetiracetam can help control them.
   - **Blood Thinners**: In some cases, blood thinners such as aspirin may be prescribed to reduce the risk of complications.

3. **Surgical Removal**:
   - **Endovascular Surgery**: A minimally invasive procedure that uses catheters and X-rays to reach the CCMs from inside blood vessels.
   - **Open Surgery**: In cases where the CCM is large or located in a critical area, open surgery might be necessary.

4. **Radiosurgery**:
   - This non-invasive technique uses focused radiation beams to target"
Is inclusion body myopathy 2 inherited ?,"This condition is inherited in an autosomal recessive pattern, which means both copies of the gene in each cell have mutations. The parents of an individual with an autosomal recessive condition each carry one copy of the mutated gene, but they typically do not show signs and symptoms of the condition.","Inclusion Body Myopathy 2 (IBM2) is indeed inherited in an autosomal dominant manner. This means that if one parent has the condition, there is a 50% chance that they will pass the gene mutation to their child.

The specific genetic cause of IBM2 involves mutations in the VCP (Valosin Containing Protein) gene. The VCP protein plays a role in cellular processes like protein quality control and autophagy. Mutations in this gene can lead to muscle degeneration, which is characteristic of inclusion body myopathy.

It's important to note that while one copy of the mutated gene is sufficient to cause the condition (autosomal dominant inheritance), not all individuals with the mutation will develop symptoms, a phenomenon known as variable expressivity.

For accurate diagnosis and genetic counseling, consulting a medical professional or a genetic counselor who can provide personalized information based on specific family history and testing results is highly recommended."
What are the genetic changes related to nonsyndromic hearing loss ?,"The causes of nonsyndromic hearing loss are complex. Researchers have identified more than 90 genes that, when altered, are associated with nonsyndromic hearing loss. Many of these genes are involved in the development and function of the inner ear. Mutations in these genes contribute to hearing loss by interfering with critical steps in processing sound. Different mutations in the same gene can be associated with different types of hearing loss, and some genes are associated with both syndromic and nonsyndromic forms. In many affected families, the factors contributing to hearing loss have not been identified.  Most cases of nonsyndromic hearing loss are inherited in an autosomal recessive pattern. About half of all severe-to-profound autosomal recessive nonsyndromic hearing loss results from mutations in the GJB2 gene; these cases are designated DFNB1. The GJB2 gene provides instructions for making a protein called connexin 26, which is a member of the connexin protein family. Mutations in another connexin gene, GJB6, can also cause DFNB1. The GJB6 gene provides instructions for making a protein called connexin 30. Connexin proteins form channels called gap junctions, which allow communication between neighboring cells, including cells in the inner ear. Mutations in the GJB2 or GJB6 gene alter their respective connexin proteins, which changes the structure of gap junctions and may affect the function or survival of cells that are needed for hearing.  The most common cause of moderate autosomal recessive nonsyndromic hearing loss is mutations in the STRC gene. These mutations cause a form of the condition known as DFNB16. Mutations in more than 60 other genes can also cause autosomal recessive nonsyndromic hearing loss. Many of these gene mutations have been found in one or a few families.  Nonsyndromic hearing loss can also be inherited in an autosomal dominant pattern. Mutations in at least 30 genes have been identified in people with autosomal dominant nonsyndromic hearing loss; mutations in some of these genes (including GJB2 and GJB6) can also cause autosomal recessive forms of the condition. Although no single gene is associated with a majority of autosomal dominant nonsyndromic hearing loss cases, mutations in a few genes, such as KCNQ4 and TECTA, are relatively common. Mutations in many of the other genes associated with autosomal dominant nonsyndromic hearing loss have been found in only one or a few families.  X-linked and mitochondrial forms of nonsyndromic hearing loss are rare. About half of all X-linked cases are caused by mutations in the POU3F4 gene. This form of the condition is designated DFNX2. Mutations in at least three other genes have also been identified in people with X-linked nonsyndromic hearing loss.  Mitochondrial forms of hearing loss result from changes in mitochondrial DNA (mtDNA). Mitochondria are structures within cells that convert the energy from food into a form that cells can use. Although most DNA is packaged in chromosomes within the nucleus, mitochondria also have a small amount of their own DNA. Only a few mutations in mtDNA have been associated with hearing loss, and their role in the condition is still being studied.  Mutations in some of the genes associated with nonsyndromic hearing loss can also cause syndromic forms of hearing loss, such as Usher syndrome (CDH23 and MYO7A, among others), Pendred syndrome (SLC26A4), Wolfram syndrome (WFS1), and Stickler syndrome (COL11A2). It is often unclear how mutations in the same gene can cause isolated hearing loss in some individuals and hearing loss with additional signs and symptoms in others.  In addition to genetic changes, hearing loss can result from environmental factors or a combination of genetic risk and a person's environmental exposures. Environmental causes of hearing loss include certain medications, specific infections before or after birth, and exposure to loud noise over an extended period. Age is also a major risk factor for hearing loss. Age-related hearing loss (presbyacusis) is thought to have both genetic and environmental influences.","Nonsyndromic hearing loss (NSHL) is a form of hereditary hearing impairment that does not accompany other medical conditions or syndromes. It can be caused by mutations in one or more genes, and these mutations are often associated with the development of the auditory system. Here are some key points about genetic changes related to nonsyndromic hearing loss:

1. **Genetic Mechanisms:**
   - NSHL can be inherited in an autosomal dominant (AD), autosomal recessive (AR), or X-linked manner.
   - Autosomal genes involved include GJB2, SLC26A4, and MYO7A.

2. **Primary Genes Involved:**
   - **GJB2:** This gene encodes connexin 26, a protein that forms gap junctions essential for the function of the outer hair cells in the cochlea.
   - **SLC26A4:** Also known as pendrin, this gene is involved in chloride transport and is crucial for the development and function of the inner ear.
   - **MYO7A:** This gene encodes myosin VIIa, which is critical for the structural integrity and motility of hair cells.

3. **"
What is (are) Prostate Enlargement: Benign Prostatic Hyperplasia ?,"The prostate is a walnut-shaped gland that is part of the male reproductive system. The main function of the prostate is to make a fluid that goes into semen. Prostate fluid is essential for a mans fertility. The gland surrounds the urethra at the neck of the bladder. The bladder neck is the area where the urethra joins the bladder. The bladder and urethra are parts of the lower urinary tract. The prostate has two or more lobes, or sections, enclosed by an outer layer of tissue, and it is in front of the rectum, just below the bladder. The urethra is the tube that carries urine from the bladder to the outside of the body. In men, the urethra also carries semen out through the penis.","Prostate enlargement, medically known as Benign Prostatic Hyperplasia (BPH), is a common condition that affects many men as they age. Here are some key points about BPH:

1. **Definition**: BPH refers to the non-cancerous growth of the prostate gland. The prostate is a small walnut-shaped gland in males that surrounds part of the urethra, just below the bladder.

2. **Causes**: The exact cause of BPH is not fully understood, but it appears to be related to aging and changes in male hormones as men get older. As the prostate grows larger, it can press on the urethra and bladder neck, interfering with urination.

3. **Symptoms**:
   - Frequent or urgent need to urinate
   - Weak urine stream
   - Straining during urination
   - Inability to completely empty the bladder
   - Increased nocturia (waking up frequently at night to urinate)
   - Urinary retention, which can be serious if not treated

4. **Risk Factors**: 
   - Age: BPH is more common in older men.
   - Family history: If a close relative has had BPH, you may have an increased risk.
   -"
What are the symptoms of Doyne honeycomb retinal dystrophy ?,"What are the signs and symptoms of Doyne honeycomb retinal dystrophy? The Human Phenotype Ontology provides the following list of signs and symptoms for Doyne honeycomb retinal dystrophy. If the information is available, the table below includes how often the symptom is seen in people with this condition. You can use the MedlinePlus Medical Dictionary to look up the definitions for these medical terms. Signs and Symptoms Approximate number of patients (when available) Autosomal dominant inheritance - Reticular pigmentary degeneration - Retinal dystrophy - Visual impairment - The Human Phenotype Ontology (HPO) has collected information on how often a sign or symptom occurs in a condition. Much of this information comes from Orphanet, a European rare disease database. The frequency of a sign or symptom is usually listed as a rough estimate of the percentage of patients who have that feature. The frequency may also be listed as a fraction. The first number of the fraction is how many people had the symptom, and the second number is the total number of people who were examined in one study. For example, a frequency of 25/25 means that in a study of 25 people all patients were found to have that symptom. Because these frequencies are based on a specific study, the fractions may be different if another group of patients are examined. Sometimes, no information on frequency is available. In these cases, the sign or symptom may be rare or common.","Doyne honeycomb retinal dystrophy (also known as Best disease) is an inherited disorder that primarily affects the retina and can lead to significant vision loss, particularly in young adults. The primary symptoms include:

1. **Honeycomb Appearance**: One of the hallmark features of this condition is a characteristic honeycomb or lattice-like appearance on the outer retinal layers when examined with advanced imaging techniques like optical coherence tomography (OCT). However, these findings are typically not visible to the naked eye.

2. **Central Vision Loss**: The most common and significant symptom is progressive loss of central vision due to macular degeneration. This affects the ability to see fine details and can interfere with activities such as reading, driving, and recognizing faces.

3. **Visual Disturbances**: Early signs may include blurred or distorted vision in one eye, which often progresses to both eyes over time. Some individuals might experience floaters (small specks or strings that seem to float in the visual field).

4. **Night Vision Problems**: Although less common, some patients may experience difficulty seeing in low light conditions.

5. **Color Vision Changes**: In some cases, there can be changes in color perception, although this is not a universal symptom.

It's important to note that"
What is (are) van der Woude syndrome ?,"Van der Woude syndrome is a condition that affects the development of the face. Many people with this disorder are born with a cleft lip, a cleft palate (an opening in the roof of the mouth), or both. Affected individuals usually have depressions (pits) near the center of the lower lip, which may appear moist due to the presence of salivary and mucous glands in the pits. Small mounds of tissue on the lower lip may also occur. In some cases, people with van der Woude syndrome have missing teeth.  People with van der Woude syndrome who have cleft lip and/or palate, like other individuals with these facial conditions, have an increased risk of delayed language development, learning disabilities, or other mild cognitive problems. The average IQ of individuals with van der Woude syndrome is not significantly different from that of the general population.","Van der Woude syndrome, also known as 22q11.2 deletion syndrome when the deletion involves this region, or CDPK3-related cleft lip/palate, is a genetic disorder that primarily affects the development of the face and can cause various congenital abnormalities. It is characterized by:

1. **Oral Clefts**: The most common feature is an isolated cleft lip with or without a cleft palate (called ""cleft lip with or without cleft palate"" or CL/P). This means that there is a split in the upper lip, and sometimes the roof of the mouth as well.

2. **Facial Characteristics**: Individuals with Van der Woude syndrome may have additional facial features such as earlobes that are not fully attached to the side of the head (ectopic auricles), or pits on the lower lip (pits in the vermilion border).

3. **Increased Susceptibility to Infections**: There is an increased risk of recurrent infections, particularly of the skin around the mouth and nose.

4. **Other Features**: Some individuals may have additional features such as dental abnormalities, hearing loss, or minor heart defects. However, these are less common than oral clefts.

5. **"
What is (are) Hypotension ?,"Hypotension (HI-po-TEN-shun) is abnormally low blood pressure. Blood pressure is the force of blood pushing against the walls of the arteries as the heart pumps out blood.
                
Blood pressure is measured as systolic (sis-TOL-ik) and diastolic (di-a-STOL-ik) pressures. ""Systolic"" refers to blood pressure when the heart beats while pumping blood. ""Diastolic"" refers to blood pressure when the heart is at rest between beats.
                
You most often will see blood pressure numbers written with the systolic number above or before the diastolic number, such as 120/80 mmHg. (The mmHg is millimeters of mercurythe units used to measure blood pressure.)
                
Normal blood pressure in adults is lower than 120/80 mmHg. Hypotension is blood pressure that's lower than 90/60 mmHg.
                
Overview
                
Blood pressure doesn't stay the same all the time. It lowers as you sleep and rises when you wake up. Blood pressure also rises when you're excited, nervous, or active.
                
Your body is very sensitive to changes in blood pressure. For example, if you stand up quickly, your blood pressure may drop for a short time. Your body adjusts your blood pressure to make sure enough blood and oxygen are flowing to your brain, kidneys, and other vital organs.
                
Most forms of hypotension happen because your body can't bring blood pressure back to normal or can't do it fast enough.
                
Some people have low blood pressure all the time. They have no signs or symptoms, and their low blood pressure is normal for them.
                
In other people, certain conditions or factors cause abnormally low blood pressure. As a result, less blood and oxygen flow to the body's organs.
                
For the most part, hypotension is a medical concern only if it causes signs or symptoms or is linked to a serious condition, such as heart disease. Signs and symptoms of hypotension may include dizziness, fainting, cold and sweaty skin, fatigue (tiredness), blurred vision, or nausea (feeling sick to your stomach).
                
In extreme cases, hypotension can lead to shock.
                
Outlook
                
In a healthy person, low blood pressure without signs or symptoms usually isn't a problem and needs no treatment. If it causes signs or symptoms, your doctor will try to find and treat the condition that's causing it.
                
Hypotension can be dangerous. It can make you fall because of dizziness or fainting. Shock, a severe form of hypotension, is a condition that's often fatal if not treated right away. With prompt and proper treatment, shock can be successfully treated.","Hypotension refers to abnormally low blood pressure, which can be defined as blood pressure that is lower than what is considered normal for the individual. Blood pressure is typically measured in millimeters of mercury (mmHg) and includes two numbers: systolic (the pressure when your heart beats) and diastolic (the pressure between heartbeats). 

Typically, a healthy adult's blood pressure should be around 120/80 mmHg. However, the threshold for hypotension can vary depending on individual factors such as age, overall health, and physical condition. In general:

- Hypotension is generally considered to be present when systolic blood pressure drops below 90 mmHg or diastolic blood pressure falls below 60 mmHg.

Symptoms of hypotension may include:
- Dizziness
- Fainting
- Weakness
- Confusion
- Nausea
- Fatigue

There are several types and causes of hypotension, which can be categorized as follows:

1. **Orthostatic Hypotension:** This occurs when blood pressure drops upon standing due to the pooling of blood in the legs. It is common in older adults.

2. **Postprand"
How many people are affected by juvenile myoclonic epilepsy ?,"Juvenile myoclonic epilepsy affects an estimated 1 in 1,000 people worldwide. Approximately 5 percent of people with epilepsy have juvenile myoclonic epilepsy.","Juvenile myoclonic epilepsy (JME) is considered to be one of the more common types of idiopathic generalized epilepsies. However, exact numbers of how many people are affected globally can vary widely as the prevalence rates can differ based on factors such as geographic location and population characteristics.

In some regions, estimates suggest that JME might affect approximately 1 in every 4,000 to 8,000 individuals. For a global perspective, this means that the number of people affected by JME could be around several tens of thousands or more, though precise figures are not always available due to differences in diagnostic practices and reporting.

It's important to note that these numbers can vary, and for accurate prevalence data in specific areas, consulting local health authorities or conducting a detailed epidemiological study would provide the most reliable information."
what research (or clinical trials) is being done for Colon Cancer ?,"New types of treatment are being tested in clinical trials.
                    Information about clinical trials is available from the NCI website.
                
                
                    Patients may want to think about taking part in a clinical trial.
                    For some patients, taking part in a clinical trial may be the best treatment choice. Clinical trials are part of the cancer research process. Clinical trials are done to find out if new cancer treatments are safe and effective or better than the standard treatment.   Many of today's standard treatments for cancer are based on earlier clinical trials. Patients who take part in a clinical trial may receive the standard treatment or be among the first to receive a new treatment.   Patients who take part in clinical trials also help improve the way cancer will be treated in the future. Even when clinical trials do not lead to effective new treatments, they often answer important questions and help move research forward.
                
                
                    Patients can enter clinical trials before, during, or after starting their cancer treatment.
                    Some clinical trials only include patients who have not yet received treatment. Other trials test treatments for patients whose cancer has not gotten better. There are also clinical trials that test new ways to stop cancer from recurring (coming back) or reduce the side effects of cancer treatment.   Clinical trials are taking place in many parts of the country. See the Treatment Options section that follows for links to current treatment clinical trials. These have been retrieved from NCI's listing of clinical trials.","Research and clinical trials for colon cancer are ongoing to improve diagnostic methods, treatment options, and patient outcomes. Here are some of the key areas of focus:

1. **Early Detection:**
   - *Multimodal Screening*: Combining traditional screening methods like colonoscopy with newer techniques such as genetic testing or blood-based biomarkers.
   - *Artificial Intelligence (AI) in Colonoscopy*: Using AI to enhance detection rates and reduce missed polyps.

2. **Targeted Therapy and Immunotherapy:**
   - *Oncolytic Viruses*: Clinical trials are investigating the use of viruses that specifically target cancer cells to induce cell death.
   - *Checkpoint Inhibitors*: Studies are ongoing to understand how immunotherapies can be more effectively used in combination with chemotherapy or other targeted therapies.

3. **Personalized Medicine:**
   - *Genomic Profiling*: Research is focused on using genetic information to tailor treatments based on individual patient profiles.
   - *Pharmacogenomics*: Determining how a person's genetics affect their response to medications, allowing for more personalized treatment plans.

4. **Surgical Techniques and Technologies:**
   - *Minimally Invasive Surgery*: Advancements in robotic-assisted surgery continue to improve recovery"
What are the treatments for acromicric dysplasia ?,These resources address the diagnosis or management of acromicric dysplasia:  - Genetic Testing Registry: Acromicric dysplasia   These resources from MedlinePlus offer information about the diagnosis and management of various health conditions:  - Diagnostic Tests  - Drug Therapy  - Surgery and Rehabilitation  - Genetic Counseling   - Palliative Care,"Acromicric dysplasia (ACRD) is a rare genetic condition affecting bone and connective tissue development. Currently, there are no specific treatments that can cure or significantly alter the course of ACRD; however, various supportive therapies can help manage symptoms and improve quality of life.

Here are some of the common approaches to managing acromicric dysplasia:

1. **Physical Therapy**: This can help maintain joint mobility and muscle strength, reducing the risk of contractures and other musculoskeletal issues.

2. **Occupational Therapy**: Assists with daily activities by suggesting adaptive devices or techniques that make tasks easier for individuals with ACRD.

3. **Pain Management**: Chronic pain is a common issue in ACRD; medications such as nonsteroidal anti-inflammatory drugs (NSAIDs), muscle relaxants, and other analgesics may be prescribed to help manage pain.

4. **Skin Care**: Regular moisturizing and proper skincare can prevent skin issues that are common due to the thickened skin characteristic of ACRD.

5. **Orthopedic Interventions**: In cases where joint contractures or deformities become severe, orthopedic procedures such as joint mobilization or surgery might be necessary.

6. **Supportive"
Do you have information about Nutritional Support,"Summary : Nutritional support is therapy for people who cannot get enough nourishment by eating or drinking. You may need it if you        - Can't swallow    - Have problems with your appetite    - Are severely malnourished    - Can't absorb nutrients through your digestive system       You receive nutritional support through a needle or catheter placed in your vein or with a feeding tube, which goes into your stomach.","Certainly! Nutritional support refers to the provision of essential nutrients through various means to help meet an individual's nutritional needs, especially when their diet is inadequate or they have specific health conditions that require additional nutrient intake.

Here are some key aspects of nutritional support:

1. **Purpose**: Nutritional support aims to improve overall health and well-being by ensuring adequate intake of vitamins, minerals, proteins, fats, carbohydrates, and other essential nutrients.

2. **Types**:
   - **Enteral Nutrition**: This involves providing nutrition through the digestive tract, either orally or via a feeding tube.
     - **Oral Nutritional Supplements (ONS)**: Liquid formulations that can be consumed with food to enhance nutrient intake.
     - **Enteral Feeding Tubes**: Used for individuals who cannot eat normally due to medical conditions like severe swallowing disorders, gastrointestinal diseases, or after surgeries.

   - **Parenteral Nutrition**: Administered through the bloodstream when enteral nutrition is not possible. It includes intravenous administration of nutrients such as glucose, amino acids, lipids, and electrolytes.
     - **Total Parenteral Nutrition (TPN)**: Provides all necessary nutrients via IV.
     - **Partial Parenteral Nutrition**: Supplements specific nutrients that are missing from the diet.

3. **"
What are the symptoms of Annular pancreas ?,"What are the signs and symptoms of Annular pancreas? The Human Phenotype Ontology provides the following list of signs and symptoms for Annular pancreas. If the information is available, the table below includes how often the symptom is seen in people with this condition. You can use the MedlinePlus Medical Dictionary to look up the definitions for these medical terms. Signs and Symptoms Approximate number of patients (when available) Abnormality of the pancreas 90% Duodenal stenosis 90% Abnormality of the gastric mucosa 50% Annular pancreas - Autosomal dominant inheritance - High intestinal obstruction - The Human Phenotype Ontology (HPO) has collected information on how often a sign or symptom occurs in a condition. Much of this information comes from Orphanet, a European rare disease database. The frequency of a sign or symptom is usually listed as a rough estimate of the percentage of patients who have that feature. The frequency may also be listed as a fraction. The first number of the fraction is how many people had the symptom, and the second number is the total number of people who were examined in one study. For example, a frequency of 25/25 means that in a study of 25 people all patients were found to have that symptom. Because these frequencies are based on a specific study, the fractions may be different if another group of patients are examined. Sometimes, no information on frequency is available. In these cases, the sign or symptom may be rare or common.","Annular pancreas is a rare congenital condition where a band or ring of pancreatic tissue encircles and narrows the first part of the duodenum (the upper section of the small intestine). The most common symptom of annular pancreas is obstruction, which can lead to various gastrointestinal issues. Here are some typical symptoms:

1. **Abdominal Pain**: This is often one of the earliest signs and may be intermittent or persistent. It usually occurs after eating but can also occur with fasting.

2. **Vomiting**: Vomiting can happen due to obstruction, and it's a common symptom in people with annular pancreas. It might contain bile (green), food from the stomach, or pancreatic secretions.

3. **Jaundice**: If the obstruction is severe enough, it can affect the bile ducts, leading to jaundice – a condition where the skin and eyes appear yellow due to high levels of bilirubin in the blood.

4. **Fevers and Chills**: These symptoms may indicate an infection or inflammation secondary to the obstruction.

5. **Failure to Thrive (in infants)**: In newborns, failure to gain weight properly can be a symptom and is often one of the first indications of annular"
What are the symptoms of Spinocerebellar ataxia 3 ?,"What are the signs and symptoms of Spinocerebellar ataxia 3? The Human Phenotype Ontology provides the following list of signs and symptoms for Spinocerebellar ataxia 3. If the information is available, the table below includes how often the symptom is seen in people with this condition. You can use the MedlinePlus Medical Dictionary to look up the definitions for these medical terms. Signs and Symptoms Approximate number of patients (when available) Dysautonomia 7.5% Ataxia 57/57 Gaze-evoked nystagmus 15/20 External ophthalmoplegia 34/57 Dysarthria 30/57 Spasticity 62/139 Dystonia 17/57 Fasciculations 12/57 Parkinsonism 3/57 Absent Achilles reflex - Autosomal dominant inheritance - Babinski sign - Bradykinesia - Cerebellar atrophy - Chronic pain - Dementia - Dilated fourth ventricle - Diplopia - Distal amyotrophy - Dysmetric saccades - Dysphagia - Facial-lingual fasciculations - Genetic anticipation - Gliosis - Impaired horizontal smooth pursuit - Limb ataxia - Muscle cramps - Postural instability - Progressive - Progressive cerebellar ataxia - Proptosis - Ptosis - Rigidity - Spinocerebellar tract degeneration - Supranuclear ophthalmoplegia - Truncal ataxia - Urinary bladder sphincter dysfunction - The Human Phenotype Ontology (HPO) has collected information on how often a sign or symptom occurs in a condition. Much of this information comes from Orphanet, a European rare disease database. The frequency of a sign or symptom is usually listed as a rough estimate of the percentage of patients who have that feature. The frequency may also be listed as a fraction. The first number of the fraction is how many people had the symptom, and the second number is the total number of people who were examined in one study. For example, a frequency of 25/25 means that in a study of 25 people all patients were found to have that symptom. Because these frequencies are based on a specific study, the fractions may be different if another group of patients are examined. Sometimes, no information on frequency is available. In these cases, the sign or symptom may be rare or common.","Spinocerebellar Ataxia type 3 (SCA3), also known as Machado-Joseph disease, is an inherited neurological disorder characterized by progressive ataxia and other symptoms. The primary symptoms include:

1. **Gait and Coordination Problems**: Difficulty in walking, frequent tripping or stumbling.
2. **Fine Motor Skills Impairment**: Handwriting may become difficult and illegible (dysgraphia).
3. **Speech Disturbances**: Speech becomes slow and slurred (dysarthria).
4. **Eye Movements**: May experience eye movements that are not under voluntary control, such as nystagmus.
5. **Muscle Weakness and Tension**: Muscle stiffness or weakness may occur in the arms and legs.
6. **Nystagmus**: Involuntary jerking of the eyes from side to side (or up and down).
7. **Bladder Dysfunction**: Some individuals experience urinary incontinence or difficulty controlling urination.
8. **Dysphagia**: Difficulty swallowing can occur, which may lead to choking or aspiration pneumonia.

Additional symptoms that might develop over time include:

- **Seizures**
- **Cognitive Impairment**: Mild cognitive decline may be observed"
"What are the symptoms of Macular dystrophy, concentric annular ?","What are the signs and symptoms of Macular dystrophy, concentric annular? The Human Phenotype Ontology provides the following list of signs and symptoms for Macular dystrophy, concentric annular. If the information is available, the table below includes how often the symptom is seen in people with this condition. You can use the MedlinePlus Medical Dictionary to look up the definitions for these medical terms. Signs and Symptoms Approximate number of patients (when available) Autosomal dominant inheritance - Dyschromatopsia - Foveal hyperpigmentation - Macular dystrophy - The Human Phenotype Ontology (HPO) has collected information on how often a sign or symptom occurs in a condition. Much of this information comes from Orphanet, a European rare disease database. The frequency of a sign or symptom is usually listed as a rough estimate of the percentage of patients who have that feature. The frequency may also be listed as a fraction. The first number of the fraction is how many people had the symptom, and the second number is the total number of people who were examined in one study. For example, a frequency of 25/25 means that in a study of 25 people all patients were found to have that symptom. Because these frequencies are based on a specific study, the fractions may be different if another group of patients are examined. Sometimes, no information on frequency is available. In these cases, the sign or symptom may be rare or common.","Macular dystrophy, in general, refers to a group of inherited disorders that affect the macula, which is a small area at the center of the retina responsible for detailed central vision. ""Concentric annular"" specifically describes the pattern or appearance of certain features within the macula.

The symptoms associated with concentric annular macular dystrophy can include:

1. **Visual Field Changes**: Patients may experience a gradual decrease in visual acuity, particularly in the center of their field of vision. This can lead to a condition where they have a central blind spot (scotoma) that progressively expands outward, creating a ""concentric"" pattern.

2. **Central Vision Distortion**: As the disease progresses, patients may notice distortions or wavy lines in their central vision. This phenomenon is known as metamorphopsia and can make tasks such as reading or recognizing faces more difficult.

3. **Color Vision Deficiency**: Some individuals with this condition may experience a reduction in color perception, although this is less common than visual acuity loss.

4. **Night Vision Issues**: In some cases, patients might have difficulty seeing in low light conditions.

5. **Peripheral Vision Preservation**: One of the distinguishing features of concentric annular macular dyst"
What are the genetic changes related to focal dermal hypoplasia ?,"Mutations in the PORCN gene cause focal dermal hypoplasia. This gene provides instructions for making a protein that is responsible for modifying other proteins, called Wnt proteins. Wnt proteins participate in chemical signaling pathways in the body that regulate development of the skin, bones, and other structures before birth.  Mutations in the PORCN gene appear to prevent the production of any functional PORCN protein. Researchers believe Wnt proteins cannot be released from the cell without the PORCN protein. When Wnt proteins are unable to leave the cell, they cannot participate in the chemical signaling pathways that are critical for normal development. The various signs and symptoms of focal dermal hypoplasia are likely due to abnormal Wnt signaling during early development.","Focal Dermal Hypoplasia (FDH), also known as Goltz syndrome or holoprosencephaly type C, is a rare and complex genetic disorder that affects multiple organ systems. The primary genetic change associated with FDH is mutations in the PORCN gene, which encodes porcupine, an enzyme involved in Wnt signaling.

Key points about genetic changes related to Focal Dermal Hypoplasia:

1. **PORCN Gene Mutations**: Most cases of FDH are caused by mutations in the PORCN gene. These mutations can be inherited in an autosomal dominant pattern or occur de novo (spontaneously during embryonic development).

2. **Wnt Signaling**: The Wnt signaling pathway is crucial for embryonic development, particularly in patterning and tissue formation. Mutations in PORCN affect this pathway, leading to the varied clinical manifestations of FDH.

3. **Mutation Types**: Mutations can include missense mutations, nonsense mutations, frameshift deletions, or insertions that disrupt the normal function of the PORCN protein.

4. **Genetic Heterogeneity**: While PORCN is the primary gene involved in most cases, there have been rare reports of FDH associated with other genetic changes, including"
