question,gold_answer,model_answer
What is (are) Brooke-Spiegler syndrome ?,"Brooke-Spiegler syndrome is a condition characterized by multiple skin tumors that develop from structures associated with the skin, such as sweat glands and hair follicles. People with Brooke-Spiegler syndrome may develop several types of tumors, including growths called spiradenomas, trichoepitheliomas, and cylindromas. The tumors associated with Brooke-Spiegler syndrome are generally benign (noncancerous), but occasionally they may become malignant (cancerous). Individuals with Brooke-Spiegler syndrome are also at increased risk of developing tumors in tissues in other areas, particularly benign or malignant tumors of the salivary or parotid glands and basal cell carcinomas. Brooke-Spiegler syndrome is caused by mutations in the CYLD gene. Susceptibility to Brooke-Spiegler syndrome has an autosomal dominant pattern of inheritance, which means one copy of the altered gene in each cell increases the risk of developing this condition. However, a second, non-inherited mutation is required for development of skin appendage tumors in this disorder.","Brooke-Spiegler syndrome is a rare genetic disorder characterized by the development of multiple benign (non-cancerous) skin tumors, specifically trichoepitheliomas and epidermal inclusion cysts. These tumors usually appear on the face, neck, and trunk. The condition is caused by mutations in the cyclin-dependent kinase inhibitor 2A (CDKN2A) gene. Individuals with Brooke-Spiegler syndrome may also have an increased risk of developing other types of cancer. It's named after two dermatologists, Dr. Ralph Brooke and Dr. Samuel Spiegler, who first described the condition in 1964."
How to diagnose Parkinson disease ?,"How is Parkinson disease diagnosed? There are currently no blood or laboratory tests that have been proven to help diagnose sporadic cases of Parkinson disease. The diagnosis is generally made after careful evaluation of medical history, current symptoms, and exclusion of other conditions. The clinical findings of tremor, rigidity, and bradykinesia are highly suggestive of Parkinson disease. The genetic cause of some forms of Parkinson disease has been identified. In those cases, genetic testing may be utilized to identify affected family members.","Diagnosing Parkinson's disease (PD) involves a series of steps, as the symptoms can be similar to other neurological conditions. Here are some common methods:

1. Medical History: The doctor will ask about your symptoms, when they started, and how they have progressed over time. They may also inquire about any family history of PD or other neurological disorders.

2. Physical Examination: A physical examination is necessary to observe the typical signs of PD, such as:
   - Bradykinesia (slowed movement)
   - Rigidity (stiffness)
   - Tremors at rest, especially in the hands
   - Postural instability (difficulty maintaining balance or posture)

3. Neurological Examination: This will help identify any additional neurological symptoms that might be present.

4. Observation of Response to Medications: PD patients often show improvement after taking medications such as levodopa, which can aid in the diagnosis.

5. Imaging Studies: While PD cannot definitively be diagnosed with imaging alone, various scans like MRI and DaT scan (Dopamine Transporter"
What are the treatments for autoimmune lymphoproliferative syndrome ?,"These resources address the diagnosis or management of ALPS:  - Gene Review: Gene Review: Autoimmune Lymphoproliferative Syndrome  - Genetic Testing Registry: Autoimmune lymphoproliferative syndrome  - Genetic Testing Registry: Autoimmune lymphoproliferative syndrome type 1, autosomal recessive  - Genetic Testing Registry: Autoimmune lymphoproliferative syndrome, type 1a  - Genetic Testing Registry: Autoimmune lymphoproliferative syndrome, type 1b  - Genetic Testing Registry: Autoimmune lymphoproliferative syndrome, type 2  - Genetic Testing Registry: RAS-associated autoimmune leukoproliferative disorder  - National Institute of Allergy and Infectious Diseases (NIAID): ALPS Treatment   These resources from MedlinePlus offer information about the diagnosis and management of various health conditions:  - Diagnostic Tests  - Drug Therapy  - Surgery and Rehabilitation  - Genetic Counseling   - Palliative Care","Autoimmune Lymphoproliferative Syndrome (ALPS) is a rare immune disorder characterized by uncontrolled proliferation of lymphocytes, impaired apoptosis, and autoantibody production. Treatment options for ALPS can vary based on the severity of symptoms, age of the patient, and response to initial treatments. Here are some common treatment strategies:

1. Corticosteroids: Prednisone or other corticosteroids are often used as a first-line therapy to manage symptoms such as lymphadenopathy (swollen lymph nodes), hepatosplenomegaly (enlarged liver and spleen), and autoimmune cytopenias (low levels of red blood cells, white blood cells, or platelets).

2. Immunosuppressive medications: Drugs like azathioprine, mycophenolate mofetil, cyclophosphamide, and methotrexate are used to suppress the overactive immune response in ALPS. These drugs help reduce inflammation and prevent excessive lymphocyte proliferation.

3. Biologic therapies: In"
Is juvenile polyposis syndrome inherited ?,"Juvenile polyposis syndrome is inherited in an autosomal dominant pattern, which means one copy of the altered gene in each cell is sufficient to cause the disorder.  In approximately 75 percent of cases, an affected person inherits the mutation from one affected parent. The remaining 25 percent of cases result from new mutations in the gene and occur in people with no history of the disorder in their family.","Yes, Juvenile Polyposis Syndrome (JPS) is generally inherited in an autosomal dominant manner. This means that a child has a 50% chance of inheriting the mutated gene from an affected parent. However, in about half of the cases, the mutation occurs spontaneously and the condition is not inherited. It's important to note that individuals with JPS should consider genetic counseling before having children, as they have a higher risk of passing the condition on to their offspring. Always consult with a healthcare professional for advice tailored to your specific situation."
Do you have information about Seniors' Health,"Summary : People in the U.S. are living longer than ever before. Many seniors live active and healthy lives. But there's no getting around one thing: as we age, our bodies and minds change. There are things you can do to stay healthy and active as you age.It is important to understand what to expect. Some changes may just be part of normal aging, while others may be a warning sign of a medical problem. It is important to know the difference, and to let your healthcare provider know if you have any concerns.    Having a healthy lifestyle can help you to deal with normal aging changes and make the most of your life.","Yes, I can provide some general information about senior health. As people age, they may face a variety of health challenges that require special attention. Here are a few key areas to consider:

1. Chronic conditions: Many seniors live with chronic diseases such as diabetes, heart disease, arthritis, and respiratory illnesses. Regular monitoring and management of these conditions is essential for maintaining good health.

2. Falls prevention: Falls are a major concern for seniors, and can lead to serious injuries. Exercise programs that focus on balance and strength can help reduce the risk of falls.

3. Mental health: Depression and cognitive decline (such as Alzheimer's disease) are common among seniors. Regular mental health screenings, social engagement, and activities that stimulate the mind can all help maintain mental well-being.

4. Nutrition: Proper nutrition is important for maintaining health in older adults. A balanced diet should include lean proteins, fruits, vegetables, whole grains, and low-fat dairy products. Seniors may need to adjust their diets based on any chronic conditions they have.

5. Regular check-ups: Regular medical check-ups"
What are the genetic changes related to oculodentodigital dysplasia ?,"Mutations in the GJA1 gene cause oculodentodigital dysplasia. The GJA1 gene provides instructions for making a protein called connexin43. This protein forms one part (a subunit) of channels called gap junctions, which allow direct communication between cells. Gap junctions formed by connexin43 proteins are found in many tissues throughout the body.  GJA1 gene mutations result in abnormal connexin43 proteins. Channels formed with abnormal proteins are often permanently closed. Some mutations prevent connexin43 proteins from traveling to the cell surface where they are needed to form channels between cells. Impaired functioning of these channels disrupts cell-to-cell communication, which likely interferes with normal cell growth and cell specialization, processes that determine the shape and function of many different parts of the body. These developmental problems cause the signs and symptoms of oculodentodigital dysplasia.","Oculodentodigital dysplasia (ODDD) is a rare genetic disorder characterized by abnormalities in the eyes, teeth, and bones of the fingers and toes. The condition is caused by mutations in the GJ6 gene, which encodes for connexin 43, a protein that forms gap junctions between cells.

Gap junctions are structures that allow direct communication and material exchange between adjacent cells through small channels called connexons. In ODDD, mutations in the GJ6 gene disrupt the formation of these gap junctions, leading to several developmental abnormalities:

1. **Ocular Abnormalities**: These may include coloboma (a congenital eye defect affecting the optic nerve), cataracts, glaucoma, and nystagmus (involuntary eye movements).

2. **Dental Abnormalities**: Teeth may be small, malformed, or conical in shape. Some people with ODDD may have missing teeth or extra teeth as well.

3. **Digital Abnormalities**: Fingers and toes are affected by hypoplasia (underdevelopment) or aplasia ("
What are the genetic changes related to pyruvate kinase deficiency ?,"Pyruvate kinase deficiency is caused by mutations in the PKLR gene. The PKLR gene is active in the liver and in red blood cells, where it provides instructions for making an enzyme called pyruvate kinase. The pyruvate kinase enzyme is involved in a critical energy-producing process known as glycolysis. During glycolysis, the simple sugar glucose is broken down to produce adenosine triphosphate (ATP), the cell's main energy source.  PKLR gene mutations result in reduced pyruvate kinase enzyme function, causing a shortage of ATP in red blood cells and increased levels of other molecules produced earlier in the glycolysis process. The abnormal red blood cells are gathered up by the spleen and destroyed, causing hemolytic anemia and an enlarged spleen. A shortage of red blood cells to carry oxygen throughout the body leads to fatigue, pallor, and shortness of breath. Iron and a molecule called bilirubin are released when red blood cells are destroyed, resulting in an excess of these substances circulating in the blood. Excess bilirubin in the blood causes jaundice and increases the risk of developing gallstones.  Pyruvate kinase deficiency may also occur as an effect of other blood diseases, such as leukemia. These cases are called secondary pyruvate kinase deficiency and are not inherited.","Pyruvate kinase (PK) deficiency is a genetic disorder that affects the production of ATP, a crucial energy molecule in cells. The condition arises from mutations in the gene encoding for pyruvate kinase (PKLR). There are several types of PK deficiency, but the most common ones are type R (Roussel-Uclaf) and type S (Succezane-Levine).

1. Type R PK Deficiency: This type is associated with mutations in exon 7 of the PKLR gene. The substitution of glutamic acid for lysine at position 744 (E744K) is particularly common in this type.

2. Type S PK Deficiency: This type is more diverse and can be caused by a variety of mutations throughout the PKLR gene, with some of the most frequent being E523V (Arg523Cys), E523G (Glu523Gln), and Q561H (Gln561His).

These genetic changes result in altered pyruvate kinase enzyme structure and function,"
How to diagnose Gerstmann-Straussler-Scheinker disease ?,"How is Gerstmann-Straussler-Scheinker disease diagnosed? The diagnosis of Gerstmann-Straussler-Scheinker disease (GSS) is based on a combination of the following: Characteristic signs and symptoms Nervous system findings including multiple amyloid plaques (clumps which form in the brain and cause the death of nerve cells and the progressive symptoms of the disease) A family history consistent with autosomal dominant inheritance Identification of a disease-causing mutation of the PRNP gene Genetic testing for at-risk relatives who do not yet have symptoms of GSS is possible if the disease-causing mutation in the family is known. This testing is not useful in predicting age of onset, severity, type of symptoms, or rate of progression. Testing for the disease-causing mutation in the absence of definite symptoms of the disease is called predictive testing.","Gerstmann-Sträussler-Scheinker (GSS) disease is a rare prion disease, similar to Creutzfeldt-Jakob disease. It's difficult to diagnose definitively in the early stages because its symptoms can mimic other neurological conditions. However, a combination of clinical examination, neuroimaging, and laboratory tests are used for diagnosis.

1. Clinical Examination: The doctor will perform a physical exam to check for any unusual signs or symptoms that might suggest GSS disease, such as ataxia (loss of coordination), myoclonus (involuntary jerking muscle movements), and cognitive decline.

2. Neuroimaging: Techniques like magnetic resonance imaging (MRI) or computed tomography (CT) scans may be used to rule out other conditions and to observe any changes in the brain that might indicate prion disease. However, these tests are not definitive for GSS disease.

3. Cerebrospinal Fluid Analysis: Examining the cerebrospinal fluid (CSF) can help detect abnormal levels of certain proteins, such as 14-3-3 protein, which"
How many people are affected by Salih myopathy ?,"Salih myopathy appears to be a rare disorder, although its prevalence is unknown. It has been reported in a small number of families of Moroccan and Sudanese descent.","Salih myopathy is a rare genetic disorder, and its exact prevalence is not precisely known. However, it's generally considered to be a very rare condition, with fewer than a hundred documented cases globally as of now. The incidence can vary greatly depending on the specific gene mutation involved and geographical location."
What is (are) Limited cutaneous systemic sclerosis ?,"Limited cutaneous systemic sclerosis is a subtype of systemic sclerosis characterized by the association of Raynaud's phenomenon and skin fibrosis on the hands, face, feet and forearms. The exact cause of limited cutaneous systemic sclerosis is unknown, but likely originates from an autoimmune reaction which leads to overproduction of collagen. In some cases, the condition is associated with exposure to certain chemicals. Management is aimed at treating the symptoms present in each affected individual.","Limited Cutaneous Systemic Sclerosis (lcSSc), also known as Cre cretinoid or limited scleroderma, is a subtype of the autoimmune disease systemic sclerosis. Unlike the diffuse form, lcSSC primarily affects the skin and some internal organs to a lesser extent, mainly the esophagus, lungs, and heart.

The skin involvement in lcSSC is usually limited to the distal extremities, often presenting as thickening and tightening of the skin on the fingers, forearms, or toes, which may lead to a characteristic appearance called ""sclerodactyly."" The internal organ involvement can cause symptoms such as difficulty swallowing (esophageal dysmotility), shortness of breath (pulmonary fibrosis), and heart problems.

Treatment for lcSSC typically involves managing any associated symptoms, controlling inflammation with medications like immunosuppressants or biologics, and addressing complications as they arise through specialized care by rheumatologists, dermatologists, pulmonologists, cardiologists, and gastroenterologists. It's essential for individuals with"
"What are the symptoms of Ichthyosis, acquired ?","What are the signs and symptoms of Ichthyosis, acquired? The Human Phenotype Ontology provides the following list of signs and symptoms for Ichthyosis, acquired. If the information is available, the table below includes how often the symptom is seen in people with this condition. You can use the MedlinePlus Medical Dictionary to look up the definitions for these medical terms. Signs and Symptoms Approximate number of patients (when available) Dry skin 90% Ichthyosis 90% Pruritus 90% Immunologic hypersensitivity 50% Palmoplantar keratoderma 50% Skin ulcer 50% Autoimmunity 7.5% Lymphoma 7.5% Multiple myeloma 7.5% Renal insufficiency 7.5% Sarcoma 7.5% The Human Phenotype Ontology (HPO) has collected information on how often a sign or symptom occurs in a condition. Much of this information comes from Orphanet, a European rare disease database. The frequency of a sign or symptom is usually listed as a rough estimate of the percentage of patients who have that feature. The frequency may also be listed as a fraction. The first number of the fraction is how many people had the symptom, and the second number is the total number of people who were examined in one study. For example, a frequency of 25/25 means that in a study of 25 people all patients were found to have that symptom. Because these frequencies are based on a specific study, the fractions may be different if another group of patients are examined. Sometimes, no information on frequency is available. In these cases, the sign or symptom may be rare or common.","Acquired Ichthyosis is a skin condition that typically develops later in life and is not present at birth. The symptoms can vary depending on the specific type, but here are some common signs:

1. Scaly, thickened, and rough-textured skin: The affected areas may appear like fish scales (hence the name Ichthyosis), often starting on the lower legs, arms, or trunk, and then spreading to other parts of the body.

2. Dark-colored patches: Some types of acquired Ichthyosis can cause hyperpigmentation, which gives the skin a brown or darker color.

3. Itching and discomfort: The thickened skin can often be itchy, particularly in the early stages or during flare-ups.

4. Cracking and fissuring: In severe cases, the skin may crack and split open, leading to pain and increased risk of bacterial or fungal infections.

5. Redness and inflammation: The affected areas may be red and inflamed, especially during flare-ups.

6. Dryness: The skin may feel excessively dry and rough due to the thickening.

7"
What is (are) Diabetes ?,"Type 1 diabetes, which used to be called called juvenile diabetes or insulin-dependent diabetes, develops most often in young people. However, type 1 diabetes can also develop in adults. With this form of diabetes, your body no longer makes insulin or doesnt make enough insulin because your immune system has attacked and destroyed the insulin-producing cells. About 5 to 10 percent of people with diabetes have type 1 diabetes. To survive, people with type 1 diabetes must have insulin delivered by injection or a pump. Learn more about type 1 diabetes here.  Learn more about type 1 diabetes here. Type 2 diabetes, which used to be called adult-onset diabetes or non insulin-dependent diabetes, is the most common form of diabetes. Although people can develop type 2 diabetes at any age -- even during childhood -- type 2 diabetes develops most often in middle-aged and older people. Type 2 diabetes usually begins with insulin resistancea condition that occurs when fat, muscle, and liver cells do not use insulin to carry glucose into the bodys cells to use for energy. As a result, the body needs more insulin to help glucose enter cells. At first, the pancreas keeps up with the added demand by making more insulin. Over time, the pancreas doesnt make enough insulin when blood sugar levels increase, such as after meals. If your pancreas can no longer make enough insulin, you will need to treat your type 2 diabetes.  Learn more about type 2 diabetes here.","Diabetes is a group of metabolic diseases characterized by high blood sugar levels over a prolonged period. There are three main types of diabetes:

1. Type 1 Diabetes: This type occurs when the immune system mistakenly attacks and destroys the insulin-producing cells in the pancreas, leading to a lack of insulin and high blood sugar levels.

2. Type 2 Diabetes: This is the most common form of diabetes. It develops when the body becomes resistant to insulin or doesn't produce enough insulin to maintain normal blood sugar levels.

3. Gestational Diabetes: This type occurs in pregnant women who have never had diabetes before. High blood sugar levels during pregnancy can affect the developing baby and require close monitoring and management.

In all types of diabetes, proper management is crucial to control blood sugar levels, prevent complications, and maintain overall health. This may involve a combination of diet, exercise, medication, and sometimes insulin therapy."
What is (are) Catecholaminergic polymorphic ventricular tachycardia ?,"Catecholaminergic polymorphic ventricular tachycardia (CPVT) is a genetic disorder that causes an abnormally fast and irregular heart rhythm in response to physical activity or emotional stress. Signs and symptoms include light-headedness, dizziness, and fainting. Symptoms most often develop between 7 to 9 years of age.  If untreated CPVT can cause a heart attack and death. CPVT is caused by mutations in the RYR2 or CASQ2 genes. When a RYR2 gene mutation is involved, the condition is passed through families in an autosomal dominant fashion. When CASQ2 gene mutations are involved, the condition is inherited in an autosomal recessive fashion. In some cases the underlying cause can not be determined. Beta blockers are used to treat CPVT.  An Implantable Cardioverter Defibrillator (ICD) may also be needed.","Catecholaminergic polymorphic ventricular tachycardia (CPVT) is a rare inherited heart condition that affects the electrical activity of the heart. It is characterized by episodes of rapid, irregular heartbeats, often triggered by physical exertion or emotional stress.

In individuals with CPVT, the heart's lower chambers (ventricles) can experience sudden, life-threatening fast and chaotic heart rhythms known as ventricular tachycardia. These episodes are usually initiated or worsened by increased levels of catecholamines - hormones such as adrenaline and noradrenaline that are released during times of stress, excitement, or physical exertion.

CPVT is typically inherited in an autosomal dominant manner, meaning that a single copy of the mutated gene from either parent can cause the condition. There are several genes associated with CPVT, but the most common ones are RYR2 and CASQ2, which are involved in regulating calcium handling within heart muscle cells.

Treatment for CPVT often includes medications to control heart rhythms, such"
What to do for Alzheimer's Caregiving ?,"Most people with Alzheimers disease are cared for at home by family members. Within families, caregiving is provided most often by wives and husbands, followed by daughters. As Alzheimers disease gets worse, the person will need more and more care. Because of this, you will need more help. It's okay to seek help whenever you need it. Building a local support system is a key way to get help. This system might include a caregiver support group, the local chapter of the Alzheimer's Association, family, friends, and faith groups. To learn where to get help in your community, contact - the Alzheimers Disease Education and Referral (ADEAR) Center, 1-800-438-4380 or visit www.nia.nih.gov/alzheimers  - the Alzheimer's Association at 1-800-272-3900.  the Alzheimers Disease Education and Referral (ADEAR) Center, 1-800-438-4380 or visit www.nia.nih.gov/alzheimers the Alzheimer's Association at 1-800-272-3900. Various professional services can help with everyday care in the home of someone with Alzheimers disease. Medicare, Medicaid, and other health insurance plans may help pay for these services. Contact Eldercare Locator to find the services you need in your area by calling 1-800-677-1116 or visiting  www.eldercare.gov. Home Health Care Services Home health care agencies send a home health aide or nurse to your home to help you care for a person with Alzheimers. They may come for a few hours or stay for 24 hours and are paid by the hour. Some home health aides are better trained and supervised than others. Ask your doctor or other health care professional about good home health care services in your area. Get as much information as possible about a service before you sign an agreement. Also, ask for and check references Here are some questions to ask before signing a home health care agreement. - Is your service licensed and accredited?  - How much do your services cost?  - What is included and not included in your services?  - How many days a week and hours a day will an aide come to my home?   - How do you check the background and experience of your home health aides?   - How do you train your home health aides?   - What types of emergency care can you provide?   - Who do I contact if there is a problem?  Is your service licensed and accredited? How much do your services cost? What is included and not included in your services? How many days a week and hours a day will an aide come to my home? How do you check the background and experience of your home health aides? How do you train your home health aides? What types of emergency care can you provide? Who do I contact if there is a problem? For information about how to find home health care services, see Caring for a Person with Alzheimers Disease. Meal Services Meal services bring hot meals to the person's home or your home. The delivery staff does not feed the person. The person with Alzheimers disease must qualify for the service based on local guidelines. Some groups do not charge for their services. Others may charge a small fee. For information, call Eldercare Locator at 1-800-677-1116 or go to  www.eldercare.gov. You may also contact Meals on Wheels at 1-888-998-6325. Adult Day Care Services Adult day care services provide a safe environment, activities, and staff who take care of the person with Alzheimers at their own facility. This provides a much-needed break for you. Many programs provide transportation between the persons home and the facility. Adult day care services generally charge by the hour. Most insurance plans do not cover these costs. To find adult day care services in your area, contact the National Adult Day Services Association at 1-877-745-1440. Watch a video to learn more about the services provided at adult day care.  Respite Services Respite services provide short stays, from a few days to a few weeks, in a nursing home or other place for the person with Alzheimers disease. This care allows you to get a break or go on a vacation. Respite services charge by the number of days or weeks that services are provided. Medicare or Medicaid may cover the cost of up to 5 days in a row of respite care in an inpatient facility. Most private insurance plans do not cover these costs. To find respite services in your community, call the National Respite Locator Service at 1-800-773-5433 (toll-free). Geriatric Care Managers Geriatric care managers visit your home to assess your needs and suggest and arrange home-care services. They charge by the hour. Most insurance plans don't cover these costs. To find a geriatric care manager, contact the National Association of Professional Geriatric Care Managers at 1-520-881-8008. Mental Health Professionals and Social Workers Mental health professionals and social workers help you deal with any stress you may be feeling. They help you understand feelings, such as anger, sadness, or feeling out of control. They can also help you make plans for unexpected or sudden events. Mental health professionals charge by the hour. Medicare, Medicaid, and some private health insurance plans may cover some of these costs. Ask your health insurance plan which mental health counselors and services it covers. Then check with your doctor, local family service agencies, and community mental health agencies for referrals to counselors.","Caring for someone with Alzheimer's can be challenging, but here are some strategies that might help:

1. Education: Learn as much as you can about Alzheimer's disease and its progression. This will help you understand the changes your loved one is experiencing and how to best support them.

2. Communication: Clear, simple, and calm communication is key. Avoid arguing or correcting your loved one if they are confused or forgetful.

3. Routine: Establish a daily routine to provide structure and reduce anxiety.

4. Safety Measures: Make sure the living environment is safe to prevent accidents. This might include installing safety rails, locking away dangerous items, and using non-slip mats.

5. Healthy Lifestyle: Encourage a healthy lifestyle through regular exercise, a balanced diet, and mental stimulation.

6. Support Network: Don't try to do everything alone. Reach out to friends, family, community resources, or professional caregivers for help when needed.

7. Self-Care: Remember to take care of yourself as well. Regular exercise, a healthy diet, and stress management techniques"
Is Andersen-Tawil syndrome inherited ?,"This condition is inherited in an autosomal dominant pattern, which means one copy of the altered gene in each cell is sufficient to cause the disorder. In some cases, a person with Andersen-Tawil syndrome inherits the mutation from one affected parent. Other cases result from new mutations in the KCNJ2 gene. These cases occur in people with no history of the disorder in their family.","Yes, Andersen-Tawil Syndrome (ATS) is an inherited condition. It's a genetic disorder caused by mutations in the KCNJ2 or CLCN1 genes. These genes are passed from parents to their children through DNA. Usually, each parent contributes one copy of each gene, but in ATS, one of these genes carries a mutation that results in the disease. Because it's inherited in an autosomal dominant manner, a person only needs to inherit the altered gene from one parent to develop the condition. However, a parent with ATS has a 50% chance of passing the altered gene onto each of their children. It's important for individuals diagnosed with ATS or those at risk to seek genetic counseling to understand the implications for future generations."
What is the outlook for Rett Syndrome ?,"The course of Rett syndrome, including the age of onset and the severity of symptoms, varies from child to child. Despite the difficulties with symptoms, most individuals with Rett syndrome continue to live well into middle age and beyond. Because the disorder is rare, very little is known about long-term prognosis and life expectancy.","Rett Syndrome is a genetic disorder that affects brain development, primarily in girls. It's characterized by normal early growth and development followed by a slowing of progress and loss of skills. The outlook for individuals with Rett Syndrome can vary widely due to the complexity of the condition and individual differences.

While there is currently no cure for Rett Syndrome, significant advancements have been made in understanding the disorder and developing strategies to manage its symptoms. Early intervention and ongoing treatment can help improve a person's quality of life.

1. Therapies:Physical, occupational, and speech therapies can help individuals with Rett Syndrome maintain their physical abilities, learn new skills, and communicate more effectively. Behavioral therapy can also help manage challenging behaviors that may arise.

2. Medications:Various medications can be used to help manage specific symptoms, such as seizures, depression, anxiety, or sleep disorders.

3. Assistive technologies:Devices like communication aids, adaptive switches, and mobility aids can help individuals with Rett Syndrome overcome some of their physical challenges.

4. Research:Ongoing research is focused on"
What causes What I need to know about Diarrhea ?,"Causes of diarrhea include
                
- bacteria from contaminated food or water  - viruses that cause illnesses such as the flu  - parasites, which are tiny organisms found in contaminated food or water  - medicines such as antibiotics  - problems digesting certain foods  - diseases that affect the stomach, small intestine, or colon, such as Crohns disease  - problems with how the colon functions, caused by disorders such as irritable bowel syndrome
                
Sometimes no cause can be found. As long as diarrhea goes away within 1 to 2 days, finding the cause is not usually necessary.","Diarrhea is a common condition characterized by frequent, watery bowel movements. It can be caused by various factors, including:

1. Infections: Bacterial, viral, or parasitic infections of the digestive tract are the most common causes of diarrhea. These infections can be acquired through contaminated food or water, close contact with infected individuals, or poor hygiene practices. Common bacterial pathogens that cause diarrhea include Escherichia coli (E. coli), Salmonella, Shigella, and Campylobacter. Viral infections, such as norovirus and rotavirus, can also lead to diarrhea.

2. Food intolerances or allergies: Certain individuals may have difficulty digesting specific foods, leading to symptoms of diarrhea. Lactose intolerance is a common example, where the body lacks the enzyme lactase needed to break down lactose, a sugar found in milk and dairy products.

3. Medications: Some medications can cause diarrhea as a side effect. Antibiotics are particularly known for this side"
What causes Heart Palpitations ?,"Many things can cause palpitations. You may have these feelings even when your heart is beating normally or somewhat faster than normal.
                
Most palpitations are harmless and often go away on their own. However, some palpitations are signs of a heart problem. Sometimes the cause of palpitations can't be found.
                
If you start having palpitations, see your doctor to have them checked.
                
Causes Not Related to Heart Problems
                
Strong Emotions
                
You may feel your heart pounding or racing during anxiety, fear, or stress. You also may have these feelings if you're having a panic attack.
                
Vigorous Physical Activity
                
Intense activity can make your heart feel like its beating too hard or too fast, even though it's working normally. Intense activity also can cause occasional premature (extra) heartbeats.
                
Medical Conditions
                
Some medical conditions can cause palpitations. These conditions can make the heart beat faster or stronger than usual. They also can cause premature (extra) heartbeats.
                
Examples of these medical conditions include:
                
An overactive thyroid
                
A low blood sugar level
                
Anemia
                
Some types of low blood pressure
                
Fever
                
Dehydration (not enough fluid in the body)
                
Hormonal Changes
                
The hormonal changes that happen during pregnancy, menstruation, and the perimenopausal period may cause palpitations. The palpitations will likely improve or go away as these conditions go away or change.
                
Some palpitations that occur during pregnancy may be due to anemia.
                
Medicines and Stimulants
                
Many medicines can trigger palpitations because they can make the heart beat faster or stronger than usual. Medicines also can cause premature (extra) heartbeats.
                
Examples of these medicines include:
                
Inhaled asthma medicines.
                
Medicines to treat an underactive thyroid. Taking too much of these medicines can cause an overactive thyroid and lead to palpitations.
                
Medicines to prevent arrhythmias. Medicines used to treat irregular heart rhythms can sometimes cause other irregular heart rhythms.
                
Over-the-counter medicines that act as stimulants also may cause palpitations. These include decongestants (found in cough and cold medicines) and some herbal and nutritional supplements.
                
Caffeine, nicotine (found in tobacco), alcohol, and illegal drugs (such as cocaine and amphetamines) also can cause palpitations.
                
Causes Related to Heart Problems
                
Some palpitations are symptoms of arrhythmias. Arrhythmias are problems with the rate or rhythm of the heartbeat. However, less than half of the people who have palpitations have arrhythmias.
                
During an arrhythmia, the heart can beat too fast, too slow, or with an irregular rhythm. An arrhythmia happens if some part of the heart's electrical system doesn't work as it should.
                
Palpitations are more likely to be related to an arrhythmia if you:
                
Have had a heart attack or are at risk for one.
                
Have coronary heart disease (CHD) or risk factors for CHD.
                
Have other heart problems, such as heart failure, heart valve disease, or heart muscle disease.
                
Have abnormal electrolyte levels. Electrolytes are minerals, such as potassium and sodium, found in blood and body fluids. They're vital for normal health and functioning of the body.","Heart palpitations, or the sensation of a rapid, forceful, or irregular heartbeat, can be caused by various factors. Here are some common causes:

1. Stress, anxiety, or emotions: Strong emotions can trigger the ""fight or flight"" response, causing an increase in heart rate.
2. Physical activity: Exercise and physical exertion can cause an increased heart rate.
3. Caffeine, nicotine, and alcohol: These substances can stimulate the heart and cause palpitations.
4. Certain medications: Some prescription drugs, over-the-counter medications, and supplements may cause heart palpitations as a side effect.
5. Medical conditions: Several medical conditions can lead to heart palpitations, such as anemia, hyperthyroidism, hypoglycemia, arrhythmias, electrolyte imbalances, and heart disease.
6. Hormonal changes: Changes in hormone levels during pregnancy, menstruation, or menopause can cause heart palpitations.
7. Illnesses: Respiratory infections, allergies, and other illnesses may lead to palpitations due to increased"
Is triple X syndrome inherited ?,"Most cases of triple X syndrome are not inherited. The chromosomal change usually occurs as a random event during the formation of reproductive cells (eggs and sperm). An error in cell division called nondisjunction can result in reproductive cells with an abnormal number of chromosomes. For example, an egg or sperm cell may gain an extra copy of the X chromosome as a result of nondisjunction. If one of these atypical reproductive cells contributes to the genetic makeup of a child, the child will have an extra X chromosome in each of the body's cells.  46,XX/47,XXX mosaicism is also not inherited. It occurs as a random event during cell division in early embryonic development. As a result, some of an affected person's cells have two X chromosomes (46,XX), and other cells have three X chromosomes (47,XXX).","Yes, Turner Syndrome, often referred to as triple X syndrome, is not typically inherited. It occurs when a female is born with one or more X chromosomes missing from one of the sex chromosome pairs, resulting in a partial or complete absence of certain female sexual characteristics and other health problems. In most cases, Turner Syndrome is not inherited but due to random errors during cell division in the egg cell before conception. However, if an affected individual produces eggs, there is a high chance that their offspring will also have Turner Syndrome."
What are the symptoms of Diabetes ?,"Many people with diabetes experience one or more symptoms, including extreme thirst or hunger, a frequent need to urinate and/or fatigue. Some lose weight without trying. Additional signs include sores that heal slowly, dry, itchy skin, loss of feeling or tingling in the feet and blurry eyesight. Some people with diabetes, however, have no symptoms at all.","Diabetes, particularly Type 1 and Type 2, can present with a variety of symptoms. Here are some common symptoms that might indicate diabetes:

1. Frequent urination: Excess sugar in your bloodstream causes an increased need to urinate, especially during the night.

2. Extreme thirst: As you urinate more often than usual, your body loses fluids and you become dehydrated, leading to increased thirst.

3. Increased hunger: Despite eating more, people with diabetes might experience weight loss due to the body's inability to properly use sugar for energy. This can cause feelings of increased hunger.

4. Fatigue: High blood sugar levels can lead to fatigue and weakness as your cells are not receiving enough energy.

5. Blurred vision: Elevated blood sugar levels can affect the lens of your eye, causing temporary blurriness.

6. Slow-healing wounds or frequent infections: Diabetes weakens the immune system and affects the body's ability to heal, leading to slow wound healing and an increased susceptibility to infections.

7. Tingling or numbness in hands"
Is Serpiginous choroiditis inherited ?,Can I inherit serpiginous choroiditis if my mother has the condition? No familial predillection or propensity has been described.,"Yes, serpiginous choroiditis can have a genetic component. It's often associated with certain HLA (human leukocyte antigen) types, particularly HLA-A29 and HLA-B27. However, not everyone with these HLA types will develop the condition, suggesting that other factors are also involved. It's important to note that inheritance patterns can be complex and may involve multiple genes interacting with environmental factors. If you have concerns about inherited eye conditions, it would be best to consult an ophthalmologist or a genetic counselor for personalized advice."
What is (are) Nail Diseases ?,"Your toenails and fingernails protect the tissues of your toes and fingers. They are made up of layers of a hardened protein called keratin, which is also in your hair and skin. The health of your nails can be a clue to your overall health. Healthy nails are usually smooth and consistent in color. Specific types of nail discoloration and changes in growth rate can be signs of lung, heart, kidney, and liver diseases, as well as diabetes and anemia. White spots and vertical ridges are harmless.    Nail problems that sometimes require treatment include       - Bacterial and fungal infections    - Ingrown nails    - Tumors    - Warts       Keeping your nails clean, dry, and trimmed can help you avoid some problems. Do not remove the cuticle, which can cause infection.","Nail diseases refer to various conditions that affect the health and appearance of nails, including fingernails and toenails. These disorders can be caused by a variety of factors such as infections, injuries, systemic diseases, or genetic factors. Some common examples of nail diseases include:

1. Onychomycosis (fungal infection): A fungal infection that causes changes in the appearance of nails, such as discoloration, thickening, brittleness, and separation from the nail bed.

2. Paronychia: An inflammation of the skin surrounding the nail, often caused by bacterial or fungal infections. Symptoms include pain, redness, swelling, and pus formation.

3. Ingrown nails: A condition where the nail grows into the skin adjacent to the nail bed, causing pain, redness, and inflammation.

4. Psoriasis: An autoimmune disorder that can cause scaling, thickening, and inflammation of the nails, as well as the skin and joints.

5. Nail pitting: Small depressions on the surface of the nail caused by conditions such as psoriasis,"
What are the genetic changes related to vitelliform macular dystrophy ?,"Mutations in the BEST1 and PRPH2 genes cause vitelliform macular dystrophy. BEST1 mutations are responsible for Best disease and for some cases of the adult-onset form of vitelliform macular dystrophy. Changes in the PRPH2 gene can also cause the adult-onset form of vitelliform macular dystrophy; however, less than a quarter of all people with this form of the condition have mutations in the BEST1 or PRPH2 gene. In most cases, the cause of the adult-onset form is unknown.  The BEST1 gene provides instructions for making a protein called bestrophin. This protein acts as a channel that controls the movement of charged chlorine atoms (chloride ions) into or out of cells in the retina. Mutations in the BEST1 gene probably lead to the production of an abnormally shaped channel that cannot properly regulate the flow of chloride. Researchers have not determined how these malfunctioning channels are related to the buildup of lipofuscin in the macula and progressive vision loss.  The PRPH2 gene provides instructions for making a protein called peripherin 2. This protein is essential for the normal function of light-sensing (photoreceptor) cells in the retina. Mutations in the PRPH2 gene cause vision loss by disrupting structures in these cells that contain light-sensing pigments. It is unclear why PRPH2 mutations affect only central vision in people with adult-onset vitelliform macular dystrophy.","Vitelliform Macular Dystrophy (VMD) is a rare inherited retinal disease characterized by abnormal yellow deposits in the macula, which is the central part of the retina responsible for sharp, central vision. The primary genetic change related to VMD is a mutation in the gene called Bestrophin.

Bestrophin is a protein that functions as a chloride channel and plays a crucial role in maintaining the normal structure and function of the retinal pigment epithelium (RPE) cells, which are essential for vision. The mutation in the Bestrophin gene leads to the accumulation of lipid-like materials called drusen under the RPE cells, causing the characteristic vitelliform or ""egg yolk"" appearance on funduscopic examination.

There is another genetic form of VMD caused by mutations in the ABCA4 gene, which is more common in individuals with Finnish ancestry. This form of VMD is characterized by a later age of onset and slower progression compared to Bestrophin-related VMD. Both forms of VMD can cause vision loss if left untreated."
What are the symptoms of Konigsmark Knox Hussels syndrome ?,"What are the signs and symptoms of Konigsmark Knox Hussels syndrome? The Human Phenotype Ontology provides the following list of signs and symptoms for Konigsmark Knox Hussels syndrome. If the information is available, the table below includes how often the symptom is seen in people with this condition. You can use the MedlinePlus Medical Dictionary to look up the definitions for these medical terms. Signs and Symptoms Approximate number of patients (when available) Ataxia 5% Abnormal amplitude of pattern reversal visual evoked potentials - Abnormal auditory evoked potentials - Autosomal dominant inheritance - Central scotoma - Centrocecal scotoma - Horizontal nystagmus - Increased variability in muscle fiber diameter - Myopathy - Ophthalmoplegia - Optic atrophy - Peripheral neuropathy - Phenotypic variability - Progressive sensorineural hearing impairment - Ptosis - Red-green dyschromatopsia - Reduced visual acuity - Strabismus - Tritanomaly - Visual impairment - The Human Phenotype Ontology (HPO) has collected information on how often a sign or symptom occurs in a condition. Much of this information comes from Orphanet, a European rare disease database. The frequency of a sign or symptom is usually listed as a rough estimate of the percentage of patients who have that feature. The frequency may also be listed as a fraction. The first number of the fraction is how many people had the symptom, and the second number is the total number of people who were examined in one study. For example, a frequency of 25/25 means that in a study of 25 people all patients were found to have that symptom. Because these frequencies are based on a specific study, the fractions may be different if another group of patients are examined. Sometimes, no information on frequency is available. In these cases, the sign or symptom may be rare or common.","Konigsberg-Knox-Husslein-Rebmann (KKHR) syndrome is a rare genetic disorder that primarily affects the eyes and bones. Here are some of its characteristic features:

1. Ocular Anomalies: Cataracts, glaucoma, high myopia (nearsightedness), and retinal detachment may occur in individuals with KKHR syndrome.

2. Skeletal Abnormalities: These can include short stature, broad chest, long fingers with tapering fingers and thickened skin at the tips of the fingers, abnormally shaped upper jaw (maxillary hypoplasia), and an underdeveloped or abnormally shaped mandible (mandibular hypoplasia).

3. Other Features: Some individuals with KKHR syndrome may also have developmental delay, intellectual disability, heart defects, and kidney problems. However, the severity of these symptoms can vary greatly among affected individuals."
"What are the symptoms of Cardiac valvular dysplasia, X-linked ?","What are the signs and symptoms of Cardiac valvular dysplasia, X-linked? The Human Phenotype Ontology provides the following list of signs and symptoms for Cardiac valvular dysplasia, X-linked. If the information is available, the table below includes how often the symptom is seen in people with this condition. You can use the MedlinePlus Medical Dictionary to look up the definitions for these medical terms. Signs and Symptoms Approximate number of patients (when available) Abnormality of metabolism/homeostasis - Aortic regurgitation - Congestive heart failure - Mitral regurgitation - Mitral valve prolapse - Short chordae tendineae of the mitral valve - Short chordae tendineae of the tricuspid valve - Tricuspid regurgitation - X-linked recessive inheritance - The Human Phenotype Ontology (HPO) has collected information on how often a sign or symptom occurs in a condition. Much of this information comes from Orphanet, a European rare disease database. The frequency of a sign or symptom is usually listed as a rough estimate of the percentage of patients who have that feature. The frequency may also be listed as a fraction. The first number of the fraction is how many people had the symptom, and the second number is the total number of people who were examined in one study. For example, a frequency of 25/25 means that in a study of 25 people all patients were found to have that symptom. Because these frequencies are based on a specific study, the fractions may be different if another group of patients are examined. Sometimes, no information on frequency is available. In these cases, the sign or symptom may be rare or common.","Cardiac valvular dysplasia, specifically X-linked type (also known as Zellweger-Strauss syndrome), is a rare genetic disorder that primarily affects the heart and kidneys. The cardiac symptoms can vary widely among affected individuals due to its genetic heterogeneity. However, some common cardiac features of this condition include:

1. Heart murmurs: These are abnormal sounds heard during a heartbeat caused by turbulent blood flow through the heart's chambers or valves. Murmurs may be present at birth (congenital) or develop later in life due to a structural cardiac abnormality.

2. Abnormalities of the heart valves: The aortic and mitral valves, which are crucial for blood flow between the heart's chambers and out to the body, may be thickened, underdeveloped (hypoplastic), or have abnormal leaflets that don't close properly.

3. Leaky heart valves: The affected heart valve may not close completely, allowing blood to leak backward through the valve when it should flow forward. This is called regurgitation or insufficiency.

4. Heart en"
What are the symptoms of Acrokeratoelastoidosis of Costa ?,"What are the signs and symptoms of Acrokeratoelastoidosis of Costa? The Human Phenotype Ontology provides the following list of signs and symptoms for Acrokeratoelastoidosis of Costa. If the information is available, the table below includes how often the symptom is seen in people with this condition. You can use the MedlinePlus Medical Dictionary to look up the definitions for these medical terms. Signs and Symptoms Approximate number of patients (when available) Hyperkeratosis 90% Verrucae 90% Abnormality of the nail 50% Hyperhidrosis 50% Acrokeratosis - Autosomal dominant inheritance - The Human Phenotype Ontology (HPO) has collected information on how often a sign or symptom occurs in a condition. Much of this information comes from Orphanet, a European rare disease database. The frequency of a sign or symptom is usually listed as a rough estimate of the percentage of patients who have that feature. The frequency may also be listed as a fraction. The first number of the fraction is how many people had the symptom, and the second number is the total number of people who were examined in one study. For example, a frequency of 25/25 means that in a study of 25 people all patients were found to have that symptom. Because these frequencies are based on a specific study, the fractions may be different if another group of patients are examined. Sometimes, no information on frequency is available. In these cases, the sign or symptom may be rare or common.","Acrokeratoelastoidosis of Costa, also known as Costas disease, is a rare skin condition characterized by small, firm, papular or nodular lesions on the extremities, primarily affecting the dorsal aspects of fingers and toes. The symptoms often include:

1. Small, waxy, yellowish-brown or skin-colored papules or nodules: These lesions are usually located on the extensor surfaces of the hands, feet, and forearms. They may vary in size from a few millimeters to several centimeters.

2. Firm texture: The lesions tend to be firmer than normal skin, and they don't move freely when you push on them.

3. Asymptomatic or minimally symptomatic: In most cases, the lesions are painless and do not itch or cause discomfort. However, in some cases, large lesions may become tender or painful if subjected to pressure or trauma.

4. Slower growth rate: The lesions usually grow slowly over several years, with new ones occasionally appearing.

5. Gradual onset: Acrokeratoelastoidosis often begins in"
What are the treatments for spastic paraplegia type 7 ?,"These resources address the diagnosis or management of spastic paraplegia type 7:  - Gene Review: Gene Review: Hereditary Spastic Paraplegia Overview  - Gene Review: Gene Review: Spastic Paraplegia 7  - Genetic Testing Registry: Spastic paraplegia 7  - Spastic Paraplegia Foundation, Inc.: Treatments and Therapies   These resources from MedlinePlus offer information about the diagnosis and management of various health conditions:  - Diagnostic Tests  - Drug Therapy  - Surgery and Rehabilitation  - Genetic Counseling   - Palliative Care","Spastic Paraplegia Type 7 (SP7) is a rare neurodegenerative disorder, and currently, there's no known cure. However, treatment strategies focus on managing symptoms to improve quality of life:

1. Physical Therapy: Regular exercise and physical therapy can help maintain muscle tone, flexibility, and strength, as well as prevent or manage contractures.

2. Medications: Various medications may be used to help control spasticity, which is a common symptom in SP7. These include:
   - Baclofen (a muscle relaxant)
   - Diazepam (a benzodiazepine)
   - Tizanidine (a centrally acting muscle relaxant)
   - Botulinum toxin A injections (Botox)
   - Oral cannabis-based medication (Sativex)
   - Intrathecal baclofen pump (for severe cases where oral medications are not effective enough)

3. Orthopedic Devices: Braces, splints, and wheelchairs can help manage mobility issues and prevent deformities.

4. Surgery: Selective"
What are the treatments for fragile X syndrome ?,These resources address the diagnosis or management of fragile X syndrome:  - Gene Review: Gene Review: FMR1-Related Disorders  - GeneFacts: Fragile X Syndrome: Diagnosis  - GeneFacts: Fragile X Syndrome: Management  - Genetic Testing Registry: Fragile X syndrome  - MedlinePlus Encyclopedia: Fragile X syndrome   These resources from MedlinePlus offer information about the diagnosis and management of various health conditions:  - Diagnostic Tests  - Drug Therapy  - Surgery and Rehabilitation  - Genetic Counseling   - Palliative Care,"Fragile X syndrome is a genetic disorder that affects the brain and causes a range of developmental challenges. While there is currently no cure, several interventions can help manage its symptoms:

1. Behavioral and Educational Therapies: These therapies aim to improve learning, behavior, communication, and social skills. Behavioral therapy may involve teaching new skills, modifying behaviors, and helping the person cope with challenging situations. Educational accommodations may include working with a special education teacher, using visual aids, and providing extra time for tasks.

2. Speech-Language Therapy: This therapy can help individuals with Fragile X syndrome improve their communication skills, including speaking, listening, reading, and writing.

3. Physical Therapy: This can help improve motor skills, coordination, balance, and strength.

4. Occupational Therapy: This can assist in developing everyday living skills such as self-care, play, and leisure activities.

5. Social Skills Training: This helps individuals learn appropriate social behaviors, understand nonverbal cues, and improve their ability to interact with others.

6. Medication: In some cases, medication may be used to"
What are the treatments for Thrombocytopenia ?,"Treatment for thrombocytopenia depends on its cause and severity. The main goal of treatment is to prevent death and disability caused by bleeding.
                
If your condition is mild, you may not need treatment. A fully normal platelet count isn't necessary to prevent bleeding, even with severe cuts or accidents.
                
Thrombocytopenia often improves when its underlying cause is treated. People who inherit the condition usually don't need treatment.
                
If a reaction to a medicine is causing a low platelet count, your doctor may prescribe another medicine. Most people recover after the initial medicine has been stopped. For heparin-induced thrombocytopenia (HIT), stopping the heparin isn't enough. Often, you'll need another medicine to prevent blood clotting.
                
If your immune system is causing a low platelet count, your doctor may prescribe medicines to suppress the immune system.
                
Severe Thrombocytopenia
                
If your thrombocytopenia is severe, your doctor may prescribe treatments such as medicines, blood or platelet transfusions, or splenectomy.
                
Medicines
                
Your doctor may prescribe corticosteroids, also called steroids for short. Steroids may slow platelet destruction. These medicines can be given through a vein or by mouth. One example of this type of medicine is prednisone.
                
The steroids used to treat thrombocytopenia are different from illegal steroids taken by some athletes to enhance performance.
                
Your doctor may prescribe immunoglobulins or medicines like rituximab to block your immune system. These medicines are given through a vein. He or she also may prescribe other medicines, such as eltrombopag or romiplostim, to help your body make more platelets. The former comes as a tablet to take by mouth and the latter is given as an injection under the skin.
                
Blood or Platelet Transfusions
                
Blood or platelet transfusions are used to treat people who have active bleeding or are at a high risk of bleeding. During this procedure, a needle is used to insert an intravenous (IV) line into one of your blood vessels. Through this line, you receive healthy blood or platelets.
                
For more information about this procedure, go to the Health Topics Blood Transfusion article.
                
Splenectomy
                
A splenectomy is surgery to remove the spleen. This surgery may be used if treatment with medicines doesn't work. This surgery mostly is used for adults who have immune thrombocytopenia (ITP). However, medicines often are the first course of treatment.","Thrombocytopenia, a condition characterized by low levels of platelets (thrombocytes) in your blood, can be managed and treated based on the underlying cause. Here are some common treatment methods:

1. Identifying and treating the underlying cause: Sometimes, addressing the root cause can help improve platelet counts. For example, if the thrombocytopenia is drug-induced, stopping the medication may be enough to reverse the condition. In cases of autoimmune disorders, immunosuppressive drugs might be prescribed to prevent the immune system from destroying platelets.

2. Supportive care: To help manage symptoms and prevent complications, healthcare providers may recommend:
   - Platelet transfusions: If the platelet count is very low, a platelet transfusion may be necessary to reduce the risk of bleeding.
   - Avoiding medications that affect platelets: Certain drugs can worsen thrombocytopenia; your doctor may adjust or discontinue these medications as needed.
   - Preventing injury: To minimize the risk of bruising and bleeding, it's important to avoid activities that could cause trauma, such as contact"
Is supravalvular aortic stenosis inherited ?,"This condition is inherited in an autosomal dominant pattern, which means one copy of the altered gene in each cell is sufficient to cause the disorder. However, some people who inherit the altered gene never develop features of SVAS. (This situation is known as reduced penetrance.)  In some cases, a person inherits the mutation from one parent who has the mutation. Other cases result from new mutations in the gene and occur in people with no history of the disorder in their family.","Supravalvular aortic stenosis (SVAS) can sometimes be inherited, but it's not always the case. SVAS is a condition characterized by a narrowing of the aorta above the aortic valve, often due to abnormal tissue in the aortic wall.

In about half of the cases, SVAS is part of a genetic disorder known as Williams-Beuren syndrome. This rare genetic disorder is caused by the deletion of several genes from chromosome 7 and can lead to various developmental issues, including cardiovascular problems like SVAS.

However, it's important to note that not everyone with SVAS has Williams-Beuren syndrome. In some cases, the condition might be sporadic, meaning it occurs without a clear familial pattern. Genetic testing can help determine if there is an underlying genetic cause for the SVAS in a particular family.

It's always a good idea to consult with a healthcare professional or a genetics specialist for more detailed information regarding one's specific case."
How to diagnose Amyloidosis and Kidney Disease ?,"A health care provider diagnoses dialysis-related amyloidosis with
                
- urinalysis  - blood tests  - imaging tests
                
A health care provider can use urinalysis and blood tests to detect the amount of amyloid proteins in urine and blood. Imaging tests, such as x-rays and CT scans, can provide pictures of bone cysts and amyloid deposits in bones, joints, tendons, and ligaments. An x-ray technician performs imaging tests in a health care providers office, an outpatient center, or a hospital. A radiologista doctor who specializes in medical imaginginterprets the images. A patient does not require anesthesia.","Diagnosing Amyloidosis, especially the type that affects the kidneys (Amyloid Nephropathy), involves a series of tests. Here's a general outline of the diagnostic process:

1. **Medical History and Physical Examination**: The first step is to identify symptoms suggestive of amyloidosis, such as proteinuria (protein in urine), edema (swelling), or signs of kidney dysfunction.

2. **Urinalysis**: This can help detect abnormal amounts of proteins in the urine, which is a common symptom of amyloid nephropathy.

3. **Blood Tests**: Blood tests can help measure the levels of different types of proteins in the blood, such as serum immunoelectrophoresis and immunofixation electrophoresis, which can help identify any abnormalities.

4. **Renal Biopsy**: A kidney biopsy is often necessary to confirm a diagnosis of amyloidosis and determine the type of amyloid protein involved. During the biopsy, a small sample of kidney tissue is"
What is (are) Asperger Syndrome ?,"Asperger syndrome (AS) is a developmental disorder. It is an autism spectrum disorder (ASD), one of a distinct group of neurological conditions characterized by a greater or lesser degree of impairment in language and communication skills, as well as repetitive or restrictive patterns of thought and behavior. Other ASDs include: classic autism, Rett syndrome, childhood disintegrative disorder, and pervasive developmental disorder not otherwise specified (usually referred to as PDD-NOS). Unlike children with autism, children with AS retain their early language skills.
                
The most distinguishing symptom of AS is a childs obsessive interest in a single object or topic to the exclusion of any other. Children with AS want to know everything about their topic of interest and their conversations with others will be about little else. Their expertise, high level of vocabulary, and formal speech patterns make them seem like little professors. Other characteristics of AS include repetitive routines or rituals; peculiarities in speech and language; socially and emotionally inappropriate behavior and the inability to interact successfully with peers; problems with non-verbal communication; and clumsy and uncoordinated motor movements.
                
Children with AS are isolated because of their poor social skills and narrow interests. They may approach other people, but make normal conversation impossible by inappropriate or eccentric behavior, or by wanting only to talk about their singular interest.Children with AS usually have a history of developmental delays in motor skills such as pedaling a bike, catching a ball, or climbing outdoor play equipment. They are often awkward and poorly coordinated with a walk that can appear either stilted or bouncy.","Asperger Syndrome (AS) is one of five pervasive developmental disorders in the autism spectrum disorder (ASD) category. It's named after Austrian pediatrician Hans Asperger, who first described the syndrome in 1944.

People with Asperger Syndrome typically have significant difficulties in social interaction and nonverbal communication, but they usually do not have delays or abnormalities in language or cognitive development. They often have a strong interest in specific topics and may show exceptional ability in a particular area, such as mathematics or music.

Individuals with Asperger Syndrome often exhibit repetitive behaviors or interests and can struggle with changes in routine. However, they typically have average to above-average intelligence and can lead productive and fulfilling lives, especially when provided with appropriate support and accommodations.

In 2013, Asperger Syndrome was subsumed into a single diagnosis of Autism Spectrum Disorder (ASD) in the fifth edition of the Diagnostic and Statistical Manual of Mental Disorders (DSM-5). However, the term ""Asperger's"" is still"
what research (or clinical trials) is being done for Post-Polio Syndrome ?,"The National Institute of Neurological Disorders and Stroke (NINDS) and other institutes of the National Institutes of Health (NIH) conduct research related to PPS in laboratories at the NIH, and also support additional PPS research through grants to major medical institutions across the country.","Post-Polio Syndrome (PPS) is a condition that affects some individuals who have recovered from poliomyelitis, also known as polio. It's characterized by new muscle weakness or wasting, increased fatigue, and various other symptoms that weren't present during the original illness.

Research into PPS is ongoing to better understand its causes, develop effective treatments, and improve the quality of life for those affected. Here are some examples of recent research and clinical trials related to Post-Polio Syndrome:

1. Exercise and Rehabilitation: Studies have shown that regular exercise can help manage symptoms of PPS. Researchers are exploring various types of exercises, such as aerobic training, resistance training, and physical therapy, to find the most effective methods for managing PPS symptoms. (Source: National Institute on Aging)

2. Medications: Some clinical trials have focused on the use of medications like riluzole (used to treat Amyotrophic Lateral Sclerosis) and creatine monohydrate (a dietary supplement) to alleviate fatigue, muscle weakness, and other symptoms in individuals with PPS. (Source:"
What is (are) Retinal vasculopathy with cerebral leukodystrophy ?,"Retinal vasculopathy with cerebral leukodystrophy (RVCL) is a rare, genetic condition that primarily affects the central nervous system. Symptoms begin in adulthood (usually in the 40s) and may include loss of vision, mini-strokes, and dementia. Death can sometimes occur within 10 years of the first symptoms appearing. RVCL is inherited in an autosomal dominant manner and is caused by mutations in the TREX1 gene. Treatments currently aim to manage or alleviate the symptoms rather than treating the underlying cause. RVCL is now considered to include the following 3 conditions which were previously thought to be distinct: hereditary endotheliopathy, retinopathy, nephropathy, and stroke (HERNS); cerebroretinal vasculopathy (CRV); and hereditary vascular retinopathy (HVR).","Retinal Vasculopathy with Cerebral Leukodystrophy (RVCL) is a rare, progressive neurological and ophthalmological disorder. It's characterized by damage to the retinal blood vessels in the eye, which can lead to vision loss, as well as changes in the white matter of the brain, causing neurological symptoms such as cognitive decline, seizures, and movement disorders.

RVCL is caused by mutations in the MFSD8 gene, which is involved in the transport of molecules across cell membranes. The condition can be inherited or sporadic. Treatment for RVCL is currently supportive and focused on managing symptoms as there is no known cure at this time.

It's important to note that RVCL is a complex disorder with significant variability in its presentation, even among individuals within the same family who carry the same genetic mutation. Further research is ongoing to better understand the disease mechanism and potential therapeutic approaches."
what research (or clinical trials) is being done for Chronic Pain ?,"Clinical investigators have tested chronic pain patients and found that they often have lower-than-normal levels of endorphins in their spinal fluid. Investigations of acupuncture include wiring the needles to stimulate nerve endings electrically (electroacupuncture), which some researchers believe activates endorphin systems. Other experiments with acupuncture have shown that there are higher levels of endorphins in cerebrospinal fluid following acupuncture. Investigators are studying the effect of stress on the experience of chronic pain. Chemists are synthesizing new analgesics and discovering painkilling virtues in drugs not normally prescribed for pain.","There are numerous ongoing research studies and clinical trials focused on chronic pain, as it affects millions of people worldwide. Here are some key areas where significant progress is being made:

1. **Neuroplasticity and Central Sensitization:** Researchers are studying how the brain changes with chronic pain and how these changes can be reversed or managed to reduce pain levels. This includes understanding the role of the nervous system, glia cells, and neurotransmitters in chronic pain.

2. **Psychological Approaches:** Psychological therapies, such as cognitive-behavioral therapy (CBT), mindfulness-based stress reduction (MBSR), and acceptance and commitment therapy (ACT), are being studied for their effectiveness in managing chronic pain.

3. **Pharmacological Interventions:** Ongoing research is focusing on developing new drugs that can target specific aspects of the pain pathway, such as NMDA receptor antagonists, cannabinoids, and opioid analogs. However, due to concerns about addiction and side effects, there's a strong emphasis on finding non-opioid treatments.

4. **Interventional Procedures:** Techniques like sp"
What causes Adenoid cystic carcinoma ?,"What causes adenoid cystic carcinoma? The underlying cause of adenoid cystic carcinoma (ACC) is not yet known, and no strong genetic or environmental risk factors specific to ACC have been identified. Researchers believe that a combination of various genetic and environmental factors probably interact to ultimately cause a person to develop specific types of cancers. There is ongoing research to learn more about the many factors that contribute to the development of cancer. Cancer is at least partly due to acquired (not inherited) damage or changes to the DNA in certain cells. For example, various studies have shown that chromosomal abnormalities and genetic deletions are present in samples of ACC. However, these genetic abnormalities are present only in the cancer cells, not in the cells with the genetic material that is passed on to offspring (the egg and sperm cells).","Adenoid cystic carcinoma (ACC) is a rare type of cancer that typically arises from the glandular epithelium, which is the layer of cells lining various organs and glands. The exact cause of ACC is not fully understood, but several factors are believed to play a role:

1. Genetic Factors: Mutations in specific genes, such as TP53, FOXA1, and MYB, have been identified in some cases of ACC. These mutations may contribute to the development of the cancer by altering cell growth and division processes.

2. Environmental Factors: Exposure to certain chemicals, radiation, or viruses has been suggested as potential contributors to ACC, but more research is needed to confirm these links.

3. Heredity: Although ACC is not generally considered a hereditary disease, there are rare cases where it appears to run in families, suggesting that genetic factors may play a role.

4. Salivary Gland Dysplasia: Some researchers believe that abnormalities in the salivary glands (such as dysplasia) might predispose individuals to developing"
"What are the genetic changes related to distal hereditary motor neuropathy, type II ?","Mutations in the HSPB1 and HSPB8 genes cause distal hereditary motor neuropathy, type II. These genes provide instructions for making proteins called heat shock protein beta-1 and heat shock protein beta-8. Heat shock proteins help protect cells under adverse conditions such as infection, inflammation, exposure to toxins, elevated temperature, injury, and disease. They block signals that lead to programmed cell death. In addition, they appear to be involved in activities such as cell movement (motility), stabilizing the cell's structural framework (the cytoskeleton), folding and stabilizing newly produced proteins, and repairing damaged proteins. Heat shock proteins also appear to play a role in the tensing of muscle fibers (muscle contraction).  Heat shock protein beta-1 and heat shock protein beta-8 are found in cells throughout the body and are abundant in nerve cells. In nerve cells, heat shock protein beta-1 helps to organize a network of molecular threads called neurofilaments that maintain the diameter of specialized extensions called axons. Maintaining proper axon diameter is essential for the efficient transmission of nerve impulses. The function of heat shock protein beta-8 is not well understood, but studies have shown that it interacts with heat shock protein beta-1.  The HSPB1 and HSPB8 gene mutations that cause distal hereditary motor neuropathy, type II change single protein building blocks (amino acids) in the protein sequence. If either protein is altered, they may be more likely to cluster together and form clumps (aggregates). Aggregates of heat shock proteins may block the transport of substances that are essential for the proper function of nerve axons. The disruption of other cell functions in which these proteins are involved may also contribute to the signs and symptoms of distal hereditary motor neuropathy, type II.","Distal Hereditary Motor Neuropathy (dHMN) Type II, also known as Dysemyelinating Charcot-Marie-Tooth Disease Type 2 (CMT2J), is a genetic disorder primarily characterized by progressive motor and sensory nerve damage. The disease is caused by mutations in the MFN2 gene, which encodes for a protein called Mitofusin 2.

MFN2 plays a crucial role in maintaining the integrity of mitochondria, the energy-producing organelles within cells. Mutations in the MFN2 gene can lead to defects in mitochondrial dynamics and, consequently, impaired nerve function. The resulting damage to the peripheral nerves causes symptoms such as muscle weakness, atrophy, and sensory loss primarily in the legs and feet.

The most common mutation associated with dHMN Type II is a deletion of three nucleotides (c.1264_1266delinsT) in exon 10 of the MFN2 gene. This specific mutation has been identified in approximately 85% of dHMN Type II cases. Other less frequent"
How many people are affected by Miyoshi myopathy ?,"The exact prevalence of Miyoshi myopathy is unknown. In Japan, where the condition was first described, it is estimated to affect 1 in 440,000 individuals.","Miyoshi myopathy is a relatively rare muscle disorder. The exact number of people affected globally is not readily available, but it's considered to be quite low compared to more common diseases. In the United States, for example, the estimated prevalence is about 1 in 100,000 individuals. However, these numbers may vary slightly depending on the source and the specific type of Miyoshi myopathy being referenced. It's always best to consult a healthcare professional or reputable medical resource for the most accurate information."
What are the genetic changes related to alpha-methylacyl-CoA racemase deficiency ?,"AMACR deficiency is caused by mutations in the AMACR gene. This gene provides instructions for making an enzyme called alpha-methylacyl-CoA racemase (AMACR).  The AMACR enzyme is found in the energy-producing centers in cells (mitochondria) and in cell structures called peroxisomes. Peroxisomes contain a variety of enzymes that break down many different substances, including fatty acids and certain toxic compounds. They are also important for the production (synthesis) of fats (lipids) used in digestion and in the nervous system. In peroxisomes, the AMACR enzyme plays a role in the breakdown of a fatty acid called pristanic acid, which comes from meat and dairy foods in the diet. In mitochondria, AMACR is thought to help further break down the molecules derived from pristanic acid.  Most individuals with AMACR deficiency have an AMACR gene mutation that results in a lack (deficiency) of functional enzyme. The enzyme deficiency leads to accumulation of pristanic acid in the blood. However, it is unclear how this accumulation is related to the specific signs and symptoms of AMACR deficiency.","Alpha-Methylacyl-CoA Racemase Deficiency (AMACR) is a rare metabolic disorder that affects the oxidation of certain types of fat. The disease is caused by mutations in the HSD17B4 gene, which provides instructions for making alpha-methylacyl-CoA racemase, an enzyme essential for the breakdown of long-chain fatty acids with a branched structure.

The genetic changes related to AMACR deficiency can be:

1. Point mutations: These are single changes in the DNA sequence that can alter the structure or function of the gene product (alpha-methylacyl-CoA racemase). Point mutations can result in a nonfunctional enzyme, leading to the accumulation of toxic metabolites that damage tissues and organs.

2. Deletions: These are large segments of DNA missing from the HSD17B4 gene due to errors during DNA replication or other genetic events. Deletions can result in the loss of functional alpha-methylacyl-CoA racemase, causing the same symptoms as point mutations"
Do you have information about Fires,"Summary : Whether a fire happens in your home or in the wild, it can be very dangerous. Fire spreads quickly. There is no time to gather valuables or make a phone call. In just two minutes, a fire can become life-threatening. In five minutes, a home can be engulfed in flames.    Heat and smoke from fire can be more dangerous than the flames. Inhaling the super-hot air can burn your lungs. Fire produces poisonous gases that make you disoriented and drowsy. Instead of being awakened by a fire, you may fall into a deeper sleep. You can suffocate or be burned.    Preventing fires is an important part of fire safety. Although there are no guarantees of safety during a fire, you can take actions to protect yourself. You should have a disaster plan. Being prepared can help reduce fear, anxiety, and losses. If you do experience a disaster, it is normal to feel stressed. You may need help in finding ways to cope.    Federal Emergency Management Agency","Yes, I can provide some information about fires. Fire is a process associated with the rapid oxidation of material, releasing heat, light, and various chemical byproducts. It's one of the six classical elements and plays a crucial role in many natural processes as well as human activities.

Fires can be broadly categorized into two main types:

1. Wildfires (or forest fires): These are uncontrolled fires that occur in natural vegetation areas like forests, prairies, or woodlands. They can spread rapidly, threatening wildlife habitats and structures.

2. Structural fires: These fires involve buildings, vehicles, or other man-made structures. They can be caused by various factors such as electrical faults, arson, or cooking mishaps.

Managing fires is essential to prevent damage to property, loss of life, and ecological impacts. Firefighting strategies include using water, fire retardants, and in some cases, controlled burns (intentional, managed fires) to reduce fuel loads and limit the spread of wildfires.

It's also important to note that fires can have both positive and negative impacts on ecosystems depending on their intensity,"
What are the treatments for Jackson-Weiss syndrome ?,These resources address the diagnosis or management of Jackson-Weiss syndrome:  - Gene Review: Gene Review: FGFR-Related Craniosynostosis Syndromes  - Genetic Testing Registry: Jackson-Weiss syndrome  - MedlinePlus Encyclopedia: Craniosynostosis   These resources from MedlinePlus offer information about the diagnosis and management of various health conditions:  - Diagnostic Tests  - Drug Therapy  - Surgery and Rehabilitation  - Genetic Counseling   - Palliative Care,"Jackson-Weiss Syndrome is a rare condition characterized by multiple congenital contractures and digital anomalies. While there is no specific treatment for Jackson-Weiss Syndrome itself, treatment focuses on managing the symptoms and associated conditions. Here are some common interventions:

1. Physical therapy: Regular physical therapy sessions can help maintain joint mobility, improve muscle tone, and prevent further contractures.

2. Surgical procedures: Depending on the severity of the condition, various surgical procedures may be recommended to release contracted tendons or correct deformities in the affected joints. These surgeries aim to improve mobility, function, and aesthetics.

3. Orthopedic bracing: Custom-made orthotic devices can help maintain joint alignment, prevent contractures, and support proper posture.

4. Pain management: Pain relief medications may be prescribed for managing discomfort associated with the condition.

5. Occupational therapy: To improve fine motor skills, hand function, and self-care abilities, occupational therapy can be beneficial.

6. Psychological support: Living with a rare condition like Jackson-Weiss Syndrome may also come with emotional"
What is the outlook for Wallenberg's Syndrome ?,The outlook for someone with Wallenbergs syndrome depends upon the size and location of the area of the brain stem damaged by the stroke. Some individuals may see a decrease in their symptoms within weeks or months. Others may be left with significant neurological disabilities for years after the initial symptoms appeared.,"Wallenberg's Syndrome, also known as lateral medullary infarction or posterior inferior cerebellar artery syndrome, is a neurological condition caused by an interruption of blood flow to the lower part of the brainstem. The outlook for Wallenberg's Syndrome can vary greatly depending on the severity and extent of damage, as well as the individual's overall health and response to treatment.

The symptoms of Wallenberg's Syndrome may include vertigo, nystagmus (involuntary eye movements), facial numbness or paralysis on one side, difficulty swallowing, hoarseness, and hearing loss in one ear. In some cases, symptoms may improve significantly over time with appropriate treatment, such as physical therapy for balance problems, speech therapy for swallowing difficulties, and medications to manage pain and control seizures if they occur.

However, in some cases, the damage caused by Wallenberg's Syndrome can be permanent, resulting in long-term symptoms that may require ongoing management. For example, facial numbness or paralysis, swallowing difficulties, and hearing loss may not resolve completely, and these symptoms can"
What is (are) familial adenomatous polyposis ?,"Familial adenomatous polyposis (FAP) is an inherited disorder characterized by cancer of the large intestine (colon) and rectum. People with the classic type of familial adenomatous polyposis may begin to develop multiple noncancerous (benign) growths (polyps) in the colon as early as their teenage years. Unless the colon is removed, these polyps will become malignant (cancerous). The average age at which an individual develops colon cancer in classic familial adenomatous polyposis is 39 years. Some people have a variant of the disorder, called attenuated familial adenomatous polyposis, in which polyp growth is delayed. The average age of colorectal cancer onset for attenuated familial adenomatous polyposis is 55 years.  In people with classic familial adenomatous polyposis, the number of polyps increases with age, and hundreds to thousands of polyps can develop in the colon. Also of particular significance are noncancerous growths called desmoid tumors. These fibrous tumors usually occur in the tissue covering the intestines and may be provoked by surgery to remove the colon. Desmoid tumors tend to recur after they are surgically removed. In both classic familial adenomatous polyposis and its attenuated variant, benign and malignant tumors are sometimes found in other places in the body, including the duodenum (a section of the small intestine), stomach, bones, skin, and other tissues. People who have colon polyps as well as growths outside the colon are sometimes described as having Gardner syndrome.  A milder type of familial adenomatous polyposis, called autosomal recessive familial adenomatous polyposis, has also been identified. People with the autosomal recessive type of this disorder have fewer polyps than those with the classic type. Fewer than 100 polyps typically develop, rather than hundreds or thousands. The autosomal recessive type of this disorder is caused by mutations in a different gene than the classic and attenuated types of familial adenomatous polyposis.","Familial Adenomatous Polyposis (FAP) is a genetic disorder that affects the colon and rectum. People with FAP develop numerous polyps (abnormal growths) in the lining of the large intestine, usually starting in childhood or early adulthood. If left untreated, these polyps can develop into colon cancer.

FAP is caused by a mutation in the APC gene, which functions as a tumor suppressor. This mutation causes cells to grow and divide uncontrollably, leading to the formation of polyps. The condition is often inherited in an autosomal dominant manner, meaning that if one parent carries the mutated APC gene, there's a 50% chance that each child will inherit it.

In addition to colon cancer, FAP can also increase the risk of other types of cancer, such as duodenal cancer, thyroid cancer, and ovarian or uterine cancer. Regular screening and preventative measures, such as surgery to remove the colon and rectum (colectomy), are typically recommended for individuals with FAP to reduce their risk of developing cancer."
What are the symptoms of Microcephaly deafness syndrome ?,"What are the signs and symptoms of Microcephaly deafness syndrome? The Human Phenotype Ontology provides the following list of signs and symptoms for Microcephaly deafness syndrome. If the information is available, the table below includes how often the symptom is seen in people with this condition. You can use the MedlinePlus Medical Dictionary to look up the definitions for these medical terms. Signs and Symptoms Approximate number of patients (when available) Cognitive impairment 90% Epicanthus 90% Facial asymmetry 90% Low-set, posteriorly rotated ears 90% Microcephaly 90% Sensorineural hearing impairment 90% Abnormality of the palate 50% Neurological speech impairment 50% Preauricular skin tag 50% Short stature 50% Autosomal dominant inheritance - Cupped ear - Hearing impairment - Intellectual disability - Prominent glabella - The Human Phenotype Ontology (HPO) has collected information on how often a sign or symptom occurs in a condition. Much of this information comes from Orphanet, a European rare disease database. The frequency of a sign or symptom is usually listed as a rough estimate of the percentage of patients who have that feature. The frequency may also be listed as a fraction. The first number of the fraction is how many people had the symptom, and the second number is the total number of people who were examined in one study. For example, a frequency of 25/25 means that in a study of 25 people all patients were found to have that symptom. Because these frequencies are based on a specific study, the fractions may be different if another group of patients are examined. Sometimes, no information on frequency is available. In these cases, the sign or symptom may be rare or common.","Microcephaly deafness syndrome (MCDS), also known as Sensenbrenner syndrome, is a rare genetic disorder. Its main characteristics include microcephaly (abnormally small head and brain), congenital sensorineural deafness (hearing loss present at birth), intellectual disability, and distinctive facial features.

The facial features often include a high forehead, a wide nasal bridge, a flat or depressed nasal bridge, a short philtrum (the vertical groove above the upper lip), low-set ears, and a small jaw. Some individuals with MCDS may also have congenital heart defects, digestive problems, and developmental delays.

It's important to note that every person is unique and may not exhibit all of these symptoms. If you suspect someone might have MCDS or any other genetic disorder, medical advice should be sought from a healthcare professional for an accurate diagnosis and appropriate care."
What are the symptoms of Sakati syndrome ?,"What are the signs and symptoms of Sakati syndrome? The Human Phenotype Ontology provides the following list of signs and symptoms for Sakati syndrome. If the information is available, the table below includes how often the symptom is seen in people with this condition. You can use the MedlinePlus Medical Dictionary to look up the definitions for these medical terms. Signs and Symptoms Approximate number of patients (when available) Abnormal cortical bone morphology 90% Abnormality of the metaphyses 90% Hernia of the abdominal wall 90% Hyperextensible skin 90% Joint hypermobility 90% Macrotia 90% Recurrent fractures 90% Reduced bone mineral density 90% Short stature 90% Synophrys 90% Abnormality of the pinna - Autosomal dominant inheritance - Broad hallux - Broad thumb - Craniosynostosis - Dental crowding - Hypertelorism - Hypoplasia of the maxilla - Lower limb undergrowth - Low-set ears - Malar flattening - Mandibular prognathia - Oxycephaly - Preaxial hand polydactyly - Shallow orbits - Short neck - Small face - Syndactyly - The Human Phenotype Ontology (HPO) has collected information on how often a sign or symptom occurs in a condition. Much of this information comes from Orphanet, a European rare disease database. The frequency of a sign or symptom is usually listed as a rough estimate of the percentage of patients who have that feature. The frequency may also be listed as a fraction. The first number of the fraction is how many people had the symptom, and the second number is the total number of people who were examined in one study. For example, a frequency of 25/25 means that in a study of 25 people all patients were found to have that symptom. Because these frequencies are based on a specific study, the fractions may be different if another group of patients are examined. Sometimes, no information on frequency is available. In these cases, the sign or symptom may be rare or common.","Sakati Syndrome, also known as congenital contractural arachnodactyly (CCA), is a rare genetic disorder. The primary symptoms include:

1. Contractures: Stiffness or bending in joints, most commonly in the elbows, knees, and ankles.

2. Arachnodactyly: Abnormal curvature of the fingers and toes, giving them a spider-like appearance. The little fingers are typically more affected than others.

3. Camptodactyly: Flexion deformity at the joints of the fingers, creating a bent or swan neck appearance.

4. Syndactyly: Fusion of one or more fingers or toes.

5. Hyperextensibility: Excessive flexibility or laxity in the skin and ligaments.

6. Scoliosis or other skeletal abnormalities: Curvature of the spine can occur in some individuals with Sakati Syndrome.

7. Intellectual disability: Mild to moderate intellectual disability is a common feature in a significant number of cases.

8. Other associated features may"
What are the symptoms of Heart Murmur ?,"People who have innocent (harmless) heart murmurs don't have any signs or symptoms other than the murmur itself. This is because innocent heart murmurs aren't caused by heart problems.
                
People who have abnormal heart murmurs may have signs or symptoms of the heart problems causing the murmurs. These signs and symptoms may include:
                
Poor eating and failure to grow normally (in infants)
                
Shortness of breath, which may occur only with physical exertion
                
Excessive sweating with minimal or no exertion
                
Chest pain
                
Dizziness or fainting
                
A bluish color on the skin, especially on the fingertips and lips
                
Chronic cough
                
Swelling or sudden weight gain
                
Enlarged liver
                
Enlarged neck veins
                
Signs and symptoms depend on the problem causing the heart murmur and its severity.","Heart murmurs are extra or unusual sounds heard during a heartbeat. They can be caused by various conditions, some serious and some not. Here are some common symptoms that might be associated with a heart murmur:

1. Heart Murmur: The most obvious sign is the extra or abnormal sound heard through a stethoscope during a heartbeat. The location, timing, and intensity of the murmur can provide clues about the underlying cause.

2. Shortness of Breath (Dyspnea): This can occur due to increased workload on the heart, as is often the case with conditions that cause heart murmurs.

3. Fatigue or Weakness: If your heart isn't pumping blood efficiently, you might feel more tired or weak than usual.

4. Chest Pain (Angina): Some heart conditions that cause murmurs can also lead to chest pain, particularly when you're physically active or under stress.

5. Rapid Heart Rate (Tachycardia): An irregularly fast heartbeat could be a sign of a problem with the heart structure or function.

6. Swelling in the legs, ankles, or feet:"
How many people are affected by monilethrix ?,The prevalence of monilethrix is unknown.,"Monilethrix is a rare genetic disorder that affects the formation of hair. The exact prevalence of monilethrix is not known, as it's considered quite uncommon. Estimates suggest that fewer than one in a million people may be affected. However, these numbers can vary based on different studies and populations. It's also important to note that the disease affects both males and females equally, and symptoms can manifest at any age. As always, it's best to consult with a healthcare professional or a reputable health organization for the most accurate and up-to-date information."
What are the symptoms of Angina ?,"Pain and discomfort are the main symptoms of angina. Angina often is described as pressure, squeezing, burning, or tightness in the chest. The pain or discomfort usually starts behind the breastbone.
                
Pain from angina also can occur in the arms, shoulders, neck, jaw, throat, or back. The pain may feel like indigestion. Some people say that angina pain is hard to describe or that they can't tell exactly where the pain is coming from.
                
Signs and symptoms such as nausea (feeling sick to your stomach), fatigue (tiredness), shortness of breath, sweating, light-headedness, and weakness also may occur.
                
Women are more likely to feel discomfort in the neck, jaw, throat, abdomen, or back. Shortness of breath is more common in older people and those who have diabetes. Weakness, dizziness, and confusion can mask the signs and symptoms of angina in elderly people.
                
Symptoms also vary based on the type of angina you have.
                
Because angina has so many possible symptoms and causes, all chest pain should be checked by a doctor. Chest pain that lasts longer than a few minutes and isn't relieved by rest or angina medicine may be a sign of a heart attack. Call 911 right away.
                
Stable Angina
                
The pain or discomfort:
                
Occurs when the heart must work harder, usually during physical exertion
                
Doesn't come as a surprise, and episodes of pain tend to be alike
                
Usually lasts a short time (5 minutes or less)
                
Is relieved by rest or medicine
                
May feel like gas or indigestion
                
May feel like chest pain that spreads to the arms, back, or other areas
                
Unstable Angina
                
The pain or discomfort:
                
Often occurs at rest, while sleeping at night, or with little physical exertion
                
Comes as a surprise
                
Is more severe and lasts longer than stable angina (as long as 30 minutes)
                
Usually isnt relieved by rest or medicine
                
May get worse over time
                
May mean that a heart attack will happen soon
                
Variant Angina
                
The pain or discomfort:
                
Usually occurs at rest and during the night or early morning hours
                
Tends to be severe
                
Is relieved by medicine
                
Microvascular Angina
                
The pain or discomfort:
                
May be more severe and last longer than other types of angina pain
                
May occur with shortness of breath, sleep problems, fatigue, and lack of energy
                
Often is first noticed during routine daily activities and times of mental stress","Angina is a type of chest pain or discomfort caused by an inadequate supply of oxygen-rich blood to your heart muscle. Here are some common symptoms of angina:

1. Chest Pain or Discomfort: The most common symptom is a feeling of pressure, tightness, burning, or squeezing in the center of the chest that lasts more than a few minutes. The pain may also feel like indigestion.

2. Discomfort in Other Areas of the Upper Body: In addition to the chest, angina can cause discomfort in the shoulders, arms, neck, jaw, or back.

3. Shortness of Breath: Angina can make you feel winded, short of breath, or as if you're unable to get enough air.

4. Cold Sweats or Clamminess: Sweating, particularly when the angina symptoms occur, is a common sign.

5. Nausea or Lightheadedness: Some people may feel dizzy or lightheaded, or experience nausea or vomiting, especially with severe angina.

6. Fatigue: Angina can make you tired and weak, even without exert"
What are the treatments for Dentinogenesis imperfecta ?,"How might dentinogenesis imperfecta be treated? The aims of treatment are to remove sources of infection or pain, restore aesthetics and protect posterior teeth from wear. Treatment varies according to the age of the patient, severity of the problem and the presenting complaint. Crowns, caps or other forms of dental care are the most commonly used treatments. Dentures or dental implants may be necessary if the majority of teeth are lost. More detailed information regarding the treatment of dentinogenesis imperfecta can be found by visiting the following web links: https://www.dentistry.unc.edu/dentalprofessionals/resources/defects/di/ http://www.ojrd.com/content/3/1/31","Dentinogenesis imperfecta (DI) is a genetic disorder that affects the development of tooth enamel and dentin, causing discolored and weakened teeth. While there's no cure for DI, treatment aims to manage the symptoms and prevent complications. Here are some common treatments:

1. Preventive Dentistry: Regular dental check-ups, cleanings, and fluoride treatments are essential to maintain oral health and prevent tooth decay in individuals with DI.

2. Restorative Dentistry: Since the teeth in DI are often damaged or discolored, various restorative dentistry procedures may be necessary, such as fillings, crowns, bridges, veneers, or implants to improve the appearance and functionality of the teeth.

3. Orthodontic Treatment: In some cases, orthodontic treatment like braces may be recommended to correct misaligned teeth and improve their function and appearance.

4. Cosmetic Dentistry: To enhance the aesthetic appeal of the teeth, cosmetic dentistry procedures such as tooth bonding, teeth whitening (though results may vary due to the inherent discoloration caused by DI), or porcelain"
How to diagnose Childhood Central Nervous System Germ Cell Tumors ?,"Imaging studies and tests are used to detect (find) and diagnose childhood CNS germ cell tumors. The following tests and procedures may be used:         -   Physical exam and history : An exam of the body to check general signs of health, including checking for signs of disease, such as lumps or anything else that seems unusual. A history of the patient's health habits and past illnesses and treatments will also be taken.     -   Neurological exam : A series of questions and tests to check the brain, spinal cord, and nerve function. The exam checks a persons mental status, coordination, and ability to walk normally, and how well the muscles, senses, and reflexes work. This may also be called a neuro exam or a neurologic exam.    -  Visual field exam: An exam to check a persons field of vision (the total area in which objects can be seen). This test measures both central vision (how much a person can see when looking straight ahead) and peripheral vision (how much a person can see in all other directions while staring straight ahead). The eyes are tested one at a time. The eye not being tested is covered.    -   MRI (magnetic resonance imaging) with gadolinium : A procedure that uses a magnet, radio waves, and a computer to make a series of detailed pictures of areas inside the brain and spinal cord. A substance called gadolinium is injected into a vein. The gadolinium collects around the cancer cells so they show up brighter in the picture. This procedure is also called nuclear magnetic resonance imaging (NMRI).     -   Lumbar puncture : A procedure used to collect cerebrospinal fluid (CSF) from the spinal column. This is done by placing a needle between two bones in the spine and into the CSF around the spinal cord and removing a sample of the fluid. The sample of CSF is checked under a microscope for signs of tumor cells. The sample may also be checked for the amounts of protein and glucose. A higher than normal amount of protein or lower than normal amount of glucose may be a sign of a tumor. This procedure is also called an LP or spinal tap.    -   Tumor marker tests : A procedure in which a sample of blood or cerebrospinal fluid (CSF) is checked to measure the amounts of certain substances released into the blood and CSF by organs, tissues, or tumor cells in the body. Certain substances are linked to specific types of cancer when found in increased levels in the blood. These are called tumor markers. The following tumor markers are used to diagnose some CNS germ cell tumors:               -  Alpha-fetoprotein (AFP).      -  Beta-human chorionic gonadotropin (-hCG).              -   Blood chemistry studies : A procedure in which a blood sample is checked to measure the amounts of certain substances released into the blood by organs and tissues in the body. An unusual (higher- or lower-than-normal) amount of a substance can be a sign of disease.    -  Blood hormone studies: A procedure in which a blood sample is checked to measure the amounts of certain hormones released into the blood by organs and tissues in the body. An unusual (higher- or lower-than-normal) amount of a substance can be a sign of disease in the organ or tissue that makes it. The blood will be checked for the levels of hormones made by the pituitary gland and other glands.
                    A biopsy may be done to be sure of the diagnosis of CNS germ cell tumor. If doctors think your child may have a CNS germ cell tumor, a biopsy may be done. For brain tumors, the biopsy is done by removing part of the skull and using a needle to remove a sample of tissue. Sometimes, a needle guided by a computer is used to remove the tissue sample. A pathologist views the tissue under a microscope to look for cancer cells. If cancer cells are found, the doctor may remove as much tumor as safely possible during the same surgery. The piece of skull is usually put back in place after the procedure.    Sometimes the diagnosis can be made based on the results of imaging and tumor marker tests and a biopsy is not needed.     The following test may be done on the sample of tissue that is removed:         -   Immunohistochemistry : A test that uses antibodies to check for certain antigens in a sample of tissue. The antibody is usually linked to a radioactive substance or a dye that causes the tissue to light up under a microscope. This type of test may be used to tell the difference between different types of brain tumors.","Diagnosing Childhood Central Nervous System (CNS) Germ Cell Tumors involves a series of steps, including:

1. Medical History: The doctor will ask about the child's symptoms, medical history, and family medical history.

2. Physical Examination: A physical examination is performed to check for any signs of neurological problems such as balance issues, vision problems, or speech difficulties.

3. Imaging Tests: Various imaging tests are used to visualize the tumor. These may include:
   - MRI (Magnetic Resonance Imaging): This test uses a strong magnetic field and radio waves to produce detailed images of the brain and spinal cord.
   - CT Scan (Computed Tomography): This scan uses X-rays to create detailed cross-sectional images of the body, including the head.
   - Angiogram: This is an X-ray test that helps to visualize blood vessels in the brain.

4. Lumbar Puncture (Spinal Tap): A small amount of cerebrospinal fluid (CSF) is removed from the spinal canal for testing. This can help determine if cancer cells"
Is Aicardi-Goutieres syndrome inherited ?,"Aicardi-Goutieres syndrome can have different inheritance patterns. In most cases it is inherited in an autosomal recessive pattern, which means both copies of the gene in each cell have mutations. The parents of an individual with an autosomal recessive condition each carry one copy of the mutated gene, but they typically do not show signs and symptoms of the condition.  Rarely, this condition is inherited in an autosomal dominant pattern, which means one copy of the altered gene in each cell is sufficient to cause the disorder. These cases result from new mutations in the gene and occur in people with no history of the disorder in their family.","Yes, Aicardi-Goutières syndrome (AGS) is typically inherited in an autosomal recessive manner. This means that a child must inherit two copies of the mutated gene, one from each parent, to develop the condition. However, about 40% of cases are caused by new (de novo) mutations, which occur spontaneously during the development of the egg or sperm cell, and are not inherited from the parents. It is also important to note that in some families, AGS can appear sporadically even without a clear pattern of inheritance."
What are the symptoms of Insulin Resistance and Prediabetes ?,"Insulin resistance and prediabetes usually have no symptoms. People may have one or both conditions for several years without knowing they have them. Even without symptoms, health care providers can identify people at high risk by their physical characteristics, also known as risk factors. The section ""Who should be tested for prediabetes?"" lists these risk factors.
                
People with a severe form of insulin resistance may have dark patches of skin, usually on the back of the neck. Sometimes people have a dark ring around their neck. Dark patches may also appear on elbows, knees, knuckles, and armpits. This condition is called acanthosis nigricans.","Insulin resistance and prediabetes are related conditions that often overlap in their symptoms. Here are some common symptoms for both:

1. High blood sugar (glucose) levels: This is one of the most significant symptoms. Your doctor may use a fasting blood glucose test, oral glucose tolerance test, or Hemoglobin A1C test to confirm this. Normal fasting blood glucose levels are less than 100 mg/dL.

2. Increased thirst and urination: As your body tries to get rid of the excess sugar in your blood, you may find yourself drinking more fluids and urinating more frequently.

3. Increased hunger: Despite eating, you might feel constantly hungry due to your body's inability to effectively use insulin to convert sugar into energy.

4. Fatigue: The high levels of sugar in your blood can lead to fatigue and weakness.

5. Blurred vision: High blood sugar can affect the lens of your eye, causing blurry vision that may be temporary if blood sugar levels are managed effectively.

6. Slow healing of cuts or wounds: High blood sugar can inhibit the"
How to prevent Prostate Cancer ?,"Key Points
                    - Avoiding risk factors and increasing protective factors may help prevent cancer.    - The following risk factors may increase the risk of prostate cancer:         - Age      - Family history of prostate cancer      - Race      - Hormones     - Vitamin E     - Folic acid     - Dairy and calcium        - The following protective factors may decrease the risk of prostate cancer:         - Folate     - Finasteride and Dutasteride        - The following have been proven not to affect the risk of prostate cancer, or their effects on prostate cancer risk are not known:         -  Selenium and vitamin E     - Diet     - Multivitamins     - Lycopene        - Cancer prevention clinical trials are used to study ways to prevent cancer.    -  New ways to prevent prostate cancer are being studied in clinical trials.
                
                
                    Avoiding risk factors and increasing protective factors may help prevent cancer.
                    Avoiding cancer risk factors may help prevent certain cancers. Risk factors include smoking, being overweight, and not getting enough exercise. Increasing protective factors such as quitting smoking and exercising may also help prevent some cancers. Talk to your doctor or other health care professional about how you might lower your risk of cancer.
                
                
                    The following risk factors may increase the risk of prostate cancer:
                    Age      Prostate cancer is rare in men younger than 50 years of age. The chance of developing prostate cancer increases as men get older.       Family history of prostate cancer     A man whose father, brother, or son has had prostate cancer has a higher-than-average risk of prostate cancer.       Race     Prostate cancer occurs more often in African-American men than in white men. African-American men with prostate cancer are more likely to die from the disease than white men with prostate cancer.       Hormones    The prostate needs male hormones to work the way it should. The main male sex hormone is testosterone. Testosterone helps the body develop and maintain male sex characteristics.    Testosterone is changed into dihydrotestosterone (DHT) by an enzyme in the body. DHT is important for normal prostate growth but can also cause the prostate to get bigger and may play a part in the development of prostate cancer.       Vitamin E    The Selenium and Vitamin E Cancer Prevention Trial (SELECT) found that vitamin E taken alone increased the risk of prostate cancer. The risk continued even after the men stopped taking vitamin E.       Folic acid    Folate is a kind of vitamin B that occurs naturally in some foods, such as green vegetables, beans and orange juice. Folic acid is a man-made form of folate that is found in vitamin supplements and fortified foods, such as whole-grain breads and cereals. A 10-year study showed that the risk of prostate cancer was increased in men who took 1 milligram (mg) supplements of folic acid. However, the risk of prostate cancer was lower in men who had enough folate in their diets.       Dairy and calcium    A diet high in dairy foods and calcium may cause a small increase in the risk of prostate cancer.
                
                
                    The following protective factors may decrease the risk of prostate cancer:
                    Folate    Folate is a kind of vitamin B that occurs naturally in some foods, such as green vegetables, beans and orange juice. Folic acid is a man-made form of folate that is found in vitamin supplements and fortified foods, such as whole-grain breads and cereals. A 10-year study showed that the risk of prostate cancer was lower in men who had enough folate in their diets. However, the risk of prostate cancer was increased in men who took 1 milligram (mg) supplements of folic acid.       Finasteride and Dutasteride     Finasteride and dutasteride are drugs used to lower the amount of male sex hormones made by the body. These drugs block the enzyme that changes testosterone into dihydrotestosterone (DHT). Higher than normal levels of DHT may play a part in developing prostate cancer. Taking finasteride or dutasteride has been shown to lower the risk for prostate cancer, but it is not known if these drugs lower the risk of death from prostate cancer.    The Prostate Cancer Prevention Trial (PCPT) studied whether the drug finasteride can prevent prostate cancer in healthy men 55 years of age and older. This prevention study showed there were fewer prostate cancers in the group of men that took finasteride compared with the group of men that did not. Also, the men who took finasteride who did have prostate cancer had more aggressive tumors. The number of deaths from prostate cancer was the same in both groups. Men who took finasteride reported more side effects compared with the group of men that did not, including erectile dysfunction, loss of desire for sex, and enlarged breasts.    The Reduction by Dutasteride of Prostate Cancer Events Trial (REDUCE) studied whether the drug dutasteride can prevent prostate cancer in men aged 50 to 75 years at higher risk for the disease. This prevention study showed there were fewer prostate cancers in the group of men who took dutasteride compared with the group of men that did not. The number of less aggressive prostate cancers was lower, but the number of more aggressive prostate cancers was not. Men who took dutasteride reported more side effects than men who did not, including erectile dysfunction, loss of desire for sex, less semen, and gynecomastia (enlarged breasts).
                
                
                    The following have been proven not to affect the risk of prostate cancer, or their effects on prostate cancer risk are not known:
                    Selenium and vitamin E    The Selenium and Vitamin E Cancer Prevention Trial (SELECT) studied whether taking vitamin E and selenium (a mineral) will prevent prostate cancer. The selenium and vitamin E were taken separately or together by healthy men 55 years of age and older (50 years of age and older for African-American men). The study showed that taking selenium alone or selenium and vitamin E together did not decrease the risk of prostate cancer.       Diet    It is not known if decreasing fat or increasing fruits and vegetables in the diet helps decrease the risk of prostate cancer or death from prostate cancer. In the PCPT trial, certain fatty acids increased the risk of high-grade prostate cancer while others decreased the risk of high-grade prostate cancer.       Multivitamins    Regular use of multivitamins has not been proven to increase the risk of early or localized prostate cancer. However, a large study showed an increased risk of advanced prostate cancer among men who took multivitamins more than seven times a week.       Lycopene    Some studies have shown that a diet high in lycopene may be linked to a decreased risk of prostate cancer, but other studies have not. It has not been proven that taking lycopene supplements decreases the risk of prostate cancer.
                
                
                    Cancer prevention clinical trials are used to study ways to prevent cancer.
                    Cancer prevention clinical trials are used to study ways to lower the risk of developing certain types of cancer. Some cancer prevention trials are conducted with healthy people who have not had cancer but who have an increased risk for cancer. Other prevention trials are conducted with people who have had cancer and are trying to prevent another cancer of the same type or to lower their chance of developing a new type of cancer. Other trials are done with healthy volunteers who are not known to have any risk factors for cancer.    The purpose of some cancer prevention clinical trials is to find out whether actions people take can prevent cancer. These may include eating fruits and vegetables, exercising, quitting smoking, or taking certain medicines, vitamins, minerals, or food supplements.
                
                
                    New ways to prevent prostate cancer are being studied in clinical trials.
                    Clinical trials are taking place in many parts of the country. Information about clinical trials can be found in the Clinical Trials section of the NCI website. Check NCI's list of cancer clinical trials for prostate cancer prevention trials that are accepting patients.","Preventing prostate cancer is a complex task as the exact causes are still not fully understood. However, research suggests that maintaining a healthy lifestyle can help reduce the risk of developing prostate cancer or potentially slow its progression if it does occur. Here are some strategies:

1. Healthy Diet: Consuming a diet rich in fruits, vegetables, lean proteins, and whole grains while limiting red meat, processed foods, and high-fat dairy products may lower the risk.

2. Regular Exercise: Engaging in regular physical activity can help maintain a healthy weight, which is associated with a lower risk of prostate cancer. Aim for at least 30 minutes of moderate exercise most days of the week.

3. Limit Alcohol Consumption: Limiting alcohol intake may decrease the risk of developing prostate cancer. It's recommended to have no more than two drinks per day.

4. Maintain a Healthy Weight: Being overweight or obese increases the risk of advanced and aggressive prostate cancer. Aim for a healthy BMI (Body Mass Index) through diet and exercise.

5. Regular Check-ups: Regular check-ups, especially after"
What is (are) spinal muscular atrophy with respiratory distress type 1 ?,"Spinal muscular atrophy with respiratory distress type 1 (SMARD1) is an inherited condition that causes muscle weakness and respiratory failure typically beginning in infancy. Early features of this condition are difficult and noisy breathing, especially when inhaling; a weak cry; problems feeding; and recurrent episodes of pneumonia. Typically between the ages of 6 weeks and 6 months, infants with this condition will experience a sudden inability to breathe due to paralysis of the muscle that separates the abdomen from the chest cavity (the diaphragm). Normally, the diaphragm contracts and moves downward during inhalation to allow the lungs to expand. With diaphragm paralysis, affected individuals require life-long support with a machine to help them breathe (mechanical ventilation). Rarely, children with SMARD1 develop signs or symptoms of the disorder later in childhood.  Soon after respiratory failure occurs, individuals with SMARD1 develop muscle weakness in their distal muscles. These are the muscles farther from the center of the body, such as muscles in the hands and feet. The weakness soon spreads to all muscles; however, within 2 years, the muscle weakness typically stops getting worse. Some individuals may retain a low level of muscle function, while others lose all ability to move their muscles. Muscle weakness severely impairs motor development, such as sitting, standing, and walking. Some affected children develop an abnormal side-to-side and back-to-front curvature of the spine (scoliosis and kyphosis, often called kyphoscoliosis when they occur together). After approximately the first year of life, individuals with SMARD1 may lose their deep tendon reflexes, such as the reflex being tested when a doctor taps the knee with a hammer.  Other features of SMARD1 can include reduced pain sensitivity, excessive sweating (hyperhidrosis), loss of bladder and bowel control, and an irregular heartbeat (arrhythmia).","Spinal Muscular Atrophy with Respiratory Distress Type 1 (SMA Type 1), also known as Werdnig-Hoffmann disease, is the most severe form of Spinal Muscular Atrophy (SMA). It is a genetic neuromuscular disorder that affects motor neurons in the spinal cord and brainstem.

Characteristics of SMA Type 1 include:

1. Onset before 6 months of age: Affected infants typically show symptoms such as poor head control, weak muscle tone (hypotonia), and difficulty swallowing (dysphagia) within the first few months of life.
2. Rapid progression: SMA Type 1 progresses rapidly, leading to significant weakness in the limbs, trunk, and intercostal muscles that assist with breathing. Most infants with this condition require ventilatory support by 6 months of age due to respiratory failure.
3. Severe disability: Due to the rapid progression and extensive muscle involvement, individuals with SMA Type 1 often have limited mobility and difficulty performing basic functions like swallowing, speaking, and breathing without assistance.
4. Short"
Is myoclonic epilepsy with ragged-red fibers inherited ?,"MERRF is inherited in a mitochondrial pattern, which is also known as maternal inheritance. This pattern of inheritance applies to genes contained in mtDNA. Because egg cells, but not sperm cells, contribute mitochondria to the developing embryo, children can only inherit disorders resulting from mtDNA mutations from their mother. These disorders can appear in every generation of a family and can affect both males and females, but fathers do not pass traits associated with changes in mtDNA to their children.  In most cases, people with MERRF inherit an altered mitochondrial gene from their mother, who may or may not show symptoms of the disorder. Less commonly, the disorder results from a new mutation in a mitochondrial gene and occurs in people with no family history of MERRF.","Yes, Myoclonic Epilepsy with Ragged-Red Fibers (MERRF) is an inheritable mitochondrial disorder. It's typically caused by a mutation in the MT-TA gene found within the mitochondrial DNA (mtDNA). The condition is often inherited in a maternal pattern, as the mother's egg cells contain large amounts of mtDNA compared to other cell types. However, it can also occur sporadically due to new mutations. It's important to note that inheritance patterns and symptoms can vary widely among affected individuals."
What is (are) MYH-associated polyposis ?,"MYH-associated polyposis is an inherited condition characterized by the development of multiple adenomatous colon polyps and an increased risk of colorectal cancer. This condition, a milder form of familial adenomatous polyposis (FAP), is sometimes called autosomal recessive familial adenomatous polyposis because it is inherited in an autosomal recessive manner. People with this condition have fewer polyps than those with the classic type of FAP; fewer than 100 polyps typically develop, rather than hundreds or thousands. They may also be at increased risk for upper gastrointestinal polyps. MYH-associated polyposis is caused by mutations in the MYH gene.","MYH-Associated Polyposis (MAP) is a rare autosomal recessive inherited colon cancer syndrome. It's characterized by the development of numerous adenomas and carcinomas in the large intestine at an early age. The condition is caused by mutations in the MSH2, MSH6, or MLH1 genes, which are responsible for DNA mismatch repair. MAP has three subtypes: MUTYH-polyposis (MP), MSH2-associated polyposis (MSH2-AP), and MSH6-associated polyposis (MSH6-AP). The most common form is MUTYH-polyposis, which is caused by mutations in the MUTYH gene. Early and regular colonoscopies are recommended for individuals with MAP to prevent colon cancer."
What is (are) methylmalonic acidemia with homocystinuria ?,"Methylmalonic acidemia with homocystinuria is an inherited disorder in which the body is unable to properly process protein building blocks (amino acids), certain fats (lipids), and a waxy fat-like substance called cholesterol. Individuals with this disorder have a combination of features from two separate conditions, methylmalonic acidemia and homocystinuria. The signs and symptoms of the combined condition, methylmalonic acidemia with homocystinuria, usually develop in infancy, although they can begin at any age.  When the condition begins early in life, affected individuals typically have an inability to grow and gain weight at the expected rate (failure to thrive), which is sometimes recognized before birth (intrauterine growth retardation). These infants can also have difficulty feeding and an abnormally pale appearance (pallor). Neurological problems are also common in methylmalonic acidemia with homocystinuria, including weak muscle tone (hypotonia) and seizures. Most infants and children with this condition have an unusually small head size (microcephaly), delayed development, and intellectual disability. Less common features of the condition include eye problems and a blood disorder called megaloblastic anemia. Megaloblastic anemia occurs when a person has a low number of red blood cells (anemia), and the remaining red blood cells are larger than normal (megaloblastic). The signs and symptoms of methylmalonic acidemia with homocystinuria worsen over time, and the condition can be life-threatening if not treated.  When methylmalonic acidemia with homocystinuria begins in adolescence or adulthood, the signs and symptoms usually include psychiatric changes and cognitive problems. Affected individuals can exhibit changes in their behavior and personality; they may become less social and may experience hallucinations, delirium, and psychosis. In addition, these individuals can begin to lose previously acquired mental and movement abilities, resulting in a decline in school or work performance, difficulty controlling movements, memory problems, speech difficulties, a decline in intellectual function (dementia), or an extreme lack of energy (lethargy). Some people with methylmalonic acidemia with homocystinuria whose signs and symptoms begin later in life develop a condition called subacute combined degeneration of the spinal cord, which leads to numbness and weakness in the lower limbs, difficulty walking, and frequent falls.","Methylmalonic acidemia (MMA) and Homocystinuria are both inherited metabolic disorders that affect the body's ability to break down certain proteins, fats, and sugars in food. They belong to a group of conditions called organic acidemias and are caused by a deficiency or absence of specific enzymes needed for normal metabolism.

1. Methylmalonic Acidemia (MMA)
MMA is a condition that impairs the body's ability to process certain proteins, fats, and sugars in food. It prevents the proper formation of methylmalonyl-CoA, an essential compound for energy production and normal growth and development. Symptoms include poor feeding, vomiting, delayed development, weak muscle tone, and metabolic acidosis.

2. Homocystinuria
Homocystinuria is a disorder that causes an excess of the amino acid homocysteine to accumulate in the body. This buildup can lead to several health problems, such as dislocation of the lens in the eye (resulting in visual impairment), abnormal blood clotting"
Is 3-beta-hydroxysteroid dehydrogenase deficiency inherited ?,"This condition is inherited in an autosomal recessive pattern, which means both copies of the gene in each cell have mutations. The parents of an individual with an autosomal recessive condition each carry one copy of the mutated gene, but they typically do not show signs and symptoms of the condition.","Yes, 3-beta-hydroxysteroid dehydrogenase deficiency (3β-HSD deficiency) is an inherited disorder. It's caused by mutations in the HSD3B2 gene, which is passed down through families. The condition is autosomal recessive, meaning that a child must inherit two copies of the mutated gene, one from each parent, to develop the disease. However, carriers of one copy of the mutated gene (heterozygotes) generally do not show symptoms themselves."
What is (are) Porphyria ?,"Heme is a red pigment composed of iron linked to a chemical called protoporphyrin. Heme has important functions in the body. The largest amounts of heme are in the form of hemoglobin, found in red blood cells and bone marrow. Hemoglobin carries oxygen from the lungs to all parts of the body. In the liver, heme is a component of proteins that break down hormones, medications, and other chemicals and keep liver cells functioning normally. Heme is an important part of nearly every cell in the body.","Porphyria refers to a group of rare genetic disorders that affect the production and metabolism of heme, a vital component of hemoglobin in red blood cells. Heme is also essential for many other functions in the body, including the functioning of certain enzymes.

There are several types of porphyria, but the most common ones include:

1. Acute intermittent porphyria (AIP): This type can cause abdominal pain, constipation, muscle weakness, and neurological symptoms such as seizures and psychosis during attacks.
2. Variegate porphyria (VP): This type is characterized by photosensitivity (sunlight-induced skin reactions) and abdominal symptoms similar to AIP.
3. Hereditary coproporphyria (HC): This form of porphyria can cause severe abdominal pain, constipation, and neurological problems, including paralysis and psychosis.
4. Porphyria cutanea tarda (PCT): PCT primarily affects the skin, causing blistering and scarring, particularly on sun-exposed areas. Alcohol consumption, iron overload"
What is (are) warfarin resistance ?,"Warfarin resistance is a condition in which individuals have a high tolerance for the drug warfarin. Warfarin is an anticoagulant, which means that it thins the blood, preventing blood clots from forming. Warfarin is often prescribed to prevent blood clots in people with heart valve disease who have replacement heart valves, people with an irregular heart beat (atrial fibrillation), or those with a history of heart attack, stroke, or a prior blood clot in the deep veins of the arms or legs (deep vein thrombosis).  There are two types of warfarin resistance: incomplete and complete. Those with incomplete warfarin resistance can achieve the benefits of warfarin treatment with a high dose of warfarin. Individuals with complete warfarin resistance do not respond to warfarin treatment, no matter how high the dose. If people with warfarin resistance require treatment with warfarin and take the average dose, they will remain at risk of developing a potentially harmful blood clot.  Both types of warfarin resistance are related to how the body processes warfarin. In some people with warfarin resistance, their blood clotting process does not react effectively to the drug. Others with this resistance rapidly break down (metabolize) warfarin, so the medication is quickly processed by their bodies; these individuals are classified as ""fast metabolizers"" or ""rapid metabolizers"" of warfarin. The severity of these abnormal processes determines whether the warfarin resistance is complete or incomplete.  Warfarin resistance does not appear to cause any health problems other than those associated with warfarin drug treatment.","Warfarin resistance refers to a situation where a patient taking the anticoagulant medication warfarin does not respond as expected, meaning that the intended level of blood thinning effect is not achieved or maintained. This can occur due to several reasons:

1. Genetic factors: Some individuals may have genetic variations in genes involved in vitamin K metabolism (such as CYP2C9 and VKORC1) which affect how they respond to warfarin. These variations can lead to either a reduced or increased response to the medication.

2. Drug interactions: Warfarin's effectiveness can be influenced by other medications, supplements, or foods that interfere with its metabolism or action. For example, vitamin K-rich foods, antibiotics, and certain herbal remedies can reduce warfarin's efficacy.

3. Comorbidities: Other medical conditions, such as liver or kidney disease, can affect warfarin metabolism and lead to resistance.

4. Non-compliance: In some cases, warfarin resistance may be caused by poor adherence to the prescribed dosage regimen."
What are the genetic changes related to dentinogenesis imperfecta ?,"Mutations in the DSPP gene have been identified in people with dentinogenesis imperfecta type II and type III. Mutations in this gene are also responsible for dentin dysplasia type II. Dentinogenesis imperfecta type I occurs as part of osteogenesis imperfecta, which is caused by mutations in one of several other genes (most often the COL1A1 or COL1A2 genes).  The DSPP gene provides instructions for making two proteins that are essential for normal tooth development. These proteins are involved in the formation of dentin, which is a bone-like substance that makes up the protective middle layer of each tooth. DSPP gene mutations alter the proteins made from the gene, leading to the production of abnormally soft dentin. Teeth with defective dentin are discolored, weak, and more likely to decay and break. It is unclear whether DSPP gene mutations are related to the hearing loss found in a few older individuals with dentinogenesis imperfecta type II.","Dentinogenesis imperfecta (DI) is a group of hereditary conditions characterized by abnormal tooth development, leading to teeth that are discolored, brittle, and susceptible to premature wear and fracture. The genetic changes associated with different types of DI are as follows:

1. DI type I: This form of DI is caused by mutations in the COL1A1 gene, which encodes type I collagen, a major structural protein found in dentin, bone, and other tissues. Mutations in this gene can result in abnormal tooth development due to altered collagen production or structure.

2. DI type II: This form of DI is caused by mutations in the COL1A2 gene, which also encodes type I collagen but a different chain compared to COL1A1. Similar to type I DI, these mutations can lead to abnormal tooth development and discoloration.

3. DI type III: This form of DI is less common and can be caused by various genetic changes in genes related to dentin formation. Some cases have been linked to mutations in the SCL7A2 gene, which encodes an enzyme involved in the synthesis of"
What are the symptoms of 18 Hydroxylase deficiency ?,"What are the signs and symptoms of 18 Hydroxylase deficiency? The Human Phenotype Ontology provides the following list of signs and symptoms for 18 Hydroxylase deficiency. If the information is available, the table below includes how often the symptom is seen in people with this condition. You can use the MedlinePlus Medical Dictionary to look up the definitions for these medical terms. Signs and Symptoms Approximate number of patients (when available) Autosomal recessive inheritance - Decreased circulating aldosterone level - Dehydration - Episodic fever - Failure to thrive - Feeding difficulties in infancy - Growth delay - Hyperkalemia - Hyponatremia - Hypotension - Increased circulating renin level - Neonatal onset - Renal salt wasting - Vomiting - The Human Phenotype Ontology (HPO) has collected information on how often a sign or symptom occurs in a condition. Much of this information comes from Orphanet, a European rare disease database. The frequency of a sign or symptom is usually listed as a rough estimate of the percentage of patients who have that feature. The frequency may also be listed as a fraction. The first number of the fraction is how many people had the symptom, and the second number is the total number of people who were examined in one study. For example, a frequency of 25/25 means that in a study of 25 people all patients were found to have that symptom. Because these frequencies are based on a specific study, the fractions may be different if another group of patients are examined. Sometimes, no information on frequency is available. In these cases, the sign or symptom may be rare or common.","Congenital Adrenal Hyperplasia (CAH) due to 21-hydroxylase deficiency is a common form of this condition. However, I'll focus on 18 hydroxylase deficiency which is less common.

18-hydroxylation is an early step in the synthesis of cortisol and aldosterone, two vital steroid hormones. A deficiency in the enzyme that performs this function (18- hydroxylase) can lead to a group of disorders called Adrenocortical Insufficiency or Congenital Lipid Adrenal Hyperplasia (CLAH).

Symptoms may vary depending on the severity but can include:

1. Salt loss and low sodium levels in the body (hyponatremia) due to insufficient aldosterone production.
2. Low blood sugar or hypoglycemia due to an absence of cortisol, which helps regulate glucose metabolism.
3. Fatigue, weakness, and low energy levels due to the effects of hypoglycemia and adrenocortical insufficiency"
What is (are) Nonalcoholic steatohepatitis ?,"Nonalcoholic steatohepatitis, or NASH, is a common, often silent liver disease. It resembles alcoholic liver disease, but occurs in people who drink little or no alcohol. The major feature in NASH is fat in the liver, along with inflammation and damage. Most people with NASH feel well and are not aware that they have a liver problem. Nevertheless, NASH can be severe and can lead to cirrhosis, in which the liver is permanently damaged and scarred and no longer able to work properly. NASH most often occurs in people who are middle aged and overweight or obese. Affected individuals may also have elevated levels of blood lipids (such as cholesterol and triglycerides) and many have diabetes or prediabetes. Treatment is centered around working towards a healthy lifestyle, including weight reduction, dietary modification, increased activity and avoidance of alcohol and unnecessary medications. The underlying cause of NASH remains unclear.","Nonalcoholic steatohepatitis (NASH) is a chronic liver disease characterized by the accumulation of fat in liver cells (steatosis), inflammation, and damage to liver cells. Unlike alcoholic liver disease, NASH occurs in individuals who drink little or no alcohol.

The causes of NASH are not fully understood, but it is often associated with metabolic syndrome, obesity, insulin resistance, and type 2 diabetes. The disease can lead to fibrosis (scarring) of the liver, cirrhosis, and even liver cancer if left untreated.

NASH is becoming an increasingly common health concern due to rising rates of obesity and metabolic syndrome worldwide. It is important for individuals at risk to maintain a healthy lifestyle, including a balanced diet and regular exercise, to help prevent or manage NASH."
What are the genetic changes related to cystinuria ?,"Mutations in the SLC3A1 or SLC7A9 gene cause cystinuria. The SLC3A1 and SLC7A9 genes provide instructions for making the two parts (subunits) of a protein complex that is primarily found in the kidneys. Normally this protein complex controls the reabsorption of certain amino acids, including cystine, into the blood from the filtered fluid that will become urine. Mutations in either the SLC3A1 gene or SLC7A9 gene disrupt the ability of the protein complex to reabsorb amino acids, which causes the amino acids to become concentrated in the urine. As the levels of cystine in the urine increase, the crystals typical of cystinuria form. The other amino acids that are reabsorbed by the protein complex do not create crystals when they accumulate in the urine.","Cystinuria is an inherited disorder characterized by an abnormal accumulation of the amino acids cystine, lysine, arginine, and ornithine in the urine, leading to the formation of cystine stones in the kidneys, ureters, and bladder. The condition is caused by mutations in the SLC3A1 (type II cystinuria) or SLC7A9 (type I cystinuria) genes, which encode the two subunits of the heterodimeric membrane transport protein called the rBAT/b0at complex. This complex is responsible for reabsorbing certain amino acids, including cystine, from the filtrate in the proximal tubules of the kidneys back into the bloodstream.

Mutations in either SLC3A1 or SLC7A9 can result in decreased function or absence of the rBAT/b0at complex, leading to increased urinary excretion of cystine and a higher risk of stone formation. The specific genetic changes associated with cystinuria include missense mutations, deletions, insertions, and"
What are the symptoms of Charcot-Marie-Tooth disease type 1F ?,"What are the signs and symptoms of Charcot-Marie-Tooth disease type 1F? The Human Phenotype Ontology provides the following list of signs and symptoms for Charcot-Marie-Tooth disease type 1F. If the information is available, the table below includes how often the symptom is seen in people with this condition. You can use the MedlinePlus Medical Dictionary to look up the definitions for these medical terms. Signs and Symptoms Approximate number of patients (when available) Areflexia - Autosomal dominant inheritance - Autosomal recessive inheritance - Clusters of axonal regeneration - Decreased motor nerve conduction velocity - Decreased number of peripheral myelinated nerve fibers - Distal amyotrophy - Distal muscle weakness - Distal sensory impairment - Hyporeflexia - Juvenile onset - Motor delay - Myelin outfoldings - Onion bulb formation - Pes cavus - Segmental peripheral demyelination/remyelination - Variable expressivity - The Human Phenotype Ontology (HPO) has collected information on how often a sign or symptom occurs in a condition. Much of this information comes from Orphanet, a European rare disease database. The frequency of a sign or symptom is usually listed as a rough estimate of the percentage of patients who have that feature. The frequency may also be listed as a fraction. The first number of the fraction is how many people had the symptom, and the second number is the total number of people who were examined in one study. For example, a frequency of 25/25 means that in a study of 25 people all patients were found to have that symptom. Because these frequencies are based on a specific study, the fractions may be different if another group of patients are examined. Sometimes, no information on frequency is available. In these cases, the sign or symptom may be rare or common.","Charcot-Marie-Tooth Disease (CMT) Type 1F is a hereditary peripheral neuropathy, and its symptoms can vary from person to person. Here are some common symptoms:

1. Foot deformities: This includes high arches, hammertoes, or claw toes. The feet might also be flatter than usual.

2. Lower limb weakness: Symptoms often begin in the lower legs and feet, causing muscle wasting (atrophy) and weakness.

3. Sensory loss: Numbness, tingling, or reduced sensation in the feet can occur early on. As the disease progresses, these sensory symptoms may spread to the hands and arms.

4. Walking difficulties: People with CMT Type 1F might have a waddling gait, foot drop (difficulty lifting the front part of the foot), or have problems with balance and coordination.

5. Cold sensitivity: Some individuals may experience increased sensitivity to cold temperatures, which can exacerbate symptoms temporarily.

6. Hearing loss: This is a less common symptom but can occur due to damage to the"
How to diagnose Parasites - Schistosomiasis ?,"Stool or urine samples can be examined microscopically for parasite eggs (stool for S. mansoni or S. japonicum eggs and urine for S. haematobium eggs). The eggs tend to be passed intermittently and in small amounts and may not be detected, so it may be necessary to perform a blood (serologic) test.
    
More on: Resources for Health Professionals: Diagnosis","Diagnosing Schistosomiasis, also known as bilharzia, involves a combination of clinical evaluation, medical history, and laboratory tests. Here's a general outline of the diagnostic process:

1. Medical History: The healthcare provider will ask about symptoms, travel history (especially to areas where schistosomiasis is common), occupational history (such as farming or fishing), and any recent water contact.

2. Physical Examination: Depending on the symptoms, a physical examination may be conducted to look for signs such as rashes, enlarged liver, and abdominal tenderness. In later stages, genital organ involvement might also be examined.

3. Urine and Stool Tests: These tests can detect eggs of Schistosoma species in the urine (for urinary schistosomiasis) or stool (for intestinal schistosomiasis). However, these tests may not always detect early infections because the parasite's eggs are not always present in urine or stool.

4. Blood Tests: These tests can detect antibodies produced by the immune system in response to the infection, even if no eggs are present"
What is (are) glycogen storage disease type IX ?,"Glycogen storage disease type IX (also known as GSD IX) is a condition caused by the inability to break down a complex sugar called glycogen. The different forms of the condition can affect glycogen breakdown in liver cells or muscle cells or sometimes both. A lack of glycogen breakdown interferes with the normal function of the affected tissue.  When GSD IX affects the liver, the signs and symptoms typically begin in early childhood. The initial features are usually an enlarged liver (hepatomegaly) and slow growth. Affected children are often shorter than normal. During prolonged periods without food (fasting), affected individuals may have low blood sugar (hypoglycemia) or elevated levels of ketones in the blood (ketosis). Ketones are molecules produced during the breakdown of fats, which occurs when stored sugars are unavailable. Affected children may have delayed development of motor skills, such as sitting, standing, or walking, and some have mild muscle weakness. Puberty is delayed in some adolescents with GSD IX. In the form of the condition that affects the liver, the signs and symptoms usually improve with age. Typically, individuals catch up developmentally, and adults reach normal height. However, some affected individuals have a buildup of scar tissue (fibrosis) in the liver, which can rarely progress to irreversible liver disease (cirrhosis).  GSD IX can affect muscle tissue, although this form of the condition is very rare and not well understood. The features of this form of the condition can appear anytime from childhood to adulthood. Affected individuals may experience fatigue, muscle pain, and cramps, especially during exercise (exercise intolerance). Most affected individuals have muscle weakness that worsens over time. GSD IX can cause myoglobinuria, which occurs when muscle tissue breaks down abnormally and releases a protein called myoglobin that is excreted in the urine. Myoglobinuria can cause the urine to be red or brown.  In a small number of people with GSD IX, the liver and muscles are both affected. These individuals develop a combination of the features described above, although the muscle problems are usually mild.","Glycogen Storage Disease Type IX, also known as von Gierke's disease, is a rare genetic disorder that affects the body's ability to metabolize sugar. Specifically, it is caused by a deficiency of the enzyme glucose-6-phosphatase, which is essential for breaking down glycogen (stored carbohydrates) into glucose (blood sugar).

Individuals with this disease have an accumulation of glycogen in the liver cells and a lack of available glucose in the blood. This can lead to symptoms such as:

1. Hypoglycemia (low blood sugar) due to the body's inability to produce sufficient glucose from stored glycogen.
2. Enlarged liver due to the accumulation of excess glycogen.
3. Developmental delays, growth retardation, and intellectual disability due to the lack of glucose as a primary energy source for the brain.
4. Increased levels of lactic acid in the blood (lactic acidosis), which can lead to complications such as muscle weakness, nause"
What is (are) C3 glomerulopathy ?,"C3 glomerulopathy is a group of related conditions that cause the kidneys to malfunction. The major features of C3 glomerulopathy include high levels of protein in the urine (proteinuria), blood in the urine (hematuria), reduced amounts of urine, low levels of protein in the blood, and swelling in many areas of the body. Affected individuals may have particularly low levels of a protein called complement component 3 (or C3) in the blood.  The kidney problems associated with C3 glomerulopathy tend to worsen over time. About half of affected individuals develop end-stage renal disease (ESRD) within 10 years after their diagnosis. ESRD is a life-threatening condition that prevents the kidneys from filtering fluids and waste products from the body effectively.  Researchers have identified two major forms of C3 glomerulopathy: dense deposit disease and C3 glomerulonephritis. Although the two disorders cause similar kidney problems, the features of dense deposit disease tend to appear earlier than those of C3 glomerulonephritis, usually in adolescence. However, the signs and symptoms of either disease may not begin until adulthood.  One of the two forms of C3 glomerulopathy, dense deposit disease, can also be associated with other conditions unrelated to kidney function. For example, people with dense deposit disease may have acquired partial lipodystrophy, a condition characterized by a lack of fatty (adipose) tissue under the skin in the upper part of the body. Additionally, some people with dense deposit disease develop a buildup of yellowish deposits called drusen in the light-sensitive tissue at the back of the eye (the retina). These deposits usually appear in childhood or adolescence and can cause vision problems later in life.","C3 Glomerulopathy is a group of rare kidney diseases characterized by the deposition and activation of the complement protein C3 in the glomeruli, which are the tiny filtering units within the kidneys. There are two main types of C3 Glomerulopathy: C3 glomerulonephritis (C3GN) and dense deposit disease (DDD).

1. C3 glomerulonephritis (C3GN): This is a more common form of C3 Glomerulopathy. It's characterized by the deposition of C3 in the glomeruli, along with various immune complexes and activation of the complement system, leading to inflammation and damage to the kidneys.

2. Dense deposit disease (DDD): This is a less common but more severe form of C3 Glomerulopathy. It's characterized by the deposition of large, dense deposits of C3b and other complement components in the glomeruli. These deposits can cause progressive and rapid kidney damage.

Both forms of C3 Glomerulopathy can lead to kidney failure if left untreated. Treatment often involves imm"
How many people are affected by focal dermal hypoplasia ?,"Focal dermal hypoplasia appears to be a rare condition, although its exact prevalence is unknown.","Focal Dermal Hypoplasia (FDH), also known as Goltz syndrome, is a rare genetic disorder. Its exact prevalence is difficult to determine due to its rarity, but it's estimated that about 1 in 50,000-300,000 live births are affected worldwide. However, these estimates can vary widely as many cases may go undiagnosed or misdiagnosed. It predominantly affects females due to its X-linked dominant inheritance pattern."
How to diagnose Primary Hyperparathyroidism ?,"Health care providers diagnose primary hyperparathyroidism when a person has high blood calcium and PTH levels. High blood calcium is usually the first sign that leads health care providers to suspect parathyroid gland overactivity. Other diseases can cause high blood calcium levels, but only in primary hyperparathyroidism is the elevated calcium the result of too much PTH.
                
Routine blood tests that screen for a wide range of conditions, including high blood calcium levels, are helping health care providers diagnose primary hyperparathyroidism in people who have mild forms of the disorder and are symptom-free. For a blood test, blood is drawn at a health care providers office or commercial facility and sent to a lab for analysis.","Diagnosing Primary Hyperparathyroidism (PHPT) involves a series of tests and evaluations. Here's a general outline of the process:

1. Blood Tests: The first step is usually a blood test to measure the levels of calcium, phosphate, and parathyroid hormone (PTH). Elevated calcium levels and high PTH levels are indicative of hyperparathyroidism. However, sometimes, normal or slightly elevated PTH levels can also be found in PHPT, so additional tests may be needed.

2. Urine Tests: A 24-hour urine collection may be done to measure the excretion of calcium and creatinine (a substance produced by the muscles and excreted by the kidneys). High urinary calcium levels can suggest hyperparathyroidism.

3. Imaging Tests: If blood and urine tests suggest PHPT, imaging studies are usually needed to locate any abnormal parathyroid glands. The most common imaging tests include:

   - Sestamibi Scan: This is a nuclear medicine test that uses a radioactive substance to help identify"
What are the treatments for arginine:glycine amidinotransferase deficiency ?,These resources address the diagnosis or management of arginine:glycine amidinotransferase deficiency:  - Gene Review: Gene Review: Creatine Deficiency Syndromes  - Genetic Testing Registry: Arginine:glycine amidinotransferase deficiency   These resources from MedlinePlus offer information about the diagnosis and management of various health conditions:  - Diagnostic Tests  - Drug Therapy  - Surgery and Rehabilitation  - Genetic Counseling   - Palliative Care,"Arginine:glycine amidinotransferase (AGT) deficiency, also known as primary hyperoxaluria type I (PH1), is a rare inherited metabolic disorder. There is currently no cure for AGT deficiency, but treatment aims to manage the buildup of oxalate in the body and prevent complications such as kidney stones and kidney failure.

The main treatments include:

1. Medication: Several medications are used to manage the high levels of oxalate in the urine. These include:
   - Pyridoxine (Vitamin B6): This vitamin is often administered as it can help improve AGT activity in some patients, but its efficacy varies among individuals.
   - Potassium citrate: This medication helps to prevent kidney stones by decreasing urinary acidity and increasing the amount of citrate in the urine, which binds with calcium and prevents oxalate from forming stones.
   - Allopurinol: This drug is used when patients have high levels of uric acid in their blood, which can contribute to kidney stone formation.

2. Dietary management:"
What is (are) High Blood Cholesterol ?,"You cannot control - heredity. High blood cholesterol can run in families.  - age. As we get older, our cholesterol levels rise.  - sex. Before menopause, women tend to have lower total cholesterol levels than men of the same age. After menopause, women's LDL (bad) cholesterol levels tend to increase. heredity. High blood cholesterol can run in families. age. As we get older, our cholesterol levels rise. sex. Before menopause, women tend to have lower total cholesterol levels than men of the same age. After menopause, women's LDL (bad) cholesterol levels tend to increase.","High blood cholesterol refers to a condition where the level of cholesterol in your blood becomes too high. Cholesterol is a waxy, fat-like substance that's essential for the normal structure and function of your body's cells. However, when there's too much cholesterol in your blood, it can combine with other substances to form plaque. Over time, plaque can build up in the walls of your arteries, leading to a condition called atherosclerosis.

There are different types of cholesterol:

1. Low-density lipoprotein (LDL) or ""bad"" cholesterol - high levels of LDL can lead to a buildup of plaque in the arteries.

2. High-density lipoprotein (HDL) or ""good"" cholesterol - HDL helps remove LDL cholesterol from your arteries, so higher levels of HDL are generally better for your heart health.

A blood test is used to measure the levels of these different types of cholesterol in your body. High cholesterol usually has no symptoms,"
Is Townes-Brocks syndrome inherited ?,"Is Townes-Brocks syndrome genetic? Yes. Townes-Brocks syndrome is inherited in an autosomal dominant fashion, which means that one copy of the altered gene in each cell is sufficient to cause the disorder. In about 50% of cases, an affected person inherits the mutation from an affected parent. The other 50% have the condition as a result of a new (de novo) mutation.","Yes, Townsend-Brocks syndrome is an inherited genetic disorder. It's caused by mutations in the NF2 gene, which is responsible for producing a protein called merlin. This gene is located on chromosome 22 and is autosomal dominant, meaning only one copy of the altered gene (from either parent) is needed to pass the condition onto offspring. However, the chance of passing on the mutated gene depends on whether it's a de novo mutation or inherited from an affected parent. In some cases, neither parent may exhibit symptoms because they might be carriers with only one altered copy of the NF2 gene, but still have a 50% chance of passing it to their offspring."
What are the stages of Gastrointestinal Carcinoid Tumors ?,"Key Points
                    - After a gastrointestinal carcinoid tumor has been diagnosed, tests are done to find out if cancer cells have spread within the stomach and intestines or to other parts of the body.     - There are three ways that cancer spreads in the body.    - Cancer may spread from where it began to other parts of the body.    - The plan for cancer treatment depends on where the carcinoid tumor is found and whether it can be removed by surgery.
                
                
                    After a gastrointestinal carcinoid tumor has been diagnosed, tests are done to find out if cancer cells have spread within the stomach and intestines or to other parts of the body.
                    Staging is the process used to find out how far the cancer has spread. The information gathered from the staging process determines the stage of the disease. The results of tests and procedures used to diagnose gastrointestinal (GI) carcinoid tumors may also be used for staging. See the General Information section for a description of these tests and procedures. A bone scan may be done to check if there are rapidly dividing cells, such as cancer cells, in the bone. A very small amount of radioactive material is injected into a vein and travels through the bloodstream. The radioactive material collects in the bones and is detected by a scanner.
                
                
                    There are three ways that cancer spreads in the body.
                    Cancer can spread through tissue, the lymph system, and the blood:         - Tissue. The cancer spreads from where it began by growing into nearby areas.     - Lymph system. The cancer spreads from where it began by getting into the lymph system. The cancer travels through the lymph vessels to other parts of the body.     - Blood. The cancer spreads from where it began by getting into the blood. The cancer travels through the blood vessels to other parts of the body.
                
                
                    Cancer may spread from where it began to other parts of the body.
                    When cancer spreads to another part of the body, it is called metastasis. Cancer cells break away from where they began (the primary tumor) and travel through the lymph system or blood.         - Lymph system. The cancer gets into the lymph system, travels through the lymph vessels, and forms a tumor (metastatic tumor) in another part of the body.    - Blood. The cancer gets into the blood, travels through the blood vessels, and forms a tumor (metastatic tumor) in another part of the body.        The metastatic tumor is the same type of tumor as the primary tumor. For example, if a gastrointestinal (GI) carcinoid tumor spreads to the liver, the tumor cells in the liver are actually GI carcinoid tumor cells. The disease is metastatic GI carcinoid tumor, not liver cancer.
                
                
                    The plan for cancer treatment depends on where the carcinoid tumor is found and whether it can be removed by surgery.
                    For many cancers it is important to know the stage of the cancer in order to plan treatment. However, the treatment of gastrointestinal carcinoid tumors is not based on the stage of the cancer. Treatment depends mainly on whether the tumor can be removed by surgery and if the tumor has spread.   Treatment is based on whether the tumor:         - Can be completely removed by surgery.    - Has spread to other parts of the body.    - Has come back after treatment. The tumor may come back in the stomach or intestines or in other parts of the body.    - Has not gotten better with treatment.","Gastrointestinal (GI) carcinoid tumors, also known as neuroendocrine tumors (NETs), can progress through several distinct clinical stages based on their size, location, and degree of metastasis. The TNM staging system is commonly used to classify these tumors:

1. **Tumor (T) stage**: Indicates the extent of the primary tumor within the gastrointestinal tract.
   - Tx: The presence of a tumor cannot be determined.
   - T0: No evidence of primary tumor.
   - T1: A tumor 2 cm or less in greatest dimension, limited to the submucosa.
   - T2: A tumor more than 2 cm but not greater than 3 cm in greatest dimension, invading the muscularis propria (inner layer) OR a tumor of any size in the appendix, limited to the wall of the appendix.
   - T3: A tumor more than 3 cm in greatest dimension, or a tumor of any size that has penetrated through the muscularis propria but not beyond it, or a tumor with regional lym"
What are the genetic changes related to Werner syndrome ?,"Mutations in the WRN gene cause Werner syndrome. The WRN gene provides instructions for producing the Werner protein, which is thought to perform several tasks related to the maintenance and repair of DNA. This protein also assists in the process of copying (replicating) DNA in preparation for cell division. Mutations in the WRN gene often lead to the production of an abnormally short, nonfunctional Werner protein. Research suggests that this shortened protein is not transported to the cell's nucleus, where it normally interacts with DNA. Evidence also suggests that the altered protein is broken down more quickly in the cell than the normal Werner protein. Researchers do not fully understand how WRN mutations cause the signs and symptoms of Werner syndrome. Cells with an altered Werner protein may divide more slowly or stop dividing earlier than normal, causing growth problems. Also, the altered protein may allow DNA damage to accumulate, which could impair normal cell activities and cause the health problems associated with this condition.","Werner Syndrome is a rare, genetic disorder that accelerates aging and increases the risk of developing various age-related diseases at an early age. The condition is caused by mutations in the WRN gene, located on chromosome 8.

The WRN gene provides instructions for making a protein called RecQ helicase, which plays a critical role in DNA replication, repair, and maintenance. Here are some of the key genetic changes related to Werner Syndrome:

1. **Point mutations**: These are small changes in the DNA sequence that can lead to the production of a non-functional or partially functional WRN protein. Point mutations account for most cases of Werner Syndrome.
2. **Deletions**: Large segments of the WRN gene may be missing, leading to the absence or reduction of the functional WRN protein. This can also result from deletions during meiosis (the process of creating egg and sperm cells).
3. **Chromosomal rearrangements**: In some cases, abnormalities in the structure of chromosome 8 may disrupt the WRN gene or affect its regulation. This can lead to Werner Syndrome,"
How many people are affected by Usher syndrome ?,"Usher syndrome is thought to be responsible for 3 percent to 6 percent of all childhood deafness and about 50 percent of deaf-blindness in adults. Usher syndrome type I is estimated to occur in at least 4 per 100,000 people. It may be more common in certain ethnic populations, such as people with Ashkenazi (central and eastern European) Jewish ancestry and the Acadian population in Louisiana. Type II is thought to be the most common form of Usher syndrome, although the frequency of this type is unknown. Type III Usher syndrome accounts for only a small percentage of all Usher syndrome cases in most populations. This form of the condition is more common in the Finnish population, however, where it accounts for about 40 percent of all cases.","Usher syndrome is a genetic disorder that causes hearing loss and vision impairment (often due to retinitis pigmentosa). It's one of the most common causes of combined deafness and blindness in humans.

The exact number of people affected by Usher syndrome globally is difficult to determine, but it is estimated that approximately 400,000 individuals are living with this condition worldwide. However, these numbers can vary significantly due to differences in diagnostic criteria, access to healthcare, and reporting methods across different regions."
what research (or clinical trials) is being done for Small Cell Lung Cancer ?,"New types of treatment are being tested in clinical trials.
                    Information about clinical trials is available from the NCI website.
                
                
                    Patients may want to think about taking part in a clinical trial.
                    For some patients, taking part in a clinical trial may be the best treatment choice. Clinical trials are part of the cancer research process. Clinical trials are done to find out if new cancer treatments are safe and effective or better than the standard treatment.   Many of today's standard treatments for cancer are based on earlier clinical trials. Patients who take part in a clinical trial may receive the standard treatment or be among the first to receive a new treatment.   Patients who take part in clinical trials also help improve the way cancer will be treated in the future. Even when clinical trials do not lead to effective new treatments, they often answer important questions and help move research forward.
                
                
                    Patients can enter clinical trials before, during, or after starting their cancer treatment.
                    Some clinical trials only include patients who have not yet received treatment. Other trials test treatments for patients whose cancer has not gotten better. There are also clinical trials that test new ways to stop cancer from recurring (coming back) or reduce the side effects of cancer treatment.   Clinical trials are taking place in many parts of the country. See the Treatment Options section that follows for links to current treatment clinical trials. These have been retrieved from NCI's listing of clinical trials.","Small cell lung cancer (SCLC) is a type of lung cancer that grows and spreads quickly. Research and clinical trials for SCLC are ongoing, with the aim to improve treatment outcomes and find more effective therapies. Here are some examples of research and clinical trials currently being conducted:

1. Immunotherapy combinations: Several studies are investigating various immunotherapies in combination with chemotherapy or radiation therapy for treating SCLC. Immunotherapy stimulates the immune system to attack cancer cells. For example, one trial is testing durvalumab (an immunotherapy drug) given after initial chemotherapy treatment.

2. Targeted therapies: Since SCLC often has specific genetic mutations, targeted therapies that can attack these abnormalities are being explored. Clinical trials are looking at drugs like lorlatinib, which targets anaplastic lymphoma kinase (ALK) gene rearrangements, and entrectinib, which inhibits multiple targeted genes (ROS1, ALK, and NTRK).

3. Adjuvant therapy: Clinical trials are also investigating whether giving additional treatment after initial chemotherapy can help prevent S"
What is (are) Congenital chloride diarrhea ?,"Congenital chloride diarrhea is a condition characterized by large, watery stools containing an excess of chloride. Individuals have intrauterine (pre-birth) and lifelong diarrhea; infants with the condition are often premature. The excessive diarrhea causes electrolyte and water deficits, which in turn cause volume depletion, hyperreninemia (elevated levels of renin in the blood), hyperaldosteronism, renal potassium wasting, and sometimes nephropathy. Mutations in the SLC26A3 gene have been found to cause the condition. It is inherited in an autosomal recessive manner. Treatment generally focuses on the individual symptoms of the condition and typically includes taking oral supplements of sodium and potassium chloride.","Congenital chloride diarrhea (also known as cystic fibrosis-related metabolic syndrome or CFTR-related diarrhea) is a rare genetic disorder primarily characterized by severe watery diarrhea starting in infancy. It's caused by mutations in the gene encoding the cystic fibrosis transmembrane conductance regulator (CFTR), which plays a crucial role in regulating salt and fluid transport in various organs, including the intestines.

Individuals with congenital chloride diarrhea have impaired function of this protein in their intestinal cells, leading to an abnormal amount of chloride ions in the stool, causing watery diarrhea. This condition can lead to dehydration, electrolyte imbalances, and growth failure if not properly managed. Although it shares similarities with cystic fibrosis (CF), congenital chloride diarrhea is a milder and less complex disorder.

Treatment for congenital chloride diarrhea usually involves maintaining proper hydration, providing electrolyte supplements, and in"
What are the treatments for Roberts syndrome ?,These resources address the diagnosis or management of Roberts syndrome:  - Gene Review: Gene Review: Roberts Syndrome  - Genetic Testing Registry: Roberts-SC phocomelia syndrome  - MedlinePlus Encyclopedia: Contracture deformity  - MedlinePlus Encyclopedia: Microcephaly   These resources from MedlinePlus offer information about the diagnosis and management of various health conditions:  - Diagnostic Tests  - Drug Therapy  - Surgery and Rehabilitation  - Genetic Counseling   - Palliative Care,"Roberts Syndrome is a rare genetic disorder that affects multiple systems in the body. Currently, there's no cure for Roberts Syndrome. However, treatment aims to manage the symptoms and improve the quality of life for individuals affected by this condition. Here are some common approaches:

1. **Multidisciplinary care**: Given the multiple organ systems involved, a team of specialists often works together to address various aspects of the patient's health, including cardiology, orthopedics, ophthalmology, genetics, and dentistry.

2. **Growth hormone therapy**: Some children with Roberts Syndrome may experience growth delays. Growth hormone therapy can help improve their growth rate and potentially reduce the risk of complications associated with short stature.

3. **Cardiac care**: Many individuals with Roberts Syndrome have heart defects that require monitoring and sometimes surgery. Cardiologists work to manage these conditions and address any related complications.

4. **Orthopedic interventions**: Individuals with Roberts Syndrome may benefit from orthopedic surgeries, such as correcting limb deformities or aiding mobility.

5. **"
What causes Essential tremor ?,"What causes essential tremor? The causes of essential tremor are unknown. Researchers are studying several areas (loci) on particular chromosomes that may be linked to essential tremor, but no specific genetic associations have been confirmed. Several genes, as well as environmental factors, are likely involved in an individual's risk of developing this complex condition.","Essential tremor (ET) is a common type of tremor that primarily affects the hands, but can also affect the head, voice, and other body parts. The exact cause of essential tremor isn't known, but it's often described as a genetic disorder due to its tendency to run in families.

In some cases, essential tremor may be linked to certain underlying conditions or factors:

1. Age: Essential tremor is more common in older adults and tends to worsen with age.
2. Genetics: There appears to be a genetic component, as the condition can be inherited from affected family members.
3. Brain lesions: In rare cases, essential tremor may be caused by certain brain lesions or tumors.
4. Neurological conditions: Some neurological conditions, such as multiple sclerosis and Parkinson's disease, can also cause tremors that resemble essential tremor.
5. Alcohol consumption or withdrawal: Frequent heavy alcohol use or abrupt withdrawal from alcohol can sometimes trigger or worsen essential tremor.
6. Certain medications: Certain drugs, particularly those affecting the central nervous system, may induce or aggrav"
What is (are) Graves disease ?,"Graves disease is a condition that affects the function of the thyroid, which is a butterfly-shaped gland in the lower neck. The thyroid makes hormones that help regulate a wide variety of critical body functions. For example, thyroid hormones influence growth and development, body temperature, heart rate, menstrual cycles, and weight. In people with Graves disease, the thyroid is overactive and makes more hormones than the body needs. The condition usually appears in mid-adulthood, although it may occur at any age.  Excess thyroid hormones can cause a variety of signs and symptoms. These include nervousness or anxiety, extreme tiredness (fatigue), a rapid and irregular heartbeat, hand tremors, frequent bowel movements or diarrhea, increased sweating and difficulty tolerating hot conditions, trouble sleeping, and weight loss in spite of an increased appetite. Affected women may have menstrual irregularities, such as an unusually light menstrual flow and infrequent periods. Some people with Graves disease develop an enlargement of the thyroid called a goiter. Depending on its size, the enlarged thyroid can cause the neck to look swollen and may interfere with breathing and swallowing.  Between 25 and 50 percent of people with Graves disease have eye abnormalities, which are known as Graves ophthalmopathy. These eye problems can include swelling and inflammation, redness, dryness, puffy eyelids, and a gritty sensation like having sand or dirt in the eyes. Some people develop bulging of the eyes caused by inflammation of tissues behind the eyeball and ""pulling back"" (retraction) of the eyelids. Rarely, affected individuals have more serious eye problems, such as pain, double vision, and pinching (compression) of the optic nerve connecting the eye and the brain, which can cause vision loss.  A small percentage of people with Graves disease develop a skin abnormality called pretibial myxedema or Graves dermopathy. This abnormality causes the skin on the front of the lower legs and the tops of the feet to become thick, lumpy, and red. It is not usually painful.","Grave's disease is a type of autoimmune disorder that affects the thyroid gland. It causes hyperthyroidism, a condition where the thyroid gland produces too much thyroid hormone.

The thyroid gland is located at the front of the neck and is responsible for producing hormones that regulate the body's metabolism. In Grave's disease, the immune system mistakenly attacks the thyroid gland, causing it to become enlarged (a goiter) and overactive.

The symptoms of Grave's disease can vary but may include weight loss despite increased appetite, rapid heartbeat, tremors, anxiety, heat intolerance, and bulging eyes (exophthalmos). Grave's disease is more common in women than men and typically develops between the ages of 30 and 60.

Grave's disease can be diagnosed through blood tests that measure thyroid hormone levels, as well as other diagnostic tests such as radioactive iodine uptake (RAIU) scans or ultrasounds. Treatment options for Grave's disease may include medications to control the hyperthyroidism, radioactive"
What is (are) Restless Legs ?,"Restless legs syndrome (RLS) causes a powerful urge to move your legs. Your legs become uncomfortable when you are lying down or sitting. Some people describe it as a creeping, crawling, tingling, or burning sensation. Moving makes your legs feel better, but not for long. RLS can make it hard to fall asleep and stay asleep.    In most cases, there is no known cause for RLS. In other cases, RLS is caused by a disease or condition, such as anemia or pregnancy. Some medicines can also cause temporary RLS. Caffeine, tobacco, and alcohol may make symptoms worse.    Lifestyle changes, such as regular sleep habits, relaxation techniques, and moderate exercise during the day can help. If those don't work, medicines may reduce the symptoms of RLS.    Most people with RLS also have a condition called periodic limb movement disorder (PLMD). PLMD is a condition in which a person's legs twitch or jerk uncontrollably, usually during sleep. PLMD and RLS can also affect the arms.     NIH: National Heart, Lung, and Blood Institute","Restless Legs Syndrome (RLS) is a neurological disorder characterized by an irresistible urge to move the legs, usually accompanied by uncomfortable sensations in the legs. These feelings typically occur when a person is at rest or asleep and are often described as creeping, crawling, pulling, itching, or tingling sensations. The symptoms can range from mildly disturbing to severe, making it difficult for affected individuals to fall or stay asleep, leading to daytime sleepiness and fatigue.

While the exact cause of RLS is unknown, it's believed that genetics and abnormalities in brain chemicals may play a role. In some cases, RLS can be associated with other conditions such as iron deficiency anemia, diabetes, kidney disease, and Parkinson's disease. Treatment for RLS usually involves medications, lifestyle changes, and strategies to manage sleep disturbances."
what research (or clinical trials) is being done for Dysgraphia ?,"The National Institute of Neurological Disorders and Stroke (NINDS) and other institutes of the National Institutes of Health (NIH) support dysgraphia research through grants to major medical institutions across the country. Much of this research focuses on finding better ways to treat, and ultimately, prevent dysgraphia.","Dysgraphia, a learning disorder that affects writing ability, has been a topic of ongoing research in the field of neuroscience and educational psychology. Here are some significant areas where current research is focused:

1. Neuroimaging studies: Researchers use techniques like fMRI (Functional Magnetic Resonance Imaging) to study the brain activity patterns related to dysgraphia and better understand its neurological basis. These studies help identify potential biomarkers for early diagnosis and may lead to more targeted interventions.

2. Cognitive-behavioral interventions: Research focuses on developing effective strategies to improve writing skills in individuals with dysgraphia, such as multisensory teaching techniques, graphic organizers, and technology-based tools that help organize thoughts before putting them into words.

3. Pharmacological treatments: While pharmaceutical treatments are not a primary focus for dysgraphia, some studies explore the potential of certain medications (e.g., stimulants like methylphenidate) to alleviate symptoms related to attention and executive function, which may indirectly benefit individuals with dysgraphia.

4. Computer-based interventions: Researchers are developing"
What is (are) Monkeypox Virus Infections ?,"Monkeypox is a rare viral disease. It occurs mostly in central and western Africa. Wild rodents and squirrels carry it, but it is called monkeypox because scientists saw it first in lab monkeys. In 2003, it was reported in prairie dogs and humans in the U.S.     Centers for Disease Control and Prevention","Monkeypox virus infections are zoonotic diseases caused by the Monkeypox virus, a member of the Orthopoxvirus genus in the family Poxviridae. The disease was first identified in 1958 when two outbreaks occurred in colonies of monkeys kept for research, hence the name ""Monkeypox.""

Monkeypox is endemic in parts of Central and West Africa, where it spreads to humans from infected animals such as rodents and non-human primates. The disease was first identified in humans in 1970. In humans, Monkeypox symptoms are similar to smallpox but generally less severe.

Common symptoms include fever, headache, muscle aches, swollen lymph nodes, chills, exhaustion, and a characteristic rash that appears on the face and spreads to other parts of the body, including the palms of the hands and soles of the feet. The illness typically lasts 2-4 weeks.

Transmission occurs through close contact with an infected person or contaminated materials such as bedding or clothing. Monkeypox can also be transmitted from mother to baby during childb"
What is (are) megalencephaly-capillary malformation syndrome ?,"Megalencephaly-capillary malformation syndrome (MCAP) is a disorder characterized by overgrowth of several tissues in the body. Its primary features are a large brain (megalencephaly) and abnormalities of small blood vessels in the skin called capillaries (capillary malformations).  In individuals with MCAP, megalencephaly leads to an unusually large head size (macrocephaly), which is typically evident at birth. After birth, the brain and head continue to grow at a fast rate for the first few years of life; then, the growth slows to a normal rate, although the head remains larger than average. Additional brain abnormalities are common in people with MCAP; these can include excess fluid within the brain (hydrocephalus) and abnormalities in the brain's structure, such as those known as Chiari malformation and polymicrogyria. Abnormal brain development leads to intellectual disability in most affected individuals and can also cause seizures or weak muscle tone (hypotonia). In particular, polymicrogyria is associated with speech delays and difficulty chewing and swallowing.  The capillary malformations characteristic of MCAP are composed of enlarged capillaries that increase blood flow near the surface of the skin. These malformations usually look like pink or red spots on the skin. In most affected individuals, capillary malformations occur on the face, particularly the nose, the upper lip, and the area between the nose and upper lip (the philtrum). In other people with MCAP, the malformations appear as patches spread over the body or as a reddish net-like pattern on the skin (cutis marmorata).  In some people with MCAP, excessive growth affects not only the brain but other individual parts of the body, which is known as segmental overgrowth. This can lead to one arm or leg that is bigger or longer than the other or a few oversized fingers or toes. Some affected individuals have fusion of the skin between two or more fingers or toes (cutaneous syndactyly).  Additional features of MCAP can include flexible joints and skin that stretches easily. Some affected individuals are said to have doughy skin because the tissue under the skin is unusually thick and soft.  The gene involved in MCAP is also associated with several types of cancer. Although a small number of individuals with MCAP have developed tumors (in particular, a childhood form of kidney cancer known as Wilms tumor and noncancerous tumors in the nervous system known as meningiomas), people with MCAP do not appear to have a greater risk of developing cancer than the general population.","Megalencephaly-capillary malformation (MCM) syndrome, also known as Sturge-Weber syndrome when it affects the brain and face, is a rare neurocutaneous disorder. It's characterized by overgrowth of one or both sides of the brain (megalencephaly), abnormal blood vessels on the skin (capillary malformation, or port-wine stain), and chronic seizures.

The condition can also affect other parts of the body, such as the eye (glaucoma, optic nerve abnormalities) and the skin (hemangiomas). The severity of symptoms varies among affected individuals, and some people may have milder forms of the disorder that don't require treatment.

MCM syndrome is thought to be caused by mutations in the GNAQ or GNA11 genes, which play a role in regulating cell growth and signaling pathways. The exact mechanism by which these gene mutations lead to the symptoms of MCM syndrome is not fully understood.

Treatment for MCM syndrome often involves managing the specific symptoms that an individual experiences, such as controlling seizures with medication, treating glaucoma with"
What are the treatments for cerebral cavernous malformation ?,These resources address the diagnosis or management of cerebral cavernous malformation:  - Angioma Alliance: Imaging and Diagnostics  - Gene Review: Gene Review: Familial Cerebral Cavernous Malformation  - Genetic Testing Registry: Cerebral cavernous malformation  - Genetic Testing Registry: Cerebral cavernous malformations 1  - Genetic Testing Registry: Cerebral cavernous malformations 2  - Genetic Testing Registry: Cerebral cavernous malformations 3  - MedlinePlus Encyclopedia: Cerebral angiography   These resources from MedlinePlus offer information about the diagnosis and management of various health conditions:  - Diagnostic Tests  - Drug Therapy  - Surgery and Rehabilitation  - Genetic Counseling   - Palliative Care,"Cerebral cavernous malformations (CCMs) are abnormal collections of blood vessels in the brain. Treatment options vary depending on the size, location, and symptoms caused by the malformation. Here are some common treatment methods:

1. Observation: If the CCM is small and not causing symptoms, it may be monitored with regular imaging scans to check for changes.

2. Medications: Anti-seizure medications can help manage seizures caused by CCMs, while blood thinners may be prescribed to reduce the risk of stroke.

3. Surgical resection: If the CCM is causing symptoms or is in a location where it could potentially cause problems, surgery may be recommended. This involves removing the malformation through an open craniotomy or minimally invasive endoscopic procedure.

4. Radiosurgery: Stereotactic radiosurgery (SRS) and stereotactic radiostereotaxy (SRT) are types of radiation therapy that can be used to treat CCMs. These treatments aim to shrink the malformation over time, reducing the risk of bleeding or other complications."
Is inclusion body myopathy 2 inherited ?,"This condition is inherited in an autosomal recessive pattern, which means both copies of the gene in each cell have mutations. The parents of an individual with an autosomal recessive condition each carry one copy of the mutated gene, but they typically do not show signs and symptoms of the condition.","Yes, Inclusion Body Myopathy (IBM) type 2 is indeed an inherited condition. It's a type of muscular dystrophy that is usually caused by a mutation in the DNA of the gene encoding the protein known as collagen VI. This genetic mutation is passed down through families in an autosomal recessive manner, meaning that a person must inherit two copies of the faulty gene—one from each parent—to develop IBM2. However, it's important to note that not all cases of IBM2 are inherited and some can occur sporadically due to new mutations. Always consult with a healthcare professional for accurate information regarding specific cases."
What are the genetic changes related to nonsyndromic hearing loss ?,"The causes of nonsyndromic hearing loss are complex. Researchers have identified more than 90 genes that, when altered, are associated with nonsyndromic hearing loss. Many of these genes are involved in the development and function of the inner ear. Mutations in these genes contribute to hearing loss by interfering with critical steps in processing sound. Different mutations in the same gene can be associated with different types of hearing loss, and some genes are associated with both syndromic and nonsyndromic forms. In many affected families, the factors contributing to hearing loss have not been identified.  Most cases of nonsyndromic hearing loss are inherited in an autosomal recessive pattern. About half of all severe-to-profound autosomal recessive nonsyndromic hearing loss results from mutations in the GJB2 gene; these cases are designated DFNB1. The GJB2 gene provides instructions for making a protein called connexin 26, which is a member of the connexin protein family. Mutations in another connexin gene, GJB6, can also cause DFNB1. The GJB6 gene provides instructions for making a protein called connexin 30. Connexin proteins form channels called gap junctions, which allow communication between neighboring cells, including cells in the inner ear. Mutations in the GJB2 or GJB6 gene alter their respective connexin proteins, which changes the structure of gap junctions and may affect the function or survival of cells that are needed for hearing.  The most common cause of moderate autosomal recessive nonsyndromic hearing loss is mutations in the STRC gene. These mutations cause a form of the condition known as DFNB16. Mutations in more than 60 other genes can also cause autosomal recessive nonsyndromic hearing loss. Many of these gene mutations have been found in one or a few families.  Nonsyndromic hearing loss can also be inherited in an autosomal dominant pattern. Mutations in at least 30 genes have been identified in people with autosomal dominant nonsyndromic hearing loss; mutations in some of these genes (including GJB2 and GJB6) can also cause autosomal recessive forms of the condition. Although no single gene is associated with a majority of autosomal dominant nonsyndromic hearing loss cases, mutations in a few genes, such as KCNQ4 and TECTA, are relatively common. Mutations in many of the other genes associated with autosomal dominant nonsyndromic hearing loss have been found in only one or a few families.  X-linked and mitochondrial forms of nonsyndromic hearing loss are rare. About half of all X-linked cases are caused by mutations in the POU3F4 gene. This form of the condition is designated DFNX2. Mutations in at least three other genes have also been identified in people with X-linked nonsyndromic hearing loss.  Mitochondrial forms of hearing loss result from changes in mitochondrial DNA (mtDNA). Mitochondria are structures within cells that convert the energy from food into a form that cells can use. Although most DNA is packaged in chromosomes within the nucleus, mitochondria also have a small amount of their own DNA. Only a few mutations in mtDNA have been associated with hearing loss, and their role in the condition is still being studied.  Mutations in some of the genes associated with nonsyndromic hearing loss can also cause syndromic forms of hearing loss, such as Usher syndrome (CDH23 and MYO7A, among others), Pendred syndrome (SLC26A4), Wolfram syndrome (WFS1), and Stickler syndrome (COL11A2). It is often unclear how mutations in the same gene can cause isolated hearing loss in some individuals and hearing loss with additional signs and symptoms in others.  In addition to genetic changes, hearing loss can result from environmental factors or a combination of genetic risk and a person's environmental exposures. Environmental causes of hearing loss include certain medications, specific infections before or after birth, and exposure to loud noise over an extended period. Age is also a major risk factor for hearing loss. Age-related hearing loss (presbyacusis) is thought to have both genetic and environmental influences.","Nonsyndromic hearing loss (NSHL) is a type of hearing impairment that occurs without any accompanying physical or medical abnormalities. It's one of the most common inherited human conditions and is genetically heterogeneous, meaning it can be caused by mutations in many different genes. Here are some key points about the genetic changes related to nonsyndromic hearing loss:

1. Autosomal Dominant (ADNSHL) and Autosomal Recessive (ARNSHL): NSHL can be inherited as either an autosomal dominant or autosomal recessive trait. In ADNSHL, one copy of the mutated gene is enough to cause hearing loss, while in ARNSHL, both copies of the gene must be mutated for hearing loss to occur.

2. Variety of genes: More than 100 different genes have been identified as causing NSHL. Some of the most commonly implicated genes include GJB2, MYO7A, SLC26A4, TMC1, and TMPRSS3. These genes are involved in various aspects of hearing, such as inner"
What is (are) Prostate Enlargement: Benign Prostatic Hyperplasia ?,"The prostate is a walnut-shaped gland that is part of the male reproductive system. The main function of the prostate is to make a fluid that goes into semen. Prostate fluid is essential for a mans fertility. The gland surrounds the urethra at the neck of the bladder. The bladder neck is the area where the urethra joins the bladder. The bladder and urethra are parts of the lower urinary tract. The prostate has two or more lobes, or sections, enclosed by an outer layer of tissue, and it is in front of the rectum, just below the bladder. The urethra is the tube that carries urine from the bladder to the outside of the body. In men, the urethra also carries semen out through the penis.","Benign Prostatic Hyperplasia, often abbreviated as BPH, is a common condition in men as they age. It refers to an enlargement of the prostate gland that is not cancerous. The prostate is a small gland located below the bladder and around the urethra, which carries urine out of the body.

In BPH, the prostate enlarges and presses on the urethra, causing symptoms such as difficulty in beginning the flow of urine, weak stream, frequent nighttime urination, and a sense that the bladder is not emptying fully. The condition can lead to discomfort and may affect sleep patterns due to frequent urination at night.

While BPH is not cancerous, it can sometimes cause complications like urinary retention, bladder stones, bladder infection, or kidney damage if left untreated. Treatment options for BPH include medications, minimally invasive procedures, and surgery to relieve symptoms and improve quality of life. It's important to consult with a healthcare provider regarding any concerns about prostate health."
What are the symptoms of Doyne honeycomb retinal dystrophy ?,"What are the signs and symptoms of Doyne honeycomb retinal dystrophy? The Human Phenotype Ontology provides the following list of signs and symptoms for Doyne honeycomb retinal dystrophy. If the information is available, the table below includes how often the symptom is seen in people with this condition. You can use the MedlinePlus Medical Dictionary to look up the definitions for these medical terms. Signs and Symptoms Approximate number of patients (when available) Autosomal dominant inheritance - Reticular pigmentary degeneration - Retinal dystrophy - Visual impairment - The Human Phenotype Ontology (HPO) has collected information on how often a sign or symptom occurs in a condition. Much of this information comes from Orphanet, a European rare disease database. The frequency of a sign or symptom is usually listed as a rough estimate of the percentage of patients who have that feature. The frequency may also be listed as a fraction. The first number of the fraction is how many people had the symptom, and the second number is the total number of people who were examined in one study. For example, a frequency of 25/25 means that in a study of 25 people all patients were found to have that symptom. Because these frequencies are based on a specific study, the fractions may be different if another group of patients are examined. Sometimes, no information on frequency is available. In these cases, the sign or symptom may be rare or common.","Doyne honeycomb retinal dystrophy (DHRD) is a rare, genetic, progressive retinal disorder that primarily affects the macula, which is responsible for central vision. The condition gets its name from the characteristic appearance of the affected retina, resembling a honeycomb.

 Symptoms of Doyne honeycomb retinal dystrophy may include:

1. Central visual acuity loss: This is often the first symptom and can present as difficulty with reading, recognizing faces, or performing detailed tasks.

2. Metamorphopsia: A distortion in the perception of shapes and sizes of objects, which can make it difficult to judge distances accurately.

3. Central scotomas: Blind spots or loss of central vision that progressively worsen over time.

4. Diffuse yellow-white deposits in the retina (during an eye examination): These deposits, known as Doyne honeycombs, give the condition its name and are visible during a thorough ophthalmic exam using specialized equipment such as fundus cameras or optical coherence tomography (OCT).

5. Night vision difficulties: Nightsight"
What is (are) van der Woude syndrome ?,"Van der Woude syndrome is a condition that affects the development of the face. Many people with this disorder are born with a cleft lip, a cleft palate (an opening in the roof of the mouth), or both. Affected individuals usually have depressions (pits) near the center of the lower lip, which may appear moist due to the presence of salivary and mucous glands in the pits. Small mounds of tissue on the lower lip may also occur. In some cases, people with van der Woude syndrome have missing teeth.  People with van der Woude syndrome who have cleft lip and/or palate, like other individuals with these facial conditions, have an increased risk of delayed language development, learning disabilities, or other mild cognitive problems. The average IQ of individuals with van der Woude syndrome is not significantly different from that of the general population.","Van der Woude Syndrome is a rare genetic disorder characterized by the presence of congenital anomalies. The two most notable features are cleft lip and palate, and multiple ectodermal inclusion cysts, usually found near the corners of the mouth (also known as oral fissural cysts). These cysts can appear at birth or develop in the first few years of life.

The condition is caused by a mutation in the IRF6 gene and is inherited in an autosomal dominant manner, meaning that a child has a 50% chance of inheriting the disorder if one parent carries the mutated gene. It's named after the Dutch dermatologist Jan Cornelis van der Woude who first described it in 1936.

Treatment for Van der Woude Syndrome typically involves surgical repair of the cleft lip and palate, as well as removal of the oral fissural cysts if they cause problems or discomfort. Early diagnosis and management can help improve the overall outcomes and quality of life for individuals with this syndrome."
What is (are) Hypotension ?,"Hypotension (HI-po-TEN-shun) is abnormally low blood pressure. Blood pressure is the force of blood pushing against the walls of the arteries as the heart pumps out blood.
                
Blood pressure is measured as systolic (sis-TOL-ik) and diastolic (di-a-STOL-ik) pressures. ""Systolic"" refers to blood pressure when the heart beats while pumping blood. ""Diastolic"" refers to blood pressure when the heart is at rest between beats.
                
You most often will see blood pressure numbers written with the systolic number above or before the diastolic number, such as 120/80 mmHg. (The mmHg is millimeters of mercurythe units used to measure blood pressure.)
                
Normal blood pressure in adults is lower than 120/80 mmHg. Hypotension is blood pressure that's lower than 90/60 mmHg.
                
Overview
                
Blood pressure doesn't stay the same all the time. It lowers as you sleep and rises when you wake up. Blood pressure also rises when you're excited, nervous, or active.
                
Your body is very sensitive to changes in blood pressure. For example, if you stand up quickly, your blood pressure may drop for a short time. Your body adjusts your blood pressure to make sure enough blood and oxygen are flowing to your brain, kidneys, and other vital organs.
                
Most forms of hypotension happen because your body can't bring blood pressure back to normal or can't do it fast enough.
                
Some people have low blood pressure all the time. They have no signs or symptoms, and their low blood pressure is normal for them.
                
In other people, certain conditions or factors cause abnormally low blood pressure. As a result, less blood and oxygen flow to the body's organs.
                
For the most part, hypotension is a medical concern only if it causes signs or symptoms or is linked to a serious condition, such as heart disease. Signs and symptoms of hypotension may include dizziness, fainting, cold and sweaty skin, fatigue (tiredness), blurred vision, or nausea (feeling sick to your stomach).
                
In extreme cases, hypotension can lead to shock.
                
Outlook
                
In a healthy person, low blood pressure without signs or symptoms usually isn't a problem and needs no treatment. If it causes signs or symptoms, your doctor will try to find and treat the condition that's causing it.
                
Hypotension can be dangerous. It can make you fall because of dizziness or fainting. Shock, a severe form of hypotension, is a condition that's often fatal if not treated right away. With prompt and proper treatment, shock can be successfully treated.","Hypotension refers to abnormally low blood pressure. In adults, it's generally defined as a systolic pressure of less than 90 mmHg or a diastolic pressure of less than 60 mmHg. However, it's important to note that what is considered low blood pressure can vary based on factors such as age, physical condition, and lifestyle.

There are two main types of hypotension: orthostatic (postural) hypotension and persistent low blood pressure. Orthostatic hypotension occurs when an individual stands up from a sitting or lying position, causing a drop in blood pressure due to a failure of the body's mechanisms for maintaining blood pressure. Persistent low blood pressure, on the other hand, is a condition where the blood pressure remains low over an extended period.

Hypotension can be caused by various factors including dehydration, heart problems, neurological disorders, medication side effects, and severe infections, among others. If left untreated, it can lead to symptoms such as dizziness, fainting, and fatigue, and in severe cases, it can potentially cause damage to vital organs like the brain or kidneys"
How many people are affected by juvenile myoclonic epilepsy ?,"Juvenile myoclonic epilepsy affects an estimated 1 in 1,000 people worldwide. Approximately 5 percent of people with epilepsy have juvenile myoclonic epilepsy.","Juvenile myoclonic epilepsy (JME) is a relatively common form of epilepsy, particularly among adolescents and young adults. According to the Epilepsy Foundation, JME affects about 6 out of every 100,000 children and about 60 out of every 100,000 adults. However, these numbers may vary slightly depending on the region and specific population studied. It's important to note that these figures represent an estimate and the actual number of people affected might be higher due to underreporting or undiagnosed cases."
what research (or clinical trials) is being done for Colon Cancer ?,"New types of treatment are being tested in clinical trials.
                    Information about clinical trials is available from the NCI website.
                
                
                    Patients may want to think about taking part in a clinical trial.
                    For some patients, taking part in a clinical trial may be the best treatment choice. Clinical trials are part of the cancer research process. Clinical trials are done to find out if new cancer treatments are safe and effective or better than the standard treatment.   Many of today's standard treatments for cancer are based on earlier clinical trials. Patients who take part in a clinical trial may receive the standard treatment or be among the first to receive a new treatment.   Patients who take part in clinical trials also help improve the way cancer will be treated in the future. Even when clinical trials do not lead to effective new treatments, they often answer important questions and help move research forward.
                
                
                    Patients can enter clinical trials before, during, or after starting their cancer treatment.
                    Some clinical trials only include patients who have not yet received treatment. Other trials test treatments for patients whose cancer has not gotten better. There are also clinical trials that test new ways to stop cancer from recurring (coming back) or reduce the side effects of cancer treatment.   Clinical trials are taking place in many parts of the country. See the Treatment Options section that follows for links to current treatment clinical trials. These have been retrieved from NCI's listing of clinical trials.","There are numerous ongoing research studies and clinical trials focused on colon cancer, aimed at improving early detection, treatment, and prevention. Here are some key areas where significant advancements are being made:

1. Early Detection: Researchers continue to develop more accurate and non-invasive methods for early detection of colon cancer, such as blood tests that can detect DNA markers from tumors or analyzing stool samples for signs of cancer cells.

2. Immunotherapy: Immunotherapy has shown promise in treating various types of cancer, including colon cancer. Clinical trials are underway to test the effectiveness of immunotherapies like checkpoint inhibitors that target specific proteins on immune cells, allowing the immune system to attack cancer cells more effectively.

3. Targeted Therapies: Researchers are studying targeted therapies that target specific mutations found in colon cancer cells, such as KRAS, BRAF, and EGFR. These treatments aim to inhibit the growth of cancer cells by blocking the signals that make them divide and grow.

4. Chemotherapy and Radiation: There are ongoing clinical trials evaluating new combinations of chemotherapy drugs and radiation therapy for colon cancer treatment. The"
What are the treatments for acromicric dysplasia ?,These resources address the diagnosis or management of acromicric dysplasia:  - Genetic Testing Registry: Acromicric dysplasia   These resources from MedlinePlus offer information about the diagnosis and management of various health conditions:  - Diagnostic Tests  - Drug Therapy  - Surgery and Rehabilitation  - Genetic Counseling   - Palliative Care,"Acromegaly, not Acromicric dysplasia, is a condition that results from excessive growth hormone production during adulthood. It's caused by a tumor in the pituitary gland or rarely in the posterior lobe of the pituitary.

Treatment for acromegaly typically involves the following:

1. Surgery: Removal of the tumor causing the condition is usually the first line of treatment. This is often done through a transsphenoidal approach, where the surgeon removes the tumor through the nose.

2. Radiation therapy: If surgery isn't completely successful or if the patient isn't a good candidate for surgery, radiation therapy may be used to shrink the tumor and reduce hormone production. This is usually done after surgery to further lower growth hormone levels.

3. Medication: Drugs that block the action of growth hormone can also be used. These include somatostatin analogs (such as octreotide and lanreotide) and dopamine agonists (such as cabergoline). These medications can help control symptoms and reduce the size of the tumor."
Do you have information about Nutritional Support,"Summary : Nutritional support is therapy for people who cannot get enough nourishment by eating or drinking. You may need it if you        - Can't swallow    - Have problems with your appetite    - Are severely malnourished    - Can't absorb nutrients through your digestive system       You receive nutritional support through a needle or catheter placed in your vein or with a feeding tube, which goes into your stomach.","Yes, I can provide some general information about nutritional support.

Nutritional support refers to the use of various methods to help meet an individual's nutritional needs when they are unable to consume enough food or absorb nutrients effectively through their diet. This can be caused by a variety of factors, such as illness, injury, surgery, or chronic conditions like cancer or Crohn's disease.

There are several forms of nutritional support:

1. Enteral nutrition (EN): This involves delivering nutrients directly into the digestive tract through a tube inserted through the nose (nasogastric tube) or through a surgically created opening in the abdominal wall (gastrostomy tube). EN is often used when people are unable to eat normally but still have an intact gastrointestinal tract.

2. Parenteral nutrition (PN): This method delivers nutrients directly into the bloodstream through a vein, bypassing the digestive system. PN is typically used when individuals cannot tolerate EN or have a damaged digestive tract.

3. Oral nutritional supplements: These are supplements in liquid, powder, or"
What are the symptoms of Annular pancreas ?,"What are the signs and symptoms of Annular pancreas? The Human Phenotype Ontology provides the following list of signs and symptoms for Annular pancreas. If the information is available, the table below includes how often the symptom is seen in people with this condition. You can use the MedlinePlus Medical Dictionary to look up the definitions for these medical terms. Signs and Symptoms Approximate number of patients (when available) Abnormality of the pancreas 90% Duodenal stenosis 90% Abnormality of the gastric mucosa 50% Annular pancreas - Autosomal dominant inheritance - High intestinal obstruction - The Human Phenotype Ontology (HPO) has collected information on how often a sign or symptom occurs in a condition. Much of this information comes from Orphanet, a European rare disease database. The frequency of a sign or symptom is usually listed as a rough estimate of the percentage of patients who have that feature. The frequency may also be listed as a fraction. The first number of the fraction is how many people had the symptom, and the second number is the total number of people who were examined in one study. For example, a frequency of 25/25 means that in a study of 25 people all patients were found to have that symptom. Because these frequencies are based on a specific study, the fractions may be different if another group of patients are examined. Sometimes, no information on frequency is available. In these cases, the sign or symptom may be rare or common.","Annular pancreas is a congenital condition where the pancreas forms a ring around the second part of the duodenum instead of being fully separated. While it's often asymptomatic, when symptoms do occur, they can include:

1. Recurrent abdominal pain in the upper-left or upper-middle part of the abdomen, which may be severe and crampy, and is often mistaken for appendicitis, gallstones, or peptic ulcer disease. The pain typically occurs after eating and can last from a few minutes to several hours.

2. Nausea and vomiting: Vomiting may occur due to the obstruction caused by the annular band of the pancreas compressing the duodenum.

3. Malnutrition: Because of the intestinal obstruction, proper absorption of nutrients can be affected, leading to weight loss and growth delay in children.

4. Foul-smelling, greasy stools: Due to the malabsorption of fats, the stool may have a foul odor and be pale, bulky, or float in water.

5. Ste"
What are the symptoms of Spinocerebellar ataxia 3 ?,"What are the signs and symptoms of Spinocerebellar ataxia 3? The Human Phenotype Ontology provides the following list of signs and symptoms for Spinocerebellar ataxia 3. If the information is available, the table below includes how often the symptom is seen in people with this condition. You can use the MedlinePlus Medical Dictionary to look up the definitions for these medical terms. Signs and Symptoms Approximate number of patients (when available) Dysautonomia 7.5% Ataxia 57/57 Gaze-evoked nystagmus 15/20 External ophthalmoplegia 34/57 Dysarthria 30/57 Spasticity 62/139 Dystonia 17/57 Fasciculations 12/57 Parkinsonism 3/57 Absent Achilles reflex - Autosomal dominant inheritance - Babinski sign - Bradykinesia - Cerebellar atrophy - Chronic pain - Dementia - Dilated fourth ventricle - Diplopia - Distal amyotrophy - Dysmetric saccades - Dysphagia - Facial-lingual fasciculations - Genetic anticipation - Gliosis - Impaired horizontal smooth pursuit - Limb ataxia - Muscle cramps - Postural instability - Progressive - Progressive cerebellar ataxia - Proptosis - Ptosis - Rigidity - Spinocerebellar tract degeneration - Supranuclear ophthalmoplegia - Truncal ataxia - Urinary bladder sphincter dysfunction - The Human Phenotype Ontology (HPO) has collected information on how often a sign or symptom occurs in a condition. Much of this information comes from Orphanet, a European rare disease database. The frequency of a sign or symptom is usually listed as a rough estimate of the percentage of patients who have that feature. The frequency may also be listed as a fraction. The first number of the fraction is how many people had the symptom, and the second number is the total number of people who were examined in one study. For example, a frequency of 25/25 means that in a study of 25 people all patients were found to have that symptom. Because these frequencies are based on a specific study, the fractions may be different if another group of patients are examined. Sometimes, no information on frequency is available. In these cases, the sign or symptom may be rare or common.","Spinocerebellar Ataxia Type 3 (SCA3), also known as Machado-Joseph disease, is a neurodegenerative disorder that primarily affects the cerebellum and peripheral nervous system. The symptoms may vary from person to person but can include:

1. Ataxia: This is a lack of coordination in movement, especially in the limbs, trunk, or eyes. It can lead to difficulties in walking, speaking, swallowing, and even impaired vision.

2. Slurred Speech (Dysarthria): The speech may become slow, slurred, or difficult to understand.

3. Poor Coordination (Dysmetria): This can manifest as issues with fine motor skills, such as difficulty performing tasks that require precise movements like buttoning a shirt or picking up small objects.

4. Impaired Balance and Unsteady Gait: Individuals may have trouble maintaining their balance, leading to a wide-based gait or tendency to fall.

5. Muscle Weakness: This can affect various muscles throughout the body, causing fatigue easily and difficulty with activities that require strength.

6. Sensory"
"What are the symptoms of Macular dystrophy, concentric annular ?","What are the signs and symptoms of Macular dystrophy, concentric annular? The Human Phenotype Ontology provides the following list of signs and symptoms for Macular dystrophy, concentric annular. If the information is available, the table below includes how often the symptom is seen in people with this condition. You can use the MedlinePlus Medical Dictionary to look up the definitions for these medical terms. Signs and Symptoms Approximate number of patients (when available) Autosomal dominant inheritance - Dyschromatopsia - Foveal hyperpigmentation - Macular dystrophy - The Human Phenotype Ontology (HPO) has collected information on how often a sign or symptom occurs in a condition. Much of this information comes from Orphanet, a European rare disease database. The frequency of a sign or symptom is usually listed as a rough estimate of the percentage of patients who have that feature. The frequency may also be listed as a fraction. The first number of the fraction is how many people had the symptom, and the second number is the total number of people who were examined in one study. For example, a frequency of 25/25 means that in a study of 25 people all patients were found to have that symptom. Because these frequencies are based on a specific study, the fractions may be different if another group of patients are examined. Sometimes, no information on frequency is available. In these cases, the sign or symptom may be rare or common.","Concentric Annular Macular Dystrophy (CAMD) is a rare inherited condition that primarily affects the central vision. Here are some common symptoms:

1. Central Vision Loss: This is one of the most notable symptoms. Affected individuals may experience gradual, painless loss of central vision, which can make it difficult to recognize faces, read, drive, or perform other activities that require sharp central vision.

2. Peripheral Vision Preservation: Unlike some other macular conditions, CAMD typically preserves the peripheral (side) vision, although it may be slightly impaired in some cases.

3. Ring-shaped Appearance on Retina: The condition gets its name from the characteristic appearance of a concentric ring or donut-like shape that forms on the macula (the part of the retina responsible for sharp, central vision) during an eye examination.

4. Slow Progression: Vision loss due to CAMD usually progresses gradually over many years. The rate and extent of vision loss can vary significantly among affected individuals.

5. Night Vision Problems: Some people with CAMD may also experience difficulty seeing in low light or at night."
What are the genetic changes related to focal dermal hypoplasia ?,"Mutations in the PORCN gene cause focal dermal hypoplasia. This gene provides instructions for making a protein that is responsible for modifying other proteins, called Wnt proteins. Wnt proteins participate in chemical signaling pathways in the body that regulate development of the skin, bones, and other structures before birth.  Mutations in the PORCN gene appear to prevent the production of any functional PORCN protein. Researchers believe Wnt proteins cannot be released from the cell without the PORCN protein. When Wnt proteins are unable to leave the cell, they cannot participate in the chemical signaling pathways that are critical for normal development. The various signs and symptoms of focal dermal hypoplasia are likely due to abnormal Wnt signaling during early development.","Focal Dermal Hypoplasia (FDH), also known as Goltz syndrome, is a rare genetic disorder caused by mutations in the COL7A1 gene. This gene provides instructions for making type VII collagen, a main component of the extracellular matrix in the skin and other connective tissues.

The mutations in the COL7A1 gene lead to defects in the production or structure of type VII collagen. As a result, the skin, eyes, teeth, and bones may be affected, leading to the characteristic features of FDH:

1. Hypoplasia (underdevelopment) or aplasia (absence) of the dermis, particularly in areas of the body prone to trauma such as the palms, soles, and genitalia. This can lead to blistering, scars, and skin fragility.

2. Ocular abnormalities, including coloboma (a congenital eye defect), cataracts, and glaucoma.

3. Dental abnormalities, such as delayed tooth eruption, missing teeth, or tooth abnormalities.

4. S"
