question,gold_answer,model_answer
What is (are) Brooke-Spiegler syndrome ?,"Brooke-Spiegler syndrome is a condition characterized by multiple skin tumors that develop from structures associated with the skin, such as sweat glands and hair follicles. People with Brooke-Spiegler syndrome may develop several types of tumors, including growths called spiradenomas, trichoepitheliomas, and cylindromas. The tumors associated with Brooke-Spiegler syndrome are generally benign (noncancerous), but occasionally they may become malignant (cancerous). Individuals with Brooke-Spiegler syndrome are also at increased risk of developing tumors in tissues in other areas, particularly benign or malignant tumors of the salivary or parotid glands and basal cell carcinomas. Brooke-Spiegler syndrome is caused by mutations in the CYLD gene. Susceptibility to Brooke-Spiegler syndrome has an autosomal dominant pattern of inheritance, which means one copy of the altered gene in each cell increases the risk of developing this condition. However, a second, non-inherited mutation is required for development of skin appendage tumors in this disorder.","Brooke-Spiegler syndrome is a rare, progressive, neurodegenerative genetic disorder primarily affecting children. It's a fascinating and heartbreaking condition, and here's a breakdown of what's known about it:

**1. What it Is:**

* **Genetic Mutation:** Brooke-Spiegler syndrome is caused by a mutation in the *VPS13A* gene. This gene provides instructions for making a protein called VPS13A, which plays a crucial role in the formation and maintenance of myelin – the fatty sheath that insulates nerve fibers.
* **Neurodegenerative:** The primary issue is that the faulty VPS13A protein leads to the breakdown of myelin, causing progressive damage to the nervous system.
* **Progressive:** Symptoms worsen over time, and the disease typically progresses to severe disability and ultimately death.

**2. Symptoms:**

The symptoms of Brooke-Spiegler syndrome are incredibly varied and can change significantly over time. Here's a breakdown of the common presentations:

* **Early Infancy (First Few Years):**
    * **Hypotonia (Low Muscle Tone):** This is one of the most prominent early signs. Infants often have difficulty with feeding, rolling over, sitting, and crawling."
How to diagnose Parkinson disease ?,"How is Parkinson disease diagnosed? There are currently no blood or laboratory tests that have been proven to help diagnose sporadic cases of Parkinson disease. The diagnosis is generally made after careful evaluation of medical history, current symptoms, and exclusion of other conditions. The clinical findings of tremor, rigidity, and bradykinesia are highly suggestive of Parkinson disease. The genetic cause of some forms of Parkinson disease has been identified. In those cases, genetic testing may be utilized to identify affected family members.","Diagnosing Parkinson's Disease (PD) is a complex process that relies on a combination of clinical evaluation, neurological examination, and sometimes, imaging and other tests. There isn't one single test that definitively confirms a diagnosis. Here's a breakdown of the steps involved:

**1. Clinical Evaluation - The Core of Diagnosis**

* **Medical History:** The neurologist will ask detailed questions about your symptoms, including:
    * **Onset:** When did the symptoms start? Were they sudden or gradual?
    * **Specific Symptoms:**  This is *crucial*. PD is characterized by a specific pattern of symptoms. Key symptoms include:
        * **Tremor:** Often starts in one hand or finger, usually at rest. It's typically a ""pill-rolling"" tremor.
        * **Rigidity:** Stiffness in the limbs, trunk, or neck. Resistance to passive movement.
        * **Bradykinesia:** Slowness of movement – difficulty initiating movement, reduced limb movements, shuffling gait.
        * **Postural Instability:** Difficulty maintaining balance, leading to falls. This usually develops later in the disease.
    * **Family History:**  PD can have a genetic component, so family history is important."
What are the treatments for autoimmune lymphoproliferative syndrome ?,"These resources address the diagnosis or management of ALPS:  - Gene Review: Gene Review: Autoimmune Lymphoproliferative Syndrome  - Genetic Testing Registry: Autoimmune lymphoproliferative syndrome  - Genetic Testing Registry: Autoimmune lymphoproliferative syndrome type 1, autosomal recessive  - Genetic Testing Registry: Autoimmune lymphoproliferative syndrome, type 1a  - Genetic Testing Registry: Autoimmune lymphoproliferative syndrome, type 1b  - Genetic Testing Registry: Autoimmune lymphoproliferative syndrome, type 2  - Genetic Testing Registry: RAS-associated autoimmune leukoproliferative disorder  - National Institute of Allergy and Infectious Diseases (NIAID): ALPS Treatment   These resources from MedlinePlus offer information about the diagnosis and management of various health conditions:  - Diagnostic Tests  - Drug Therapy  - Surgery and Rehabilitation  - Genetic Counseling   - Palliative Care","Autoimmune Lymphoproliferative Syndrome (ALPS) is a complex genetic disorder with a range of presentations and severities. Treatment strategies are highly individualized and depend on the specific type of ALPS, the severity of symptoms, and the patient's overall health. Here's a breakdown of the treatments, categorized by approach:

**1. Immunosuppression - The Cornerstone of Treatment**

* **Calcineurin Inhibitors (CNIs):** These are the most commonly used medications.
    * **Cyclosporine:** Often the first-line treatment. It suppresses T-cell activation and proliferation. Dosing is carefully adjusted to minimize side effects.
    * **Tacrolimus:**  Similar mechanism to cyclosporine and sometimes used as an alternative or in combination.
* **Mycophenolate Mofetil (MMF):** A potent immunosuppressant that inhibits purine synthesis, crucial for lymphocyte proliferation. It’s frequently used in conjunction with CNIs.
* **Azathioprine:**  Another immunosuppressant that's less commonly used than CNIs or MMF.
* **Rituximab:** A monoclonal antibody that targets CD20 on B cells. It's used to deplete B cells, particularly in ALPS"
Is juvenile polyposis syndrome inherited ?,"Juvenile polyposis syndrome is inherited in an autosomal dominant pattern, which means one copy of the altered gene in each cell is sufficient to cause the disorder.  In approximately 75 percent of cases, an affected person inherits the mutation from one affected parent. The remaining 25 percent of cases result from new mutations in the gene and occur in people with no history of the disorder in their family.","Yes, Juvenile Polyposis Syndrome (JPS) is absolutely inherited. It's a genetic disorder, and here's a breakdown of how it's inherited:

**1. Types of Inheritance:**

* **Autosomal Dominant:** This is the most common form. This means that only one copy of the mutated gene is needed to cause the condition. If one parent has JPS, there’s a 50% chance their child will inherit the gene and develop the syndrome.
* **Autosomal Recessive:** This is a rarer form.  Both parents need to carry a copy of the mutated gene, but they don't show symptoms.  If both parents are carriers, there's a 25% chance their child will have JPS, a 50% chance the child will be a carrier, and a 25% chance the child will be unaffected and not a carrier.



**2. The Genes Involved:**

* **_PNPLA3_ Gene:**  This is the most common gene associated with JPS. Mutations in this gene are found in approximately 70-80% of cases. It’s involved in how the body processes fats, which can affect the development and growth"
Do you have information about Seniors' Health,"Summary : People in the U.S. are living longer than ever before. Many seniors live active and healthy lives. But there's no getting around one thing: as we age, our bodies and minds change. There are things you can do to stay healthy and active as you age.It is important to understand what to expect. Some changes may just be part of normal aging, while others may be a warning sign of a medical problem. It is important to know the difference, and to let your healthcare provider know if you have any concerns.    Having a healthy lifestyle can help you to deal with normal aging changes and make the most of your life.","Okay, let's dive into Seniors' Health! It's a huge and complex topic, encompassing physical, mental, and social well-being as people age. Here's a breakdown of key information, broken down into categories:

**1. Common Health Concerns in Seniors:**

* **Chronic Diseases:** Seniors are disproportionately affected by chronic diseases, including:
    * **Heart Disease:** The leading cause of death.
    * **Diabetes:** Often linked to other health problems.
    * **Arthritis:** Joint pain and stiffness.
    * **Osteoporosis:** Weakening of bones, increasing fracture risk.
    * **Cancer:** Risk increases with age.
    * **Respiratory Diseases:** COPD, asthma.
* **Cognitive Decline:**
    * **Dementia:** Alzheimer's disease and other forms of dementia are significant concerns.
    * **Mild Cognitive Impairment (MCI):**  A decline in cognitive function that isn't severe enough to meet the criteria for dementia.
* **Sensory Changes:**
    * **Vision Loss:** Cataracts, macular degeneration, glaucoma.
    * **Hearing Loss:** Age-related hearing loss is common.
    * **Decreased Mobility:**"
What are the genetic changes related to oculodentodigital dysplasia ?,"Mutations in the GJA1 gene cause oculodentodigital dysplasia. The GJA1 gene provides instructions for making a protein called connexin43. This protein forms one part (a subunit) of channels called gap junctions, which allow direct communication between cells. Gap junctions formed by connexin43 proteins are found in many tissues throughout the body.  GJA1 gene mutations result in abnormal connexin43 proteins. Channels formed with abnormal proteins are often permanently closed. Some mutations prevent connexin43 proteins from traveling to the cell surface where they are needed to form channels between cells. Impaired functioning of these channels disrupts cell-to-cell communication, which likely interferes with normal cell growth and cell specialization, processes that determine the shape and function of many different parts of the body. These developmental problems cause the signs and symptoms of oculodentodigital dysplasia.","Oculodentodigital dysplasia (ODD) is a complex, heterogeneous genetic disorder with a surprising number of different genetic causes. Here's a breakdown of the genetic changes associated with ODD, categorized by the most common and well-understood mutations:

**1. Hallmark Mutations - Primarily affecting the *EDAR* Gene:**

* **EDAR R402Q Mutation (Most Common):** This is by far the most frequent genetic cause of ODD, accounting for approximately 30-40% of cases. It’s a point mutation within the *EDAR* gene, which encodes for the ectodysplasin A receptor. This mutation significantly impairs the receptor's ability to bind and respond to the signaling molecule, ectodysplasin A (EDA). This disruption leads to the characteristic ODD features.

* **EDAR R404Q Mutation:** This is the second most common mutation, representing around 10-15% of cases. It’s another point mutation in *EDAR*.

* **Other *EDAR* Point Mutations:** Numerous other point mutations in the *EDAR* gene can cause ODD. These are often less frequent and can have varying degrees of impact"
What are the genetic changes related to pyruvate kinase deficiency ?,"Pyruvate kinase deficiency is caused by mutations in the PKLR gene. The PKLR gene is active in the liver and in red blood cells, where it provides instructions for making an enzyme called pyruvate kinase. The pyruvate kinase enzyme is involved in a critical energy-producing process known as glycolysis. During glycolysis, the simple sugar glucose is broken down to produce adenosine triphosphate (ATP), the cell's main energy source.  PKLR gene mutations result in reduced pyruvate kinase enzyme function, causing a shortage of ATP in red blood cells and increased levels of other molecules produced earlier in the glycolysis process. The abnormal red blood cells are gathered up by the spleen and destroyed, causing hemolytic anemia and an enlarged spleen. A shortage of red blood cells to carry oxygen throughout the body leads to fatigue, pallor, and shortness of breath. Iron and a molecule called bilirubin are released when red blood cells are destroyed, resulting in an excess of these substances circulating in the blood. Excess bilirubin in the blood causes jaundice and increases the risk of developing gallstones.  Pyruvate kinase deficiency may also occur as an effect of other blood diseases, such as leukemia. These cases are called secondary pyruvate kinase deficiency and are not inherited.","Pyruvate kinase deficiency (PKD) is a relatively common inherited disorder caused by mutations in the *PKAC* gene, which encodes the pyruvate kinase enzyme. The genetic changes associated with PKD are incredibly diverse, reflecting the numerous ways this enzyme can be affected. Here's a breakdown of the genetic changes and their implications:

**1. The *PKAC* Gene and its Variants:**

* **Gene Location:** The *PKAC* gene is located on the X chromosome. This is crucial because PKD is an X-linked recessive disorder.
* **Number of Variants:** Over 300 different mutations have been identified in the *PKAC* gene that cause PKD. This is a significantly higher number of known mutations for a single enzyme defect.
* **Types of Mutations:** These mutations fall into several categories:
    * **Missense Mutations:** These are the most common type, where a single nucleotide change results in a different amino acid being incorporated into the pyruvate kinase protein. The specific amino acid change can dramatically alter the enzyme's structure and function.
    * **Nonsense Mutations:** These introduce a premature stop codon, leading to a truncated and often non-functional protein.
    * **Frameshift Mutations:** Insertions or"
How to diagnose Gerstmann-Straussler-Scheinker disease ?,"How is Gerstmann-Straussler-Scheinker disease diagnosed? The diagnosis of Gerstmann-Straussler-Scheinker disease (GSS) is based on a combination of the following: Characteristic signs and symptoms Nervous system findings including multiple amyloid plaques (clumps which form in the brain and cause the death of nerve cells and the progressive symptoms of the disease) A family history consistent with autosomal dominant inheritance Identification of a disease-causing mutation of the PRNP gene Genetic testing for at-risk relatives who do not yet have symptoms of GSS is possible if the disease-causing mutation in the family is known. This testing is not useful in predicting age of onset, severity, type of symptoms, or rate of progression. Testing for the disease-causing mutation in the absence of definite symptoms of the disease is called predictive testing.","Diagnosing Gerstmann-Straussler-Scheinker (GSS) disease is a complex and often challenging process. It’s a rare, autosomal dominant prion disease, meaning it's passed down through families, and misfolding of a specific prion protein is responsible. Here's a breakdown of how it's diagnosed, encompassing the various stages and involved experts:

**1. Clinical Presentation - The Key to Diagnosis**

The hallmark of GSS is a progressive decline characterized by a unique constellation of symptoms that evolve over time. This clinical picture is the *most* important factor in the diagnosis. Here's a breakdown by stages:

* **Early Stage (Years 1-5):**
    * **Insomnia:** Often the initial complaint - difficulty falling asleep and staying asleep.
    * **Recurrent Head Trauma:**  Unexplained head injuries occur frequently, often minor, and can be followed by prolonged recovery.
    * **Memory Impairment:** Subtle at first, progressing to difficulty with short-term memory.
    * **Pseudodementia:**  Apparent cognitive impairment often attributed to medication side effects, depression, or other conditions.
* **Middle Stage (Years 5-10):**"
How many people are affected by Salih myopathy ?,"Salih myopathy appears to be a rare disorder, although its prevalence is unknown. It has been reported in a small number of families of Moroccan and Sudanese descent.","Salih myopathy is an extremely rare genetic muscle disorder, and accurately determining the exact number of people affected is challenging. Here's a breakdown of what we know, based on available research and estimates:

**Current Estimates:**

* **Very Rare:** Salih myopathy is estimated to affect approximately **1 in 1 million people**. This is a highly conservative estimate, and some researchers believe the true incidence may be slightly higher.
* **Familial Cases:** Most cases are familial, meaning they are inherited within families.  This makes tracking the number of *individuals* affected more complicated.
* **Limited Case Reports:**  As of late 2023/early 2024, there are approximately **15-20 confirmed or highly suspected cases** documented in the medical literature.  However, this number can shift as new cases are identified.

**Key Factors Contributing to the Uncertainty:**

* **Diagnostic Challenges:** The symptoms of Salih myopathy can overlap with other neuromuscular disorders, making accurate diagnosis difficult.  This means some individuals may not be correctly identified.
* **Underdiagnosis:** Because it's so rare, it’s likely that many people with the condition haven’t been formally diagnosed.
*"
What is (are) Limited cutaneous systemic sclerosis ?,"Limited cutaneous systemic sclerosis is a subtype of systemic sclerosis characterized by the association of Raynaud's phenomenon and skin fibrosis on the hands, face, feet and forearms. The exact cause of limited cutaneous systemic sclerosis is unknown, but likely originates from an autoimmune reaction which leads to overproduction of collagen. In some cases, the condition is associated with exposure to certain chemicals. Management is aimed at treating the symptoms present in each affected individual.","Limited cutaneous systemic sclerosis (lcSSc) is a specific subtype of systemic sclerosis (SSc), also known as scleroderma. It's a chronic, autoimmune disease that primarily affects the skin and internal organs. Here's a breakdown of what defines lcSSc:

**1. Key Characteristics - The Diagnostic Criteria:**

The diagnosis of lcSSc is based on a combination of clinical and laboratory findings. The most commonly used criteria, developed by the Scleroderma Workshop Group, are:

* **Skin Involvement:**
    * **Limited Skin Thickening:** This is the *defining* feature.  It means thickening of the skin is restricted to two or fewer adjacent fingers or toes, and/or a patch of skin no larger than 30 cm in diameter.  This is significantly less than the diffuse form.
* **Raynaud's Phenomenon:**  The presence of Raynaud’s (color changes in the fingers or toes in response to cold or stress) is *required*.  It's typically severe.
* **Anti-Scl-70 Antibody:**  Almost all patients with lcSSc have this antibody, which is a strong marker for the disease.
* **Absence of Diffuse Skin Thick"
"What are the symptoms of Ichthyosis, acquired ?","What are the signs and symptoms of Ichthyosis, acquired? The Human Phenotype Ontology provides the following list of signs and symptoms for Ichthyosis, acquired. If the information is available, the table below includes how often the symptom is seen in people with this condition. You can use the MedlinePlus Medical Dictionary to look up the definitions for these medical terms. Signs and Symptoms Approximate number of patients (when available) Dry skin 90% Ichthyosis 90% Pruritus 90% Immunologic hypersensitivity 50% Palmoplantar keratoderma 50% Skin ulcer 50% Autoimmunity 7.5% Lymphoma 7.5% Multiple myeloma 7.5% Renal insufficiency 7.5% Sarcoma 7.5% The Human Phenotype Ontology (HPO) has collected information on how often a sign or symptom occurs in a condition. Much of this information comes from Orphanet, a European rare disease database. The frequency of a sign or symptom is usually listed as a rough estimate of the percentage of patients who have that feature. The frequency may also be listed as a fraction. The first number of the fraction is how many people had the symptom, and the second number is the total number of people who were examined in one study. For example, a frequency of 25/25 means that in a study of 25 people all patients were found to have that symptom. Because these frequencies are based on a specific study, the fractions may be different if another group of patients are examined. Sometimes, no information on frequency is available. In these cases, the sign or symptom may be rare or common.","Acquired Ichthyosis is a fascinating and often perplexing group of skin conditions that develop *after* a person has previously had normal skin. It's characterized by dry, scaling skin, but the specific symptoms and severity can vary greatly depending on the type of acquired ichthyosis. Here's a breakdown of the symptoms, categorized for clarity:

**1. Common Symptoms (Found in Many Types):**

* **Dry, Scaling Skin:** This is the hallmark symptom. The scales can be:
    * **Flaky:** Easily shed.
    * **Silvery-white or Grayish:** The color depends on the type and severity.
    * **Crumbly:**  Often feels like chalk or sand.
* **Itchiness (Pruritus):**  Almost always present, ranging from mild to intensely uncomfortable. The itch can be relentless.
* **Skin Cracking and Peeling:**  The scales can cause the skin to crack, leading to pain and increased risk of infection.
* **Dryness:** Beyond the scales, the skin feels generally dry and rough to the touch.
* **Hyperkeratosis:** Thickening of the outer layer of skin.


**2. Symptoms Specific to Different Types of Ac"
What is (are) Diabetes ?,"Type 1 diabetes, which used to be called called juvenile diabetes or insulin-dependent diabetes, develops most often in young people. However, type 1 diabetes can also develop in adults. With this form of diabetes, your body no longer makes insulin or doesnt make enough insulin because your immune system has attacked and destroyed the insulin-producing cells. About 5 to 10 percent of people with diabetes have type 1 diabetes. To survive, people with type 1 diabetes must have insulin delivered by injection or a pump. Learn more about type 1 diabetes here.  Learn more about type 1 diabetes here. Type 2 diabetes, which used to be called adult-onset diabetes or non insulin-dependent diabetes, is the most common form of diabetes. Although people can develop type 2 diabetes at any age -- even during childhood -- type 2 diabetes develops most often in middle-aged and older people. Type 2 diabetes usually begins with insulin resistancea condition that occurs when fat, muscle, and liver cells do not use insulin to carry glucose into the bodys cells to use for energy. As a result, the body needs more insulin to help glucose enter cells. At first, the pancreas keeps up with the added demand by making more insulin. Over time, the pancreas doesnt make enough insulin when blood sugar levels increase, such as after meals. If your pancreas can no longer make enough insulin, you will need to treat your type 2 diabetes.  Learn more about type 2 diabetes here.","Okay, let's break down what diabetes is. It's actually a group of metabolic diseases characterized by high blood sugar levels. Here's a detailed explanation, broken down into key aspects:

**1. The Basics: What's Happening in Your Body**

* **Insulin:** Your body needs insulin to function properly. Insulin is a hormone produced by the pancreas. Its job is to unlock cells in your body to allow glucose (sugar) from the food you eat to enter and be used for energy.
* **Glucose:** Glucose is the primary source of fuel for your cells. You get it from the carbohydrates in your diet (bread, pasta, fruit, etc.).
* **Diabetes occurs when your body doesn't produce enough insulin, or when its cells don't respond properly to the insulin that is produced.** This leads to high levels of glucose in the blood.

**2. Types of Diabetes**

There are several different types of diabetes, the most common being:

* **Type 1 Diabetes:**
    * **What it is:** An autoimmune disease, meaning the body's immune system mistakenly attacks and destroys the insulin-producing cells (beta cells) in the pancreas.
    * **Cause:** The"
What is (are) Catecholaminergic polymorphic ventricular tachycardia ?,"Catecholaminergic polymorphic ventricular tachycardia (CPVT) is a genetic disorder that causes an abnormally fast and irregular heart rhythm in response to physical activity or emotional stress. Signs and symptoms include light-headedness, dizziness, and fainting. Symptoms most often develop between 7 to 9 years of age.  If untreated CPVT can cause a heart attack and death. CPVT is caused by mutations in the RYR2 or CASQ2 genes. When a RYR2 gene mutation is involved, the condition is passed through families in an autosomal dominant fashion. When CASQ2 gene mutations are involved, the condition is inherited in an autosomal recessive fashion. In some cases the underlying cause can not be determined. Beta blockers are used to treat CPVT.  An Implantable Cardioverter Defibrillator (ICD) may also be needed.","Catecholaminergic polymorphic ventricular tachycardia (CPVT) is a rare, life-threatening inherited arrhythmia. Here's a breakdown of what it is, its causes, symptoms, diagnosis, and treatment:

**1. What is it?**

* **Ventricular Tachycardia (VT):** VT is a rapid, irregular heartbeat originating in the ventricles of the heart. It can be a serious arrhythmia, as it can lead to sudden cardiac arrest.
* **Catecholaminergic:** This is the key element. CPVT is triggered by surges of catecholamines – adrenaline (epinephrine) and noradrenaline – into the bloodstream.  These surges can be caused by intense emotional stress, physical exertion, or even cold exposure.
* **Polymorphic:** The heart rhythm isn't a consistent, regular pattern. It changes shape and frequency during the arrhythmia.

**In essence, CPVT is a heart rhythm disorder that is specifically provoked by adrenaline surges, causing chaotic electrical activity in the heart.**

**2. Causes:**

* **Genetic Mutation:** CPVT is almost always caused by mutations in genes that encode for the beta-adrenergic receptor (β-AR). These receptors are responsible for mediating the effects of adrenaline and noradrenaline. The"
What to do for Alzheimer's Caregiving ?,"Most people with Alzheimers disease are cared for at home by family members. Within families, caregiving is provided most often by wives and husbands, followed by daughters. As Alzheimers disease gets worse, the person will need more and more care. Because of this, you will need more help. It's okay to seek help whenever you need it. Building a local support system is a key way to get help. This system might include a caregiver support group, the local chapter of the Alzheimer's Association, family, friends, and faith groups. To learn where to get help in your community, contact - the Alzheimers Disease Education and Referral (ADEAR) Center, 1-800-438-4380 or visit www.nia.nih.gov/alzheimers  - the Alzheimer's Association at 1-800-272-3900.  the Alzheimers Disease Education and Referral (ADEAR) Center, 1-800-438-4380 or visit www.nia.nih.gov/alzheimers the Alzheimer's Association at 1-800-272-3900. Various professional services can help with everyday care in the home of someone with Alzheimers disease. Medicare, Medicaid, and other health insurance plans may help pay for these services. Contact Eldercare Locator to find the services you need in your area by calling 1-800-677-1116 or visiting  www.eldercare.gov. Home Health Care Services Home health care agencies send a home health aide or nurse to your home to help you care for a person with Alzheimers. They may come for a few hours or stay for 24 hours and are paid by the hour. Some home health aides are better trained and supervised than others. Ask your doctor or other health care professional about good home health care services in your area. Get as much information as possible about a service before you sign an agreement. Also, ask for and check references Here are some questions to ask before signing a home health care agreement. - Is your service licensed and accredited?  - How much do your services cost?  - What is included and not included in your services?  - How many days a week and hours a day will an aide come to my home?   - How do you check the background and experience of your home health aides?   - How do you train your home health aides?   - What types of emergency care can you provide?   - Who do I contact if there is a problem?  Is your service licensed and accredited? How much do your services cost? What is included and not included in your services? How many days a week and hours a day will an aide come to my home? How do you check the background and experience of your home health aides? How do you train your home health aides? What types of emergency care can you provide? Who do I contact if there is a problem? For information about how to find home health care services, see Caring for a Person with Alzheimers Disease. Meal Services Meal services bring hot meals to the person's home or your home. The delivery staff does not feed the person. The person with Alzheimers disease must qualify for the service based on local guidelines. Some groups do not charge for their services. Others may charge a small fee. For information, call Eldercare Locator at 1-800-677-1116 or go to  www.eldercare.gov. You may also contact Meals on Wheels at 1-888-998-6325. Adult Day Care Services Adult day care services provide a safe environment, activities, and staff who take care of the person with Alzheimers at their own facility. This provides a much-needed break for you. Many programs provide transportation between the persons home and the facility. Adult day care services generally charge by the hour. Most insurance plans do not cover these costs. To find adult day care services in your area, contact the National Adult Day Services Association at 1-877-745-1440. Watch a video to learn more about the services provided at adult day care.  Respite Services Respite services provide short stays, from a few days to a few weeks, in a nursing home or other place for the person with Alzheimers disease. This care allows you to get a break or go on a vacation. Respite services charge by the number of days or weeks that services are provided. Medicare or Medicaid may cover the cost of up to 5 days in a row of respite care in an inpatient facility. Most private insurance plans do not cover these costs. To find respite services in your community, call the National Respite Locator Service at 1-800-773-5433 (toll-free). Geriatric Care Managers Geriatric care managers visit your home to assess your needs and suggest and arrange home-care services. They charge by the hour. Most insurance plans don't cover these costs. To find a geriatric care manager, contact the National Association of Professional Geriatric Care Managers at 1-520-881-8008. Mental Health Professionals and Social Workers Mental health professionals and social workers help you deal with any stress you may be feeling. They help you understand feelings, such as anger, sadness, or feeling out of control. They can also help you make plans for unexpected or sudden events. Mental health professionals charge by the hour. Medicare, Medicaid, and some private health insurance plans may cover some of these costs. Ask your health insurance plan which mental health counselors and services it covers. Then check with your doctor, local family service agencies, and community mental health agencies for referrals to counselors.","Okay, let's tackle Alzheimer's caregiving – it's a hugely challenging but incredibly rewarding journey. There's no one-size-fits-all answer, as it depends on the individual's needs, your family's situation, and your own capabilities. Here's a breakdown of what to do, broken down into categories:

**1. Understanding Alzheimer’s Disease:**

* **Educate Yourself:** This is *crucial*. The more you understand the stages of the disease, the symptoms, and the potential progression, the better equipped you'll be to respond effectively. Resources include:
    * **Alzheimer's Association:** [https://www.alz.org/](https://www.alz.org/) – Excellent website with information, support groups, and a 24/7 helpline.
    * **National Institute on Aging (NIA):** [https://www.nia.nih.gov/alzheimers](https://www.nia.nih.gov/alzheimers) – Research-based information.
    * **Alzheimer’s Society (UK):** [https://www.alzheimers.org.uk/](https://www.alzheimers.org"
Is Andersen-Tawil syndrome inherited ?,"This condition is inherited in an autosomal dominant pattern, which means one copy of the altered gene in each cell is sufficient to cause the disorder. In some cases, a person with Andersen-Tawil syndrome inherits the mutation from one affected parent. Other cases result from new mutations in the KCNJ2 gene. These cases occur in people with no history of the disorder in their family.","Yes, Andersen-Tawil syndrome (ATS) is considered **primarily inherited** in a fascinating and complex way. Here's a breakdown of how it's inherited:

**1. Autosomal Dominant Inheritance with Variable Expressivity and Penetrance:**

* **The Core Inheritance Pattern:** ATS is generally classified as an autosomal dominant condition. This means that only one copy of the mutated gene is needed to cause the condition.
* **Variable Expressivity:** This is a *key* characteristic of ATS.  This means that individuals affected by ATS can have *different* levels of severity of symptoms.  One family member might have very mild symptoms, while another has much more severe ones. This is due to factors like:
    * **Genetic modifiers:** Other genes in the individual's genome can influence how the mutated gene is expressed.
    * **Epigenetic factors:** Environmental influences during development can also play a role.
* **Variable Penetrance:**  Penetrance refers to the percentage of individuals with a specific gene mutation who actually exhibit the trait.  In ATS, not everyone who carries the mutation will develop the full spectrum of symptoms. Some individuals with the mutation might have very mild symptoms, or they might not develop any noticeable"
What is the outlook for Rett Syndrome ?,"The course of Rett syndrome, including the age of onset and the severity of symptoms, varies from child to child. Despite the difficulties with symptoms, most individuals with Rett syndrome continue to live well into middle age and beyond. Because the disorder is rare, very little is known about long-term prognosis and life expectancy.","The outlook for Rett Syndrome is a complex and unfortunately, still largely uncertain one. While significant progress has been made in understanding the genetic and cellular mechanisms behind the condition, there's no cure, and the variability in symptoms and progression is incredibly wide. Here's a breakdown of the current outlook, categorized for clarity:

**1. Variability & Prognosis – The Biggest Challenge**

* **Huge Range of Severity:** This is the single most important factor. Rett Syndrome exists on a spectrum:
    * **Mild Cases:** Some individuals experience mild motor delays, speech difficulties, and subtle behavioral changes. They may achieve greater independence and have a relatively better quality of life.
    * **Moderate Cases:** More pronounced motor difficulties, significant speech impairment, and noticeable behavioral challenges.
    * **Severe Cases:**  Prolonged loss of motor skills, severe intellectual disability, and significant dependence on others for all aspects of care.
* **Progression is Highly Variable:** Even within the same genetic subtype (mRett or sRett), the rate of decline in abilities can differ dramatically. Some individuals maintain skills for many years, while others experience rapid deterioration.
* **Age of Onset Matters:**  Earlier onset (typically before 12 months)"
What causes What I need to know about Diarrhea ?,"Causes of diarrhea include
                
- bacteria from contaminated food or water  - viruses that cause illnesses such as the flu  - parasites, which are tiny organisms found in contaminated food or water  - medicines such as antibiotics  - problems digesting certain foods  - diseases that affect the stomach, small intestine, or colon, such as Crohns disease  - problems with how the colon functions, caused by disorders such as irritable bowel syndrome
                
Sometimes no cause can be found. As long as diarrhea goes away within 1 to 2 days, finding the cause is not usually necessary.","Okay, let's break down what you need to know about diarrhea – its causes, symptoms, and what to do. It's a really common problem, but understanding it can help you manage it better.

**1. What is Diarrhea?**

Diarrhea is characterized by loose, watery stools, and the frequency of bowel movements increases.  It's usually a symptom of an underlying issue, not a disease in itself.  It’s generally defined as having three or more watery stools in a 24-hour period.

**2. Common Causes of Diarrhea**

Diarrhea can be caused by a huge range of things. Here's a breakdown by category:

* **Infections:** This is a very common cause.
    * **Viruses:** Norovirus, Rotavirus, Adenovirus – often spread through contaminated food or water. These cause rapid-onset diarrhea.
    * **Bacteria:** *E. coli*, *Salmonella*, *C. difficile* (often after antibiotic use), *Shigella* –  These can be contracted from food, water, or contact with infected people.
    * **Parasites:** *Giardia*, *Cryptosporidium* –"
What causes Heart Palpitations ?,"Many things can cause palpitations. You may have these feelings even when your heart is beating normally or somewhat faster than normal.
                
Most palpitations are harmless and often go away on their own. However, some palpitations are signs of a heart problem. Sometimes the cause of palpitations can't be found.
                
If you start having palpitations, see your doctor to have them checked.
                
Causes Not Related to Heart Problems
                
Strong Emotions
                
You may feel your heart pounding or racing during anxiety, fear, or stress. You also may have these feelings if you're having a panic attack.
                
Vigorous Physical Activity
                
Intense activity can make your heart feel like its beating too hard or too fast, even though it's working normally. Intense activity also can cause occasional premature (extra) heartbeats.
                
Medical Conditions
                
Some medical conditions can cause palpitations. These conditions can make the heart beat faster or stronger than usual. They also can cause premature (extra) heartbeats.
                
Examples of these medical conditions include:
                
An overactive thyroid
                
A low blood sugar level
                
Anemia
                
Some types of low blood pressure
                
Fever
                
Dehydration (not enough fluid in the body)
                
Hormonal Changes
                
The hormonal changes that happen during pregnancy, menstruation, and the perimenopausal period may cause palpitations. The palpitations will likely improve or go away as these conditions go away or change.
                
Some palpitations that occur during pregnancy may be due to anemia.
                
Medicines and Stimulants
                
Many medicines can trigger palpitations because they can make the heart beat faster or stronger than usual. Medicines also can cause premature (extra) heartbeats.
                
Examples of these medicines include:
                
Inhaled asthma medicines.
                
Medicines to treat an underactive thyroid. Taking too much of these medicines can cause an overactive thyroid and lead to palpitations.
                
Medicines to prevent arrhythmias. Medicines used to treat irregular heart rhythms can sometimes cause other irregular heart rhythms.
                
Over-the-counter medicines that act as stimulants also may cause palpitations. These include decongestants (found in cough and cold medicines) and some herbal and nutritional supplements.
                
Caffeine, nicotine (found in tobacco), alcohol, and illegal drugs (such as cocaine and amphetamines) also can cause palpitations.
                
Causes Related to Heart Problems
                
Some palpitations are symptoms of arrhythmias. Arrhythmias are problems with the rate or rhythm of the heartbeat. However, less than half of the people who have palpitations have arrhythmias.
                
During an arrhythmia, the heart can beat too fast, too slow, or with an irregular rhythm. An arrhythmia happens if some part of the heart's electrical system doesn't work as it should.
                
Palpitations are more likely to be related to an arrhythmia if you:
                
Have had a heart attack or are at risk for one.
                
Have coronary heart disease (CHD) or risk factors for CHD.
                
Have other heart problems, such as heart failure, heart valve disease, or heart muscle disease.
                
Have abnormal electrolyte levels. Electrolytes are minerals, such as potassium and sodium, found in blood and body fluids. They're vital for normal health and functioning of the body.","Heart palpitations – that unsettling feeling like your heart is racing, fluttering, or skipping beats – can be really frightening. It’s great that you’re trying to understand what might be causing them. Here's a breakdown of the common causes, broken down into categories:

**1. Benign (Non-Serious) Causes – Most Common**

* **Arrhythmias (Heart Rhythm Abnormalities):** This is the most frequent cause. These are usually harmless and don’t require treatment.
    * **Premature Ventricular Contractions (PVCs):** These are extra heartbeats that originate in the lower chambers of the heart. They’re very common, especially with exercise or stress.
    * **Premature Atrial Contractions (PACs):** Similar to PVCs, but originating in the upper chambers.
    * **Supraventricular Tachycardia (SVT):** A rapid heart rhythm originating in the atria.
* **Exercise:** Physical exertion can trigger palpitations due to increased heart rate and muscle contractions.
* **Stress and Anxiety:**  Stress, fear, or panic can stimulate the sympathetic nervous system, leading to a faster heart rate and palpitations.
* **Caffeine and Nicotine:** These"
Is triple X syndrome inherited ?,"Most cases of triple X syndrome are not inherited. The chromosomal change usually occurs as a random event during the formation of reproductive cells (eggs and sperm). An error in cell division called nondisjunction can result in reproductive cells with an abnormal number of chromosomes. For example, an egg or sperm cell may gain an extra copy of the X chromosome as a result of nondisjunction. If one of these atypical reproductive cells contributes to the genetic makeup of a child, the child will have an extra X chromosome in each of the body's cells.  46,XX/47,XXX mosaicism is also not inherited. It occurs as a random event during cell division in early embryonic development. As a result, some of an affected person's cells have two X chromosomes (46,XX), and other cells have three X chromosomes (47,XXX).","Yes, Triple X syndrome (also known as 47, XXX) is **almost always inherited**. However, it's a complex situation, and here's a breakdown of how it happens:

**1. The Root Cause: An Extra X Chromosome**

* Triple X syndrome occurs when a female is born with an extra X chromosome. This means she has three X chromosomes instead of the typical two (XX).

**2. How It's Inherited – Non-Disjunction**

* The inheritance pattern is due to a phenomenon called **nondisjunction** during the formation of egg or sperm cells.
* **What is Nondisjunction?**  During cell division (specifically meiosis), chromosomes normally separate equally into the daughter cells. Nondisjunction occurs when this separation doesn’t happen properly, resulting in one cell receiving an extra copy of a chromosome (in this case, the X chromosome).
* **How it happens in Triple X:**  The mother with Triple X syndrome carries an extra X chromosome.  During the formation of an egg or sperm cell, the extra X chromosome doesn't get properly separated. This means the egg or sperm cell will have two X chromosomes instead of one.  When this altered"
What are the symptoms of Diabetes ?,"Many people with diabetes experience one or more symptoms, including extreme thirst or hunger, a frequent need to urinate and/or fatigue. Some lose weight without trying. Additional signs include sores that heal slowly, dry, itchy skin, loss of feeling or tingling in the feet and blurry eyesight. Some people with diabetes, however, have no symptoms at all.","Okay, let's break down the symptoms of diabetes. It's important to note that many people, especially in the early stages of Type 2 diabetes, may not experience noticeable symptoms. However, recognizing the signs is crucial for early diagnosis and management.

Here's a categorized breakdown of symptoms, separated by Type 1 and Type 2 diabetes:

**I. Symptoms of Type 1 Diabetes (Often Sudden Onset)**

Type 1 diabetes is an autoimmune condition where the body's immune system attacks the insulin-producing cells in the pancreas. Because of this, symptoms tend to develop quickly.

* **Increased Thirst (Polydipsia):**  High blood sugar levels draw fluid from the body's tissues, leading to excessive thirst.
* **Frequent Urination (Polyuria):** The kidneys try to get rid of excess sugar in the blood by flushing it out through urine, leading to frequent trips to the bathroom.  This is especially noticeable at night (nocturia).
* **Excessive Hunger (Polyphagia):** Despite eating, the body isn't getting the energy from glucose due to the lack of insulin. This can lead to constant hunger.
* **Unexplained Weight Loss:** The body"
Is Serpiginous choroiditis inherited ?,Can I inherit serpiginous choroiditis if my mother has the condition? No familial predillection or propensity has been described.,"Yes, serpiginous choroiditis is **strongly believed to be inherited**, though the exact genetic mechanisms are still being researched. Here's a breakdown of what we know:

**Key Points:**

* **Family History is Crucial:** The most significant factor in diagnosing serpiginous choroiditis is a family history of the condition.  Typically, there's a pattern of multiple generations affected.
* **Autosomal Dominant Inheritance:**  Current evidence strongly suggests it’s inherited in an **autosomal dominant** manner. This means that only one copy of the mutated gene is needed to cause the disease to manifest.  If one parent has serpiginous choroiditis, there's a 50% chance their child will inherit it.
* **Genetic Mutations Identified:** Several mutations have been identified in genes involved in the immune response and/or the formation and maintenance of the retinal pigment epithelium (RPE), which is the layer most affected in serpiginous choroiditis. The most commonly implicated genes are:
    * **_TGFBR2_:** This gene encodes a subunit of transforming growth factor beta receptor, crucial for regulating cell growth and differentiation. This is the most frequently identified mutation.
    * **_PI"
What is (are) Nail Diseases ?,"Your toenails and fingernails protect the tissues of your toes and fingers. They are made up of layers of a hardened protein called keratin, which is also in your hair and skin. The health of your nails can be a clue to your overall health. Healthy nails are usually smooth and consistent in color. Specific types of nail discoloration and changes in growth rate can be signs of lung, heart, kidney, and liver diseases, as well as diabetes and anemia. White spots and vertical ridges are harmless.    Nail problems that sometimes require treatment include       - Bacterial and fungal infections    - Ingrown nails    - Tumors    - Warts       Keeping your nails clean, dry, and trimmed can help you avoid some problems. Do not remove the cuticle, which can cause infection.","Okay, let's break down nail diseases. It's a surprisingly diverse group of conditions that can affect the appearance, health, and function of your nails. Here’s a categorized overview of common nail diseases:

**1. Infections:**

* **Onychomycosis:** This is the *most common* nail infection, caused by fungi (usually *Trichophyton*) on the nail. It causes thickening, discoloration (yellow, brown, white), crumbling, and brittleness. It's often difficult to treat and can be chronic.
* **Paronychia:** An infection of the skin around the nail. It’s often caused by bacteria (Staphylococcus, Streptococcus) or fungi, often following trauma to the nail (e.g., manicure, cuticle work). Symptoms include redness, swelling, pain, and sometimes pus formation.
* **Bacterial Nail Infections:** Less common than fungal infections, but can occur, especially with paronychia. Symptoms include pus, redness, and pain.
* **Yeast Infections (Candidiasis):**  Can occur on the nails, particularly in people with diabetes or weakened immune systems.

**2. Non-Infectious Conditions:**

* **Onycholysis:** This refers to"
What are the genetic changes related to vitelliform macular dystrophy ?,"Mutations in the BEST1 and PRPH2 genes cause vitelliform macular dystrophy. BEST1 mutations are responsible for Best disease and for some cases of the adult-onset form of vitelliform macular dystrophy. Changes in the PRPH2 gene can also cause the adult-onset form of vitelliform macular dystrophy; however, less than a quarter of all people with this form of the condition have mutations in the BEST1 or PRPH2 gene. In most cases, the cause of the adult-onset form is unknown.  The BEST1 gene provides instructions for making a protein called bestrophin. This protein acts as a channel that controls the movement of charged chlorine atoms (chloride ions) into or out of cells in the retina. Mutations in the BEST1 gene probably lead to the production of an abnormally shaped channel that cannot properly regulate the flow of chloride. Researchers have not determined how these malfunctioning channels are related to the buildup of lipofuscin in the macula and progressive vision loss.  The PRPH2 gene provides instructions for making a protein called peripherin 2. This protein is essential for the normal function of light-sensing (photoreceptor) cells in the retina. Mutations in the PRPH2 gene cause vision loss by disrupting structures in these cells that contain light-sensing pigments. It is unclear why PRPH2 mutations affect only central vision in people with adult-onset vitelliform macular dystrophy.","Vitelliform macular dystrophy (VMD), also known as Staphyloma Maculopathy, is a group of inherited retinal dystrophies primarily caused by mutations in genes involved in the synthesis and processing of vitelliform macular pigment. These pigments are crucial for the normal structure and function of the macula, the central part of the retina responsible for sharp, detailed vision.

Here’s a breakdown of the genetic changes associated with VMD, categorized by the most common genes involved:

**1. Preretinal Pigment Epithelial (PrEP) Genes (Most Common)**

* **PRMP1 (60-70% of cases):** This is the *most* common gene associated with VMD. Mutations in PRMP1 disrupt the synthesis of lutein and zeaxanthin, two key macular pigments.  A significant portion of VMD cases are autosomal dominant, meaning a single copy of the mutated gene is enough to cause the condition.
* **PRMP2 (10-15% of cases):** Mutations in PRMP2 also affect lutein and zeaxanthin production. It's often associated with a slightly milder phenotype compared to PRMP1.  Like PRMP1, it's typically autosomal dominant."
What are the symptoms of Konigsmark Knox Hussels syndrome ?,"What are the signs and symptoms of Konigsmark Knox Hussels syndrome? The Human Phenotype Ontology provides the following list of signs and symptoms for Konigsmark Knox Hussels syndrome. If the information is available, the table below includes how often the symptom is seen in people with this condition. You can use the MedlinePlus Medical Dictionary to look up the definitions for these medical terms. Signs and Symptoms Approximate number of patients (when available) Ataxia 5% Abnormal amplitude of pattern reversal visual evoked potentials - Abnormal auditory evoked potentials - Autosomal dominant inheritance - Central scotoma - Centrocecal scotoma - Horizontal nystagmus - Increased variability in muscle fiber diameter - Myopathy - Ophthalmoplegia - Optic atrophy - Peripheral neuropathy - Phenotypic variability - Progressive sensorineural hearing impairment - Ptosis - Red-green dyschromatopsia - Reduced visual acuity - Strabismus - Tritanomaly - Visual impairment - The Human Phenotype Ontology (HPO) has collected information on how often a sign or symptom occurs in a condition. Much of this information comes from Orphanet, a European rare disease database. The frequency of a sign or symptom is usually listed as a rough estimate of the percentage of patients who have that feature. The frequency may also be listed as a fraction. The first number of the fraction is how many people had the symptom, and the second number is the total number of people who were examined in one study. For example, a frequency of 25/25 means that in a study of 25 people all patients were found to have that symptom. Because these frequencies are based on a specific study, the fractions may be different if another group of patients are examined. Sometimes, no information on frequency is available. In these cases, the sign or symptom may be rare or common.","Okay, let's delve into the symptoms of Konigsmark-Knox-Hussels Syndrome (KKHS). It's important to state upfront that this is a very rare genetic disorder, and symptoms can vary significantly in severity and presentation from person to person. Here's a breakdown of the typical symptoms, categorized for clarity:

**1. Primary Features (Almost Always Present):**

* **Hirschsprung's Disease:** This is the defining characteristic of KKHS. It’s a condition where the nerve cells (ganglion cells) are missing in a portion of the colon. This lack of nerve function prevents normal peristalsis (muscle contractions that move food through the colon), leading to:
    * **Chronic Constipation:** This is the most common and earliest symptom. It's often severe and resistant to conventional treatments.
    * **Large, Firm Abdomen:** Due to the buildup of stool.
    * **Failure to Thrive (in infants):**  Infants with KKHS often don't gain weight appropriately.
* **Cerebellar Ataxia:** This is a neurological issue affecting the cerebellum, the part of the brain responsible for coordination and balance.  Symptoms include:
    * **Unsteady"
"What are the symptoms of Cardiac valvular dysplasia, X-linked ?","What are the signs and symptoms of Cardiac valvular dysplasia, X-linked? The Human Phenotype Ontology provides the following list of signs and symptoms for Cardiac valvular dysplasia, X-linked. If the information is available, the table below includes how often the symptom is seen in people with this condition. You can use the MedlinePlus Medical Dictionary to look up the definitions for these medical terms. Signs and Symptoms Approximate number of patients (when available) Abnormality of metabolism/homeostasis - Aortic regurgitation - Congestive heart failure - Mitral regurgitation - Mitral valve prolapse - Short chordae tendineae of the mitral valve - Short chordae tendineae of the tricuspid valve - Tricuspid regurgitation - X-linked recessive inheritance - The Human Phenotype Ontology (HPO) has collected information on how often a sign or symptom occurs in a condition. Much of this information comes from Orphanet, a European rare disease database. The frequency of a sign or symptom is usually listed as a rough estimate of the percentage of patients who have that feature. The frequency may also be listed as a fraction. The first number of the fraction is how many people had the symptom, and the second number is the total number of people who were examined in one study. For example, a frequency of 25/25 means that in a study of 25 people all patients were found to have that symptom. Because these frequencies are based on a specific study, the fractions may be different if another group of patients are examined. Sometimes, no information on frequency is available. In these cases, the sign or symptom may be rare or common.","Okay, let's break down the symptoms of X-linked Cardiac Valvular Dysplasia (XVD). This is a relatively rare genetic condition, and its presentation can be quite variable, even within the same family. Here's a detailed look at the symptoms, categorized for clarity:

**1. Early Childhood (Infancy – Preschool Years):**

* **Cyanosis:** This is the most common and often earliest symptom. It's a bluish discoloration of the skin, lips, and nail beds caused by low levels of oxygen in the blood. It can be intermittent, meaning it comes and goes, particularly with exertion.
* **Rapid Heartbeat (Tachycardia):**  Babies with XVD often have a persistently fast heart rate, even when at rest.
* **Difficulty Feeding:**  The rapid heart rate and shortness of breath can make it difficult for infants to feed effectively.
* **Failure to Thrive:**  Reduced intake and poor weight gain are common.
* **Shortness of Breath (Dyspnea):**  Especially with crying, feeding, or activity.
* **Wheezing:**  Can be present, particularly if there's associated bronchospasm (narrowing of the airways).
* **Club"
What are the symptoms of Acrokeratoelastoidosis of Costa ?,"What are the signs and symptoms of Acrokeratoelastoidosis of Costa? The Human Phenotype Ontology provides the following list of signs and symptoms for Acrokeratoelastoidosis of Costa. If the information is available, the table below includes how often the symptom is seen in people with this condition. You can use the MedlinePlus Medical Dictionary to look up the definitions for these medical terms. Signs and Symptoms Approximate number of patients (when available) Hyperkeratosis 90% Verrucae 90% Abnormality of the nail 50% Hyperhidrosis 50% Acrokeratosis - Autosomal dominant inheritance - The Human Phenotype Ontology (HPO) has collected information on how often a sign or symptom occurs in a condition. Much of this information comes from Orphanet, a European rare disease database. The frequency of a sign or symptom is usually listed as a rough estimate of the percentage of patients who have that feature. The frequency may also be listed as a fraction. The first number of the fraction is how many people had the symptom, and the second number is the total number of people who were examined in one study. For example, a frequency of 25/25 means that in a study of 25 people all patients were found to have that symptom. Because these frequencies are based on a specific study, the fractions may be different if another group of patients are examined. Sometimes, no information on frequency is available. In these cases, the sign or symptom may be rare or common.","Acrokeratoelastoidosis of Costa (AKE) is a rare, autosomal recessive genetic disorder characterized by a distinctive pattern of skin findings. Here's a breakdown of the typical symptoms, categorized for clarity:

**1. Classic Skin Manifestations (Most Defining):**

* **“String-like” or “Cord-like” Bands:** This is the hallmark of the condition. These thick, yellowish-white bands appear most frequently on:
    * **Extensor Surfaces:**  The back of the hands (extensor sides), back of the forearms, and sometimes the back of the neck are most commonly affected.
    * **Elbows and Knees:**  Bands can also appear around the elbows and knees.
    * **Neck:** Often extending from the shoulders down the back.
* **Erythematous (Red) Areas Around Bands:** The skin surrounding the yellowish-white bands is typically red and inflamed.
* **Scaling:**  The skin within and around the bands can be dry and scaly.
* **“Crinkled” or “Folded” Skin:**  The skin becomes wrinkled and folded, particularly in areas with the bands.



**2. Other Common Symptoms & Findings:**"
What are the treatments for spastic paraplegia type 7 ?,"These resources address the diagnosis or management of spastic paraplegia type 7:  - Gene Review: Gene Review: Hereditary Spastic Paraplegia Overview  - Gene Review: Gene Review: Spastic Paraplegia 7  - Genetic Testing Registry: Spastic paraplegia 7  - Spastic Paraplegia Foundation, Inc.: Treatments and Therapies   These resources from MedlinePlus offer information about the diagnosis and management of various health conditions:  - Diagnostic Tests  - Drug Therapy  - Surgery and Rehabilitation  - Genetic Counseling   - Palliative Care","Spastic paraplegia type 7, also known as Hutchinson-Gilford Progeria Syndrome (HGPS), is a rare, devastating genetic disorder. There is currently **no cure** for HGPS, and treatments focus on managing symptoms and improving quality of life. Here’s a breakdown of the treatments currently used and being explored:

**1. Low-Dose Nitisinone (Zortress):**

* **Mechanism:** This is the *only* FDA-approved treatment for HGPS. Nitisinone is a selective inhibitor of the enzyme progerin, which is the mutated form responsible for the disease. Progerin builds up and damages cells, particularly in arteries and the brain. Nitisinone reduces progerin levels, slowing down the progression of the disease.
* **Dosage:**  The dosage is carefully adjusted based on the patient's weight and clinical response. It's typically given orally.
* **Effectiveness:** Nitisinone has been shown to significantly slow the progression of HGPS, particularly in younger patients. However, its effects aren’t a complete reversal of the disease; it primarily slows the rate of decline.
* **Limitations:** It doesn't reverse the existing"
What are the treatments for fragile X syndrome ?,These resources address the diagnosis or management of fragile X syndrome:  - Gene Review: Gene Review: FMR1-Related Disorders  - GeneFacts: Fragile X Syndrome: Diagnosis  - GeneFacts: Fragile X Syndrome: Management  - Genetic Testing Registry: Fragile X syndrome  - MedlinePlus Encyclopedia: Fragile X syndrome   These resources from MedlinePlus offer information about the diagnosis and management of various health conditions:  - Diagnostic Tests  - Drug Therapy  - Surgery and Rehabilitation  - Genetic Counseling   - Palliative Care,"Okay, let's break down the treatments for Fragile X Syndrome. It's important to understand that there isn't a ""cure"" for Fragile X, but there are a variety of interventions that can manage the symptoms and improve the quality of life for individuals and their families. Treatment is highly individualized and depends on the severity of the symptoms and the specific challenges a person faces.

Here's a categorized breakdown of the treatments:

**1. Medications (Limited, Primarily for Associated Conditions):**

* **Antipsychotics:**  Some individuals with Fragile X, particularly those with significant behavioral challenges, may be prescribed atypical antipsychotics like risperidone or aripiprazole to manage aggression, irritability, and self-injurious behaviors. *These are used cautiously and long-term use is often debated due to potential side effects.*
* **Antidepressants:**  May be used to treat co-occurring depression or anxiety. SSRIs (Selective Serotonin Reuptake Inhibitors) are common.
* **Anti-anxiety Medications:**  Benzodiazepines might be used short-term for severe anxiety, but are generally avoided due to potential for misuse and dependence.

**Important Note:** Medication is typically used to address"
What are the treatments for Thrombocytopenia ?,"Treatment for thrombocytopenia depends on its cause and severity. The main goal of treatment is to prevent death and disability caused by bleeding.
                
If your condition is mild, you may not need treatment. A fully normal platelet count isn't necessary to prevent bleeding, even with severe cuts or accidents.
                
Thrombocytopenia often improves when its underlying cause is treated. People who inherit the condition usually don't need treatment.
                
If a reaction to a medicine is causing a low platelet count, your doctor may prescribe another medicine. Most people recover after the initial medicine has been stopped. For heparin-induced thrombocytopenia (HIT), stopping the heparin isn't enough. Often, you'll need another medicine to prevent blood clotting.
                
If your immune system is causing a low platelet count, your doctor may prescribe medicines to suppress the immune system.
                
Severe Thrombocytopenia
                
If your thrombocytopenia is severe, your doctor may prescribe treatments such as medicines, blood or platelet transfusions, or splenectomy.
                
Medicines
                
Your doctor may prescribe corticosteroids, also called steroids for short. Steroids may slow platelet destruction. These medicines can be given through a vein or by mouth. One example of this type of medicine is prednisone.
                
The steroids used to treat thrombocytopenia are different from illegal steroids taken by some athletes to enhance performance.
                
Your doctor may prescribe immunoglobulins or medicines like rituximab to block your immune system. These medicines are given through a vein. He or she also may prescribe other medicines, such as eltrombopag or romiplostim, to help your body make more platelets. The former comes as a tablet to take by mouth and the latter is given as an injection under the skin.
                
Blood or Platelet Transfusions
                
Blood or platelet transfusions are used to treat people who have active bleeding or are at a high risk of bleeding. During this procedure, a needle is used to insert an intravenous (IV) line into one of your blood vessels. Through this line, you receive healthy blood or platelets.
                
For more information about this procedure, go to the Health Topics Blood Transfusion article.
                
Splenectomy
                
A splenectomy is surgery to remove the spleen. This surgery may be used if treatment with medicines doesn't work. This surgery mostly is used for adults who have immune thrombocytopenia (ITP). However, medicines often are the first course of treatment.","Okay, let's break down the treatments for thrombocytopenia – a condition characterized by a low platelet count. It's important to note that the specific treatment depends *entirely* on the **cause** of the thrombocytopenia. There's no one-size-fits-all solution. Here's a categorized breakdown of treatments, considering the potential causes:

**1. Treating the Underlying Cause:**

This is the *most* important aspect of treatment.  If the root problem is addressed, the platelet count may recover on its own.

* **Autoimmune Disorders (e.g., ITP - Immune Thrombocytopenic Purpura):**
    * **Corticosteroids:** (Prednisone, Methylprednisolone) – These are the mainstay of treatment, reducing inflammation and suppressing the immune system.  They’re often used acutely to bring platelet counts up quickly.
    * **Intravenous Immunoglobulin (IVIG):** Provides antibodies to help the body stop attacking its own platelets. Often used for severe cases or when corticosteroids aren't effective.
    * **Rituximab:** A monoclonal antibody that targets B cells (a type of immune cell involved in antibody production). Used if other treatments fail.
    *"
Is supravalvular aortic stenosis inherited ?,"This condition is inherited in an autosomal dominant pattern, which means one copy of the altered gene in each cell is sufficient to cause the disorder. However, some people who inherit the altered gene never develop features of SVAS. (This situation is known as reduced penetrance.)  In some cases, a person inherits the mutation from one parent who has the mutation. Other cases result from new mutations in the gene and occur in people with no history of the disorder in their family.","Yes, supravalvular aortic stenosis (SVAS) can definitely be inherited. It's a complex condition, and the inheritance patterns are varied, making it a significant area of research. Here's a breakdown of how inheritance plays a role:

**1. Genetic Basis - Mutations are Key**

* **Most Cases are Sporadic:** In a significant portion of cases (around 70-80%), SVAS occurs sporadically. This means it arises due to a random genetic mutation that happens during the development of the heart. These mutations aren't passed down from parents.
* **Autosomal Dominant Inheritance (More Common than Previously Thought):** Recent research has shown that autosomal dominant inheritance is actually much more common than previously believed. This means that if one parent has SVAS, there's a 50% chance their child will inherit the gene and potentially develop the condition. However, this doesn't mean *every* child of someone with SVAS will get it.
* **Specific Genes Involved:** Several genes have been linked to SVAS, and mutations in these genes are responsible for the vast majority of inherited cases. The most frequently implicated genes include:
    * **NKX2-5:** This is the *"
How to diagnose Amyloidosis and Kidney Disease ?,"A health care provider diagnoses dialysis-related amyloidosis with
                
- urinalysis  - blood tests  - imaging tests
                
A health care provider can use urinalysis and blood tests to detect the amount of amyloid proteins in urine and blood. Imaging tests, such as x-rays and CT scans, can provide pictures of bone cysts and amyloid deposits in bones, joints, tendons, and ligaments. An x-ray technician performs imaging tests in a health care providers office, an outpatient center, or a hospital. A radiologista doctor who specializes in medical imaginginterprets the images. A patient does not require anesthesia.","Okay, let's break down how amyloidosis and kidney disease are diagnosed. They can be related, often intertwined, and require a multi-faceted approach. Here’s a detailed explanation of the diagnostic process for each, and how they're often investigated together:

**1. Diagnosing Amyloidosis**

Amyloidosis is a complex condition where abnormal protein deposits, called amyloid fibrils, build up in tissues and organs, disrupting their normal function. Diagnosis can be challenging because it often presents with vague symptoms. Here’s the typical diagnostic process:

**a) Clinical Suspicion & Initial Assessment:**

* **Symptoms:** The diagnostic process often begins with a doctor suspecting amyloidosis based on symptoms like:
    * Fatigue
    * Swelling (edema) – particularly in legs, feet, or hands
    * Heart failure symptoms (shortness of breath, cough)
    * Nerve pain or numbness
    * Unexplained weight loss
    * Abnormal lab results (e.g., low albumin, elevated cardiac biomarkers)
* **Detailed History:** The doctor will ask about family history of amyloidosis, exposure to potential triggers (certain occupations, medications), and other medical conditions.

**b) Diagnostic Tests:**

* **"
What is (are) Asperger Syndrome ?,"Asperger syndrome (AS) is a developmental disorder. It is an autism spectrum disorder (ASD), one of a distinct group of neurological conditions characterized by a greater or lesser degree of impairment in language and communication skills, as well as repetitive or restrictive patterns of thought and behavior. Other ASDs include: classic autism, Rett syndrome, childhood disintegrative disorder, and pervasive developmental disorder not otherwise specified (usually referred to as PDD-NOS). Unlike children with autism, children with AS retain their early language skills.
                
The most distinguishing symptom of AS is a childs obsessive interest in a single object or topic to the exclusion of any other. Children with AS want to know everything about their topic of interest and their conversations with others will be about little else. Their expertise, high level of vocabulary, and formal speech patterns make them seem like little professors. Other characteristics of AS include repetitive routines or rituals; peculiarities in speech and language; socially and emotionally inappropriate behavior and the inability to interact successfully with peers; problems with non-verbal communication; and clumsy and uncoordinated motor movements.
                
Children with AS are isolated because of their poor social skills and narrow interests. They may approach other people, but make normal conversation impossible by inappropriate or eccentric behavior, or by wanting only to talk about their singular interest.Children with AS usually have a history of developmental delays in motor skills such as pedaling a bike, catching a ball, or climbing outdoor play equipment. They are often awkward and poorly coordinated with a walk that can appear either stilted or bouncy.","Okay, let's break down what Asperger Syndrome is, and importantly, how it's currently understood and categorized. It's a topic that’s evolved over time, so let's cover the key points.

**Historically: Asperger Syndrome (AS)**

* **Originally Defined:** Asperger Syndrome was a distinct diagnosis recognized in the DSM-IV (Diagnostic and Statistical Manual of Mental Disorders, 4th Edition) – the standard diagnostic tool for mental health conditions. It was characterized by difficulties with social interaction and communication, alongside restricted and repetitive patterns of behavior.
* **Key Characteristics (as defined in the DSM-IV):**
    * **Social Communication Difficulties:** This was a core feature. People with AS often struggled with:
        * **Understanding Social Cues:** Difficulty interpreting body language, facial expressions, tone of voice, and sarcasm.
        * **Reciprocal Social Interaction:** Trouble initiating and maintaining conversations, often talking *at* people rather than *with* them. Difficulty sharing interests and emotions.
        * **Theory of Mind:**  A difficulty understanding that other people have different thoughts, beliefs, and perspectives than their own.
    * **Restricted and Repetitive Behaviors:** This included:"
what research (or clinical trials) is being done for Post-Polio Syndrome ?,"The National Institute of Neurological Disorders and Stroke (NINDS) and other institutes of the National Institutes of Health (NIH) conduct research related to PPS in laboratories at the NIH, and also support additional PPS research through grants to major medical institutions across the country.","Research into Post-Polio Syndrome (PPS) is a surprisingly complex and evolving area. Historically, it was largely dismissed as anecdotal, but increased awareness and recognition have led to a surge in research. Here’s a breakdown of what’s currently being done, categorized by type:

**1. Clinical Trials & Research Studies (Active & Ongoing):**

* **The PPS Research Foundation (PPRF) - The Most Significant Effort:** This organization is the primary driver of PPS research. They’ve spearheaded several key initiatives:
    * **The PPS Registry:**  This is *the* cornerstone. It's a massive, international, observational registry of over 2,800 polio survivors who report experiencing PPS symptoms.  It's crucial for identifying trends, symptoms, and potential risk factors. Data from the registry is used in many other research projects.
    * **The PPS Biomarker Study:** This is a major ongoing project funded by PPRF. The goal is to identify specific biomarkers (measurable indicators) in blood or saliva that could be used to diagnose PPS early. This is incredibly important because diagnosis is currently based on subjective symptoms. They've identified potential inflammatory markers, and are refining their approach.
    * **The PPS"
What is (are) Retinal vasculopathy with cerebral leukodystrophy ?,"Retinal vasculopathy with cerebral leukodystrophy (RVCL) is a rare, genetic condition that primarily affects the central nervous system. Symptoms begin in adulthood (usually in the 40s) and may include loss of vision, mini-strokes, and dementia. Death can sometimes occur within 10 years of the first symptoms appearing. RVCL is inherited in an autosomal dominant manner and is caused by mutations in the TREX1 gene. Treatments currently aim to manage or alleviate the symptoms rather than treating the underlying cause. RVCL is now considered to include the following 3 conditions which were previously thought to be distinct: hereditary endotheliopathy, retinopathy, nephropathy, and stroke (HERNS); cerebroretinal vasculopathy (CRV); and hereditary vascular retinopathy (HVR).","Retinal vasculopathy with cerebral leukodystrophy (RVCL) is a very rare, progressive neurodegenerative disorder characterized by a constellation of symptoms affecting the eyes, brain, and, sometimes, other organs. Here’s a breakdown of what it is, its symptoms, diagnosis, and treatment:

**What is it?**

* **Genetic Disorder:** RVCL is caused by mutations in the *SETBP1* gene. This gene provides instructions for making a protein called SETBP1, which is involved in the development and maintenance of neurons, particularly in the brain and retina.
* **Progressive Neurodegeneration:** The mutation leads to a gradual breakdown of neurons, primarily in the retina and white matter of the brain. This is what causes the progressive nature of the disease.


**Symptoms**

Symptoms typically begin in childhood or adolescence but can present at any age. They vary significantly from person to person, but common symptoms include:

* **Retinal Vasculopathy (Eye Problems):**
    * **Optic Neuropathy:**  Damage to the optic nerve, leading to vision loss. This is often the first symptom.
    * **Retinal Hemorrhages:** Bleeding in the retina, causing blurred vision and sometimes floaters"
what research (or clinical trials) is being done for Chronic Pain ?,"Clinical investigators have tested chronic pain patients and found that they often have lower-than-normal levels of endorphins in their spinal fluid. Investigations of acupuncture include wiring the needles to stimulate nerve endings electrically (electroacupuncture), which some researchers believe activates endorphin systems. Other experiments with acupuncture have shown that there are higher levels of endorphins in cerebrospinal fluid following acupuncture. Investigators are studying the effect of stress on the experience of chronic pain. Chemists are synthesizing new analgesics and discovering painkilling virtues in drugs not normally prescribed for pain.","Okay, let's dive into the exciting and complex world of research and clinical trials for chronic pain. It's a hugely active area with a lot of different approaches being investigated. Here's a breakdown, categorized for clarity:

**1. Pharmaceutical & Targeted Therapies:**

* **Opioid Satiation Studies:**  Researchers are exploring whether repeatedly administering low doses of opioids can reduce the overall pain response over time, potentially reducing tolerance and dependence. Several trials are underway, focusing on specific populations (e.g., osteoarthritis, fibromyalgia).
* **New Opioids & Analgesics:**
    * **Tapentadol (NerveGuard):**  This medication has a dual mechanism – it blocks opioid receptors and also stimulates norepinephrine, which can enhance pain relief.  Trials are ongoing for various chronic pain conditions.
    * **Methylnaltrexone (Trexima):** Specifically targets the opioid receptor in the gut, reducing opioid-induced constipation – a major side effect.
    * **Fentanyl Transdermal Patches with Novel Delivery Systems:** Research is focused on developing patches that deliver fentanyl more precisely and for longer durations.
    * **Cannabinoid-Based Medications (CBD, THC):**  While the research is"
What causes Adenoid cystic carcinoma ?,"What causes adenoid cystic carcinoma? The underlying cause of adenoid cystic carcinoma (ACC) is not yet known, and no strong genetic or environmental risk factors specific to ACC have been identified. Researchers believe that a combination of various genetic and environmental factors probably interact to ultimately cause a person to develop specific types of cancers. There is ongoing research to learn more about the many factors that contribute to the development of cancer. Cancer is at least partly due to acquired (not inherited) damage or changes to the DNA in certain cells. For example, various studies have shown that chromosomal abnormalities and genetic deletions are present in samples of ACC. However, these genetic abnormalities are present only in the cancer cells, not in the cells with the genetic material that is passed on to offspring (the egg and sperm cells).","Adenoid cystic carcinoma (ACC) is a notoriously slow-growing, insidious cancer that’s often difficult to detect early. Its exact cause is still largely unknown, but here’s a breakdown of what we do know about the factors that contribute to its development:

**1. Genetic and Chromosomal Abnormalities – The Biggest Factor:**

* **Rearranged Genes:** ACC is almost always associated with rearrangements (changes in the way genes are arranged) in specific genes. These rearrangements are the *primary* driver of the cancer. The most common genes involved are:
    * **PAX2:** This is the most frequently implicated gene in ACC. Rearrangements of the PAX2 gene are found in around 70-80% of cases.
    * **MYB14:** This is the second most common gene rearrangement, found in about 15-20% of cases.
    * **Other less common rearrangements** include CK19, SOX14, and others.
* **How Rearrangements Cause Cancer:** These rearrangements lead to abnormal production of proteins, disrupting normal cell growth and division. They often result in cells that have a very slow rate of proliferation, which is why ACC is so slow to grow"
"What are the genetic changes related to distal hereditary motor neuropathy, type II ?","Mutations in the HSPB1 and HSPB8 genes cause distal hereditary motor neuropathy, type II. These genes provide instructions for making proteins called heat shock protein beta-1 and heat shock protein beta-8. Heat shock proteins help protect cells under adverse conditions such as infection, inflammation, exposure to toxins, elevated temperature, injury, and disease. They block signals that lead to programmed cell death. In addition, they appear to be involved in activities such as cell movement (motility), stabilizing the cell's structural framework (the cytoskeleton), folding and stabilizing newly produced proteins, and repairing damaged proteins. Heat shock proteins also appear to play a role in the tensing of muscle fibers (muscle contraction).  Heat shock protein beta-1 and heat shock protein beta-8 are found in cells throughout the body and are abundant in nerve cells. In nerve cells, heat shock protein beta-1 helps to organize a network of molecular threads called neurofilaments that maintain the diameter of specialized extensions called axons. Maintaining proper axon diameter is essential for the efficient transmission of nerve impulses. The function of heat shock protein beta-8 is not well understood, but studies have shown that it interacts with heat shock protein beta-1.  The HSPB1 and HSPB8 gene mutations that cause distal hereditary motor neuropathy, type II change single protein building blocks (amino acids) in the protein sequence. If either protein is altered, they may be more likely to cluster together and form clumps (aggregates). Aggregates of heat shock proteins may block the transport of substances that are essential for the proper function of nerve axons. The disruption of other cell functions in which these proteins are involved may also contribute to the signs and symptoms of distal hereditary motor neuropathy, type II.","Distal Hereditary Motor Neuropathy Type II (dHMNII), also known as Charcot-Marie-Tooth disease type 1 (CMT1), is a complex inherited disorder with a surprisingly diverse range of genetic mutations. Here's a breakdown of the genetic changes associated with dHMNII, categorized by the most common genes involved and a look at rarer mutations:

**1. Most Common Gene Mutations (Over 90% of Cases):**

* **_PMP22_ Gene:** This is *by far* the most common genetic cause of CMT1.
    * **Mutations:** The vast majority of dHMNII cases are caused by mutations in the _PMP22_ gene. These mutations typically involve:
        * **Repeat expansions:** The _PMP22_ gene contains a non-coding repetitive sequence. Pathogenic mutations almost always involve an expansion of this repeat unit.
            * **Most Common Expansion:** A 27-repeat expansion is the most frequent mutation.
            * **Other Expansions:**  28, 29, 30, 31, 32, 33, 34, 35, 36"
How many people are affected by Miyoshi myopathy ?,"The exact prevalence of Miyoshi myopathy is unknown. In Japan, where the condition was first described, it is estimated to affect 1 in 440,000 individuals.","Miyoshi myopathy is a rare genetic disorder, and accurately determining the exact number of people affected is challenging due to several factors:

**Estimated Numbers:**

* **Worldwide:** Estimates vary, but most sources agree that Miyoshi myopathy affects approximately **1 in 40,000 to 100,000 people.**
* **United States:** The National Organization for Rare Disorders (NORD) estimates around **200-300 individuals and families** in the United States.
* **Japan:** Miyoshi myopathy is particularly prevalent in Japan, stemming from a founder mutation.  It's estimated to affect around **1 in 3,000 to 10,000 people** in the Tohoku region of Japan.  This is due to a specific genetic mutation (specifically, a deletion in the *LAMP2* gene) that originated in this area.



**Key Factors Contributing to Uncertainty:**

* **Underdiagnosis:**  Symptoms can be subtle and easily mistaken for other conditions, leading to delayed or missed diagnoses.
* **Genetic Testing Limitations:**  Genetic testing for Miyoshi myopathy is not routinely offered, so many carriers may be unaware they have the gene.
*"
What are the genetic changes related to alpha-methylacyl-CoA racemase deficiency ?,"AMACR deficiency is caused by mutations in the AMACR gene. This gene provides instructions for making an enzyme called alpha-methylacyl-CoA racemase (AMACR).  The AMACR enzyme is found in the energy-producing centers in cells (mitochondria) and in cell structures called peroxisomes. Peroxisomes contain a variety of enzymes that break down many different substances, including fatty acids and certain toxic compounds. They are also important for the production (synthesis) of fats (lipids) used in digestion and in the nervous system. In peroxisomes, the AMACR enzyme plays a role in the breakdown of a fatty acid called pristanic acid, which comes from meat and dairy foods in the diet. In mitochondria, AMACR is thought to help further break down the molecules derived from pristanic acid.  Most individuals with AMACR deficiency have an AMACR gene mutation that results in a lack (deficiency) of functional enzyme. The enzyme deficiency leads to accumulation of pristanic acid in the blood. However, it is unclear how this accumulation is related to the specific signs and symptoms of AMACR deficiency.","Alpha-methylacyl-CoA racemase (AMCR) deficiency is a rare, autosomal recessive metabolic disorder caused by mutations in the *AMCR* gene. This gene provides instructions for making the AMCR enzyme, which is crucial for converting α-methylacyl-CoA to β-methylacyl-CoA. This process is vital for the metabolism of odd-chain fatty acids. Here's a breakdown of the genetic changes associated with AMCR deficiency:

**1. The *AMCR* Gene:**

* **Location:** Located on chromosome 4q21.3
* **Function:** Encodes the AMCR enzyme. The enzyme catalyzes the reversible conversion of α-methylacyl-CoA to β-methylacyl-CoA. This step is a rate-limiting step in the metabolism of odd-chain fatty acids (isovaleric, isononanoic, and isocaproic acids).

**2. Types of Mutations:**

* **Missense Mutations:** These are the most common type of mutation found in AMCR deficiency. They result in the substitution of a single amino acid in the AMCR protein, disrupting its function.  Many different missense mutations have been identified, typically affecting the catalytic site of the enzyme.
* **N"
Do you have information about Fires,"Summary : Whether a fire happens in your home or in the wild, it can be very dangerous. Fire spreads quickly. There is no time to gather valuables or make a phone call. In just two minutes, a fire can become life-threatening. In five minutes, a home can be engulfed in flames.    Heat and smoke from fire can be more dangerous than the flames. Inhaling the super-hot air can burn your lungs. Fire produces poisonous gases that make you disoriented and drowsy. Instead of being awakened by a fire, you may fall into a deeper sleep. You can suffocate or be burned.    Preventing fires is an important part of fire safety. Although there are no guarantees of safety during a fire, you can take actions to protect yourself. You should have a disaster plan. Being prepared can help reduce fear, anxiety, and losses. If you do experience a disaster, it is normal to feel stressed. You may need help in finding ways to cope.    Federal Emergency Management Agency","Okay, let's dive into ""Fires"" – it's a surprisingly complex topic with a lot of different facets. ""Fires"" can refer to a huge range of things, from the literal combustion of wood to complex societal and cultural representations. Here's a breakdown of what we can explore, broken down into categories:

**1. Literal Fires (The Science & Technology)**

* **Combustion:** This is the fundamental science behind fire. It’s a rapid chemical process involving the reaction between a fuel, an oxidizer (usually oxygen), and heat.
* **Types of Fire:**  Classified by the type of fuel involved:
    * **Class A:** Ordinary combustibles like wood, paper, and cloth.
    * **Class B:** Flammable liquids (gasoline, oil, grease).
    * **Class C:** Electrical fires (energized electrical equipment).
    * **Class D:** Metal fires (specific metals like magnesium, titanium, sodium).
    * **Class K:** Kitchen fires (cooking oils and fats).
* **Fire Suppression:** Methods for extinguishing fires:
    * **Water:** Cools the fuel and smothers the flame.
    * **Foam:** Disrupts the"
What are the treatments for Jackson-Weiss syndrome ?,These resources address the diagnosis or management of Jackson-Weiss syndrome:  - Gene Review: Gene Review: FGFR-Related Craniosynostosis Syndromes  - Genetic Testing Registry: Jackson-Weiss syndrome  - MedlinePlus Encyclopedia: Craniosynostosis   These resources from MedlinePlus offer information about the diagnosis and management of various health conditions:  - Diagnostic Tests  - Drug Therapy  - Surgery and Rehabilitation  - Genetic Counseling   - Palliative Care,"Jackson-Weiss syndrome (JWS) is a rare, complex genetic disorder caused by a duplication on chromosome 18q11.2. There isn’t a cure for JWS, and treatment is focused on managing the many symptoms and maximizing the child's quality of life. It's a highly individualized approach, and the specific treatments will vary greatly depending on the severity of each child's symptoms. Here's a breakdown of the typical areas of treatment:

**1. Medical Management of Specific Symptoms:**

* **Cardiac Defects:** This is the most common and serious complication.
    * **Medications:** ACE inhibitors (like enalapril or lisinopril) are often used to manage high blood pressure and reduce strain on the heart.
    * **Surgery:**  May be required for valve repair or replacement (aortic valve is frequently affected), septal defects, and other structural heart problems.
* **Feeding Difficulties & Gastrointestinal Issues:**  This is a significant challenge.
    * **Specialized Formulas:**  Hypoallergenic formulas are frequently needed due to sensitivities.
    * **G-tube (Gastrostomy Tube):** Many children with JWS require a G-tube for nutritional support,"
What is the outlook for Wallenberg's Syndrome ?,The outlook for someone with Wallenbergs syndrome depends upon the size and location of the area of the brain stem damaged by the stroke. Some individuals may see a decrease in their symptoms within weeks or months. Others may be left with significant neurological disabilities for years after the initial symptoms appeared.,"Okay, let's break down the outlook for Wallenberg Syndrome (also known as Lateral Medullary Syndrome or LMS). It's a complex condition with a variable prognosis, and it’s important to understand that *every case is unique*. Here's a detailed look at the outlook, considering various factors:

**1. Understanding Wallenberg Syndrome**

* **Cause:** LMS is typically caused by a stroke affecting the posterior inferior cerebellar artery (PICA), which supplies blood to a small area of the brainstem. This often results in damage to the Wallenberg area, a specific region that controls many vital functions.
* **Symptoms:** Common symptoms include:
    * **Ataxia:** Loss of coordination, particularly balance and gait.
    * **Vertigo:** Severe spinning sensation.
    * **Dysphagia:** Difficulty swallowing.
    * **Autonomic Dysfunction:** This is a hallmark of LMS and can include:
        * **Hypotension:** Low blood pressure, leading to dizziness and fainting.
        * **Hirschsprung's-like diarrhea:**  Frequent, watery bowel movements.
        * **Sweating abnormalities:**  Excessive or reduced sweating.
        * **Pupillary abnormalities:**  Unequal"
What is (are) familial adenomatous polyposis ?,"Familial adenomatous polyposis (FAP) is an inherited disorder characterized by cancer of the large intestine (colon) and rectum. People with the classic type of familial adenomatous polyposis may begin to develop multiple noncancerous (benign) growths (polyps) in the colon as early as their teenage years. Unless the colon is removed, these polyps will become malignant (cancerous). The average age at which an individual develops colon cancer in classic familial adenomatous polyposis is 39 years. Some people have a variant of the disorder, called attenuated familial adenomatous polyposis, in which polyp growth is delayed. The average age of colorectal cancer onset for attenuated familial adenomatous polyposis is 55 years.  In people with classic familial adenomatous polyposis, the number of polyps increases with age, and hundreds to thousands of polyps can develop in the colon. Also of particular significance are noncancerous growths called desmoid tumors. These fibrous tumors usually occur in the tissue covering the intestines and may be provoked by surgery to remove the colon. Desmoid tumors tend to recur after they are surgically removed. In both classic familial adenomatous polyposis and its attenuated variant, benign and malignant tumors are sometimes found in other places in the body, including the duodenum (a section of the small intestine), stomach, bones, skin, and other tissues. People who have colon polyps as well as growths outside the colon are sometimes described as having Gardner syndrome.  A milder type of familial adenomatous polyposis, called autosomal recessive familial adenomatous polyposis, has also been identified. People with the autosomal recessive type of this disorder have fewer polyps than those with the classic type. Fewer than 100 polyps typically develop, rather than hundreds or thousands. The autosomal recessive type of this disorder is caused by mutations in a different gene than the classic and attenuated types of familial adenomatous polyposis.","Familial adenomatous polyposis (FAP) is a rare, inherited genetic disorder characterized by the development of numerous (often hundreds) of benign adenomatous polyps in the colon and rectum. These polyps almost inevitably progress to colorectal cancer if left untreated. Here's a breakdown of what you need to know:

**1. The Basics:**

* **What are Adenomas?** Adenomas are abnormal growths in the lining of the colon or rectum. While most are benign, they have a significant risk of becoming cancerous over time.
* **Multiple Polyps:** FAP is defined by the presence of a large number of these adenomas, typically dozens or hundreds.
* **High Cancer Risk:**  Without intervention, almost everyone with FAP will develop colorectal cancer by age 40-50.

**2. Types of FAP:**

There are two main types of FAP:

* **Classic FAP (cFAP):** This is the most severe form. Individuals with cFAP typically develop their first polyp by age 10, and polyps continue to appear throughout their lives. They have an extremely high risk of cancer.
* **Attenuated FAP (aFAP):** This"
What are the symptoms of Microcephaly deafness syndrome ?,"What are the signs and symptoms of Microcephaly deafness syndrome? The Human Phenotype Ontology provides the following list of signs and symptoms for Microcephaly deafness syndrome. If the information is available, the table below includes how often the symptom is seen in people with this condition. You can use the MedlinePlus Medical Dictionary to look up the definitions for these medical terms. Signs and Symptoms Approximate number of patients (when available) Cognitive impairment 90% Epicanthus 90% Facial asymmetry 90% Low-set, posteriorly rotated ears 90% Microcephaly 90% Sensorineural hearing impairment 90% Abnormality of the palate 50% Neurological speech impairment 50% Preauricular skin tag 50% Short stature 50% Autosomal dominant inheritance - Cupped ear - Hearing impairment - Intellectual disability - Prominent glabella - The Human Phenotype Ontology (HPO) has collected information on how often a sign or symptom occurs in a condition. Much of this information comes from Orphanet, a European rare disease database. The frequency of a sign or symptom is usually listed as a rough estimate of the percentage of patients who have that feature. The frequency may also be listed as a fraction. The first number of the fraction is how many people had the symptom, and the second number is the total number of people who were examined in one study. For example, a frequency of 25/25 means that in a study of 25 people all patients were found to have that symptom. Because these frequencies are based on a specific study, the fractions may be different if another group of patients are examined. Sometimes, no information on frequency is available. In these cases, the sign or symptom may be rare or common.","Microcephaly Deafness Syndrome (MDS), also known as Pendred Syndrome, is a complex genetic condition with a range of overlapping symptoms. It’s characterized by a disproportionately small head (microcephaly) and hearing loss, but the severity and specific manifestations can vary significantly among individuals. Here’s a breakdown of the typical symptoms, categorized for clarity:

**1. Neurological Symptoms (Related to Microcephaly):**

* **Microcephaly:** This is the defining characteristic – a smaller than average head size for their age. The degree of microcephaly varies.
* **Intellectual Disability:**  A significant percentage of individuals with MDS have some degree of intellectual disability, ranging from mild to moderate.
* **Developmental Delay:** Typically, children with MDS will have delays in reaching developmental milestones like sitting, crawling, walking, and speaking.
* **Seizures:** Seizures are common, often starting in childhood. They can be difficult to control.
* **Movement Disorders:** Some individuals may experience involuntary movements, tremors, or ataxia (difficulty with coordination).
* **Sleep Disturbances:** Trouble falling asleep or staying asleep is frequently reported.


**2. Hearing Loss Symptoms:**

* **Sensorineural Hearing"
What are the symptoms of Sakati syndrome ?,"What are the signs and symptoms of Sakati syndrome? The Human Phenotype Ontology provides the following list of signs and symptoms for Sakati syndrome. If the information is available, the table below includes how often the symptom is seen in people with this condition. You can use the MedlinePlus Medical Dictionary to look up the definitions for these medical terms. Signs and Symptoms Approximate number of patients (when available) Abnormal cortical bone morphology 90% Abnormality of the metaphyses 90% Hernia of the abdominal wall 90% Hyperextensible skin 90% Joint hypermobility 90% Macrotia 90% Recurrent fractures 90% Reduced bone mineral density 90% Short stature 90% Synophrys 90% Abnormality of the pinna - Autosomal dominant inheritance - Broad hallux - Broad thumb - Craniosynostosis - Dental crowding - Hypertelorism - Hypoplasia of the maxilla - Lower limb undergrowth - Low-set ears - Malar flattening - Mandibular prognathia - Oxycephaly - Preaxial hand polydactyly - Shallow orbits - Short neck - Small face - Syndactyly - The Human Phenotype Ontology (HPO) has collected information on how often a sign or symptom occurs in a condition. Much of this information comes from Orphanet, a European rare disease database. The frequency of a sign or symptom is usually listed as a rough estimate of the percentage of patients who have that feature. The frequency may also be listed as a fraction. The first number of the fraction is how many people had the symptom, and the second number is the total number of people who were examined in one study. For example, a frequency of 25/25 means that in a study of 25 people all patients were found to have that symptom. Because these frequencies are based on a specific study, the fractions may be different if another group of patients are examined. Sometimes, no information on frequency is available. In these cases, the sign or symptom may be rare or common.","Okay, let's address the question of ""Sakati Syndrome."" It's crucial to state upfront that **Sakati Syndrome is not a recognized or officially diagnosed medical condition.** It's a term that originated within the online community of the *Sakati* (also known as *Satyananda*) spiritual movement.  Therefore, the “symptoms” described are based on personal experiences and interpretations reported by individuals within that community.

Here's a breakdown of what’s commonly reported as “symptoms” of Sakati Syndrome, categorized for clarity:

**1. Initial Experiences & Sensations:**

* **Intense Emotional Shifts:** This is the most frequently reported initial symptom. Individuals often describe sudden, overwhelming shifts in mood – from joy and euphoria to profound sadness, anxiety, or fear – often without a clear external trigger.
* **Physical Sensations:**
    * **Heat:** A pervasive feeling of intense heat, often described as feeling like one is being burned from the inside. This is a hallmark symptom.
    * **Visual Disturbances:**  Distorted vision, shimmering lights, seeing patterns or colors that aren't normally present.
    * **Muscle Tension & Pain:**  Generalized muscle tension, headaches, and pain,"
What are the symptoms of Heart Murmur ?,"People who have innocent (harmless) heart murmurs don't have any signs or symptoms other than the murmur itself. This is because innocent heart murmurs aren't caused by heart problems.
                
People who have abnormal heart murmurs may have signs or symptoms of the heart problems causing the murmurs. These signs and symptoms may include:
                
Poor eating and failure to grow normally (in infants)
                
Shortness of breath, which may occur only with physical exertion
                
Excessive sweating with minimal or no exertion
                
Chest pain
                
Dizziness or fainting
                
A bluish color on the skin, especially on the fingertips and lips
                
Chronic cough
                
Swelling or sudden weight gain
                
Enlarged liver
                
Enlarged neck veins
                
Signs and symptoms depend on the problem causing the heart murmur and its severity.","Okay, let's break down the symptoms of a heart murmur. It's important to understand that a heart murmur itself doesn't always cause symptoms. Many people have murmurs and never know it. However, when a murmur *does* cause symptoms, it can indicate a more serious underlying heart condition.

Here's a categorized breakdown of symptoms, ranging from common to less frequent:

**1.  No Symptoms (Silent Murmurs):**

*   **Many people have murmurs and don't experience any symptoms.** These are often discovered during a routine physical exam.

**2. Common Symptoms (Often Associated with Underlying Heart Problems):**

*   **Shortness of Breath (Dyspnea):** This is one of the most common symptoms, especially with murmurs caused by valve problems. It can occur during exertion or even at rest.
*   **Chest Pain or Discomfort:**  Can be related to the heart working harder or due to the underlying valve issue.
*   **Palpitations:** Feeling like your heart is racing, fluttering, or skipping beats.
*   **Dizziness or Lightheadedness:**  Reduced blood flow to the brain can cause these symptoms.
*   **Fatigue:**"
How many people are affected by monilethrix ?,The prevalence of monilethrix is unknown.,"Okay, let's break down the prevalence of monilethrix, a condition characterized by the shedding of hair in a ""snowflake"" pattern. Here's what we know based on current research and estimates:

**Overall Prevalence:**

* **Estimated 1-5% of the population:** This is the most commonly cited range. However, it's important to understand that this is a *very* broad estimate.
* **More common in women:** Monilethrix is significantly more common in women than in men. Estimates suggest it affects approximately 4-10 times more women than men. 
* **Peak Age Range:** The condition is most frequently observed in women aged 30-50 years.

**Specific Numbers & Research Findings (as of late 2023/early 2024 - this is constantly evolving as research continues):**

* **Small Case Series:**  Several small case series and case reports have provided more specific numbers, but they're limited by the small sample sizes:
    * **One study (2019):**  A study published in the *Journal of the American Academy of Dermatology* examined 15 women with monilethrix. The average"
What are the symptoms of Angina ?,"Pain and discomfort are the main symptoms of angina. Angina often is described as pressure, squeezing, burning, or tightness in the chest. The pain or discomfort usually starts behind the breastbone.
                
Pain from angina also can occur in the arms, shoulders, neck, jaw, throat, or back. The pain may feel like indigestion. Some people say that angina pain is hard to describe or that they can't tell exactly where the pain is coming from.
                
Signs and symptoms such as nausea (feeling sick to your stomach), fatigue (tiredness), shortness of breath, sweating, light-headedness, and weakness also may occur.
                
Women are more likely to feel discomfort in the neck, jaw, throat, abdomen, or back. Shortness of breath is more common in older people and those who have diabetes. Weakness, dizziness, and confusion can mask the signs and symptoms of angina in elderly people.
                
Symptoms also vary based on the type of angina you have.
                
Because angina has so many possible symptoms and causes, all chest pain should be checked by a doctor. Chest pain that lasts longer than a few minutes and isn't relieved by rest or angina medicine may be a sign of a heart attack. Call 911 right away.
                
Stable Angina
                
The pain or discomfort:
                
Occurs when the heart must work harder, usually during physical exertion
                
Doesn't come as a surprise, and episodes of pain tend to be alike
                
Usually lasts a short time (5 minutes or less)
                
Is relieved by rest or medicine
                
May feel like gas or indigestion
                
May feel like chest pain that spreads to the arms, back, or other areas
                
Unstable Angina
                
The pain or discomfort:
                
Often occurs at rest, while sleeping at night, or with little physical exertion
                
Comes as a surprise
                
Is more severe and lasts longer than stable angina (as long as 30 minutes)
                
Usually isnt relieved by rest or medicine
                
May get worse over time
                
May mean that a heart attack will happen soon
                
Variant Angina
                
The pain or discomfort:
                
Usually occurs at rest and during the night or early morning hours
                
Tends to be severe
                
Is relieved by medicine
                
Microvascular Angina
                
The pain or discomfort:
                
May be more severe and last longer than other types of angina pain
                
May occur with shortness of breath, sleep problems, fatigue, and lack of energy
                
Often is first noticed during routine daily activities and times of mental stress","Angina is a really important symptom to recognize, as it's a warning sign that your heart isn't getting enough blood. Here's a breakdown of the symptoms, broken down into different types and what they might feel like:

**1. Stable Angina:** This is the most common type and tends to be predictable.

* **Chest Pain or Discomfort:** This is the hallmark symptom. It’s often described as:
    * **Pressure:** Like a squeezing, tightness, or heaviness in the chest.
    * **Pain:** Can be sharp or dull.
    * **Burning:** Some people describe it as a burning sensation.
* **Location:** Typically felt in the center or left side of the chest.
* **Duration:**  Usually lasts for a few minutes, lasting from 5 to 30 minutes.
* **Triggers:** It's often brought on by physical exertion (like walking, climbing stairs) or emotional stress.
* **Relief:** The pain goes away once the triggering activity stops or when you rest.  Sometimes, rest and nitroglycerin (a medication) will relieve it.


**2. Unstable Angina:** This is a *serious* warning sign and requires"
What are the treatments for Dentinogenesis imperfecta ?,"How might dentinogenesis imperfecta be treated? The aims of treatment are to remove sources of infection or pain, restore aesthetics and protect posterior teeth from wear. Treatment varies according to the age of the patient, severity of the problem and the presenting complaint. Crowns, caps or other forms of dental care are the most commonly used treatments. Dentures or dental implants may be necessary if the majority of teeth are lost. More detailed information regarding the treatment of dentinogenesis imperfecta can be found by visiting the following web links: https://www.dentistry.unc.edu/dentalprofessionals/resources/defects/di/ http://www.ojrd.com/content/3/1/31","Dentinogenesis imperfecta (DI) is a fascinating and challenging genetic condition, and unfortunately, there isn't a single ""cure."" Treatments for DI primarily focus on managing the symptoms and improving quality of life. Here's a breakdown of the treatments, categorized by approach:

**1. Conservative Dental Management (Most Common & Crucial)**

This is the cornerstone of DI treatment and focuses on preventing further damage and maximizing the remaining tooth structure.

* **Early and Aggressive Caries Prevention:**  This is *absolutely critical*. DI enamel is extremely soft and porous, making it incredibly susceptible to decay.
    * **High Fluoride Varnishes:** Frequent application of concentrated fluoride varnishes (typically 50% or higher) is the most effective method.  This strengthens the enamel and reduces the rate of decay.
    * **Sealants:** Applying dental sealants to pits and fissures can also provide an extra layer of protection.
    * **Frequent Professional Cleanings:** More frequent professional cleanings are necessary to remove plaque and bacteria.
    * **Dietary Modifications:** A low-sugar diet is strongly recommended to minimize the fuel for bacteria.
* **Conservative Restorative Dentistry:**
    * **Resin Composites (White Fill"
How to diagnose Childhood Central Nervous System Germ Cell Tumors ?,"Imaging studies and tests are used to detect (find) and diagnose childhood CNS germ cell tumors. The following tests and procedures may be used:         -   Physical exam and history : An exam of the body to check general signs of health, including checking for signs of disease, such as lumps or anything else that seems unusual. A history of the patient's health habits and past illnesses and treatments will also be taken.     -   Neurological exam : A series of questions and tests to check the brain, spinal cord, and nerve function. The exam checks a persons mental status, coordination, and ability to walk normally, and how well the muscles, senses, and reflexes work. This may also be called a neuro exam or a neurologic exam.    -  Visual field exam: An exam to check a persons field of vision (the total area in which objects can be seen). This test measures both central vision (how much a person can see when looking straight ahead) and peripheral vision (how much a person can see in all other directions while staring straight ahead). The eyes are tested one at a time. The eye not being tested is covered.    -   MRI (magnetic resonance imaging) with gadolinium : A procedure that uses a magnet, radio waves, and a computer to make a series of detailed pictures of areas inside the brain and spinal cord. A substance called gadolinium is injected into a vein. The gadolinium collects around the cancer cells so they show up brighter in the picture. This procedure is also called nuclear magnetic resonance imaging (NMRI).     -   Lumbar puncture : A procedure used to collect cerebrospinal fluid (CSF) from the spinal column. This is done by placing a needle between two bones in the spine and into the CSF around the spinal cord and removing a sample of the fluid. The sample of CSF is checked under a microscope for signs of tumor cells. The sample may also be checked for the amounts of protein and glucose. A higher than normal amount of protein or lower than normal amount of glucose may be a sign of a tumor. This procedure is also called an LP or spinal tap.    -   Tumor marker tests : A procedure in which a sample of blood or cerebrospinal fluid (CSF) is checked to measure the amounts of certain substances released into the blood and CSF by organs, tissues, or tumor cells in the body. Certain substances are linked to specific types of cancer when found in increased levels in the blood. These are called tumor markers. The following tumor markers are used to diagnose some CNS germ cell tumors:               -  Alpha-fetoprotein (AFP).      -  Beta-human chorionic gonadotropin (-hCG).              -   Blood chemistry studies : A procedure in which a blood sample is checked to measure the amounts of certain substances released into the blood by organs and tissues in the body. An unusual (higher- or lower-than-normal) amount of a substance can be a sign of disease.    -  Blood hormone studies: A procedure in which a blood sample is checked to measure the amounts of certain hormones released into the blood by organs and tissues in the body. An unusual (higher- or lower-than-normal) amount of a substance can be a sign of disease in the organ or tissue that makes it. The blood will be checked for the levels of hormones made by the pituitary gland and other glands.
                    A biopsy may be done to be sure of the diagnosis of CNS germ cell tumor. If doctors think your child may have a CNS germ cell tumor, a biopsy may be done. For brain tumors, the biopsy is done by removing part of the skull and using a needle to remove a sample of tissue. Sometimes, a needle guided by a computer is used to remove the tissue sample. A pathologist views the tissue under a microscope to look for cancer cells. If cancer cells are found, the doctor may remove as much tumor as safely possible during the same surgery. The piece of skull is usually put back in place after the procedure.    Sometimes the diagnosis can be made based on the results of imaging and tumor marker tests and a biopsy is not needed.     The following test may be done on the sample of tissue that is removed:         -   Immunohistochemistry : A test that uses antibodies to check for certain antigens in a sample of tissue. The antibody is usually linked to a radioactive substance or a dye that causes the tissue to light up under a microscope. This type of test may be used to tell the difference between different types of brain tumors.","Diagnosing Childhood Central Nervous System (CNS) Germ Cell Tumors (GCTs) is a complex process that requires a multi-faceted approach. There’s no single test; instead, doctors rely on a combination of clinical findings, imaging, and, in some cases, biopsy. Here's a breakdown of the diagnostic process:

**1. Initial Clinical Evaluation & History:**

* **Detailed History:** The doctor will take a thorough medical history, focusing on:
    * **Symptoms:**  Headaches (often persistent or worsening), seizures, visual disturbances (blurred vision, double vision, loss of peripheral vision), weakness, balance problems, nausea, vomiting, changes in behavior, or developmental delays.
    * **Family History:**  GCTs can have a genetic component, so family history of tumors or neurological conditions is important.
    * **Developmental History:**  Tracking the child’s development is crucial, as GCTs can affect neurological maturation.
* **Neurological Examination:**  A comprehensive neurological exam will assess motor skills, reflexes, coordination, sensation, and cognitive function.

**2. Imaging Studies - The Workhorse of Diagnosis:**

* **Magnetic Resonance Imaging (MRI):** This is the *primary* imaging"
Is Aicardi-Goutieres syndrome inherited ?,"Aicardi-Goutieres syndrome can have different inheritance patterns. In most cases it is inherited in an autosomal recessive pattern, which means both copies of the gene in each cell have mutations. The parents of an individual with an autosomal recessive condition each carry one copy of the mutated gene, but they typically do not show signs and symptoms of the condition.  Rarely, this condition is inherited in an autosomal dominant pattern, which means one copy of the altered gene in each cell is sufficient to cause the disorder. These cases result from new mutations in the gene and occur in people with no history of the disorder in their family.","Yes, Aicardi-Goutières syndrome (AGS) is **almost always inherited**, but it's a complex inheritance pattern that often presents as spontaneous mutations. Here's a breakdown of how it's inherited:

**1. Autosomal Dominant Inheritance (Most Common):**

* **The vast majority (around 80-90%) of AGS cases are caused by spontaneous mutations in the *IQGAP1* gene.** This means the mutation appears for the first time in the individual, and it doesn't come from a parent. This follows an autosomal dominant inheritance pattern.
* **What this means:** Only one copy of the mutated *IQGAP1* gene is needed to cause the syndrome. If one parent carries the mutation, there's a 50% chance their child will inherit it and develop AGS.

**2. Autosomal Recessive Inheritance (Rare):**

* In a very small number of cases (around 10-20%), AGS is caused by mutations in other genes besides *IQGAP1*.  These genes include *STADELPHIA*, *PAX3*, *ZNF608*, and others.
* **What this means:**  Both parents must carry a"
What are the symptoms of Insulin Resistance and Prediabetes ?,"Insulin resistance and prediabetes usually have no symptoms. People may have one or both conditions for several years without knowing they have them. Even without symptoms, health care providers can identify people at high risk by their physical characteristics, also known as risk factors. The section ""Who should be tested for prediabetes?"" lists these risk factors.
                
People with a severe form of insulin resistance may have dark patches of skin, usually on the back of the neck. Sometimes people have a dark ring around their neck. Dark patches may also appear on elbows, knees, knuckles, and armpits. This condition is called acanthosis nigricans.","Okay, let's break down the symptoms of insulin resistance and prediabetes. It's important to note that many people with these conditions have **no noticeable symptoms** in the early stages. That's why regular screening is so important. However, as the condition progresses, certain signs can emerge.

**1. Insulin Resistance:**

Insulin resistance is the *underlying* problem. It's where your body's cells don't respond properly to insulin, a hormone that helps glucose (sugar) from your blood enter your cells for energy. Because the cells aren't responding, glucose builds up in the bloodstream.

* **Subtle or Absent Symptoms (Early Stages):**
    * **Fat around the abdomen (belly fat):** This is a key indicator, often referred to as ""apple-shaped"" body type.
    * **High triglycerides:** A type of fat in the blood.
    * **Low HDL (“good”) cholesterol:**  This helps remove cholesterol from the arteries.
    * **High blood pressure:** Often related to insulin resistance.
    * **Increased cravings, especially for sugary and carbohydrate-rich foods:** The body is trying to get energy.
    * **Frequent urination:**  The kidneys"
How to prevent Prostate Cancer ?,"Key Points
                    - Avoiding risk factors and increasing protective factors may help prevent cancer.    - The following risk factors may increase the risk of prostate cancer:         - Age      - Family history of prostate cancer      - Race      - Hormones     - Vitamin E     - Folic acid     - Dairy and calcium        - The following protective factors may decrease the risk of prostate cancer:         - Folate     - Finasteride and Dutasteride        - The following have been proven not to affect the risk of prostate cancer, or their effects on prostate cancer risk are not known:         -  Selenium and vitamin E     - Diet     - Multivitamins     - Lycopene        - Cancer prevention clinical trials are used to study ways to prevent cancer.    -  New ways to prevent prostate cancer are being studied in clinical trials.
                
                
                    Avoiding risk factors and increasing protective factors may help prevent cancer.
                    Avoiding cancer risk factors may help prevent certain cancers. Risk factors include smoking, being overweight, and not getting enough exercise. Increasing protective factors such as quitting smoking and exercising may also help prevent some cancers. Talk to your doctor or other health care professional about how you might lower your risk of cancer.
                
                
                    The following risk factors may increase the risk of prostate cancer:
                    Age      Prostate cancer is rare in men younger than 50 years of age. The chance of developing prostate cancer increases as men get older.       Family history of prostate cancer     A man whose father, brother, or son has had prostate cancer has a higher-than-average risk of prostate cancer.       Race     Prostate cancer occurs more often in African-American men than in white men. African-American men with prostate cancer are more likely to die from the disease than white men with prostate cancer.       Hormones    The prostate needs male hormones to work the way it should. The main male sex hormone is testosterone. Testosterone helps the body develop and maintain male sex characteristics.    Testosterone is changed into dihydrotestosterone (DHT) by an enzyme in the body. DHT is important for normal prostate growth but can also cause the prostate to get bigger and may play a part in the development of prostate cancer.       Vitamin E    The Selenium and Vitamin E Cancer Prevention Trial (SELECT) found that vitamin E taken alone increased the risk of prostate cancer. The risk continued even after the men stopped taking vitamin E.       Folic acid    Folate is a kind of vitamin B that occurs naturally in some foods, such as green vegetables, beans and orange juice. Folic acid is a man-made form of folate that is found in vitamin supplements and fortified foods, such as whole-grain breads and cereals. A 10-year study showed that the risk of prostate cancer was increased in men who took 1 milligram (mg) supplements of folic acid. However, the risk of prostate cancer was lower in men who had enough folate in their diets.       Dairy and calcium    A diet high in dairy foods and calcium may cause a small increase in the risk of prostate cancer.
                
                
                    The following protective factors may decrease the risk of prostate cancer:
                    Folate    Folate is a kind of vitamin B that occurs naturally in some foods, such as green vegetables, beans and orange juice. Folic acid is a man-made form of folate that is found in vitamin supplements and fortified foods, such as whole-grain breads and cereals. A 10-year study showed that the risk of prostate cancer was lower in men who had enough folate in their diets. However, the risk of prostate cancer was increased in men who took 1 milligram (mg) supplements of folic acid.       Finasteride and Dutasteride     Finasteride and dutasteride are drugs used to lower the amount of male sex hormones made by the body. These drugs block the enzyme that changes testosterone into dihydrotestosterone (DHT). Higher than normal levels of DHT may play a part in developing prostate cancer. Taking finasteride or dutasteride has been shown to lower the risk for prostate cancer, but it is not known if these drugs lower the risk of death from prostate cancer.    The Prostate Cancer Prevention Trial (PCPT) studied whether the drug finasteride can prevent prostate cancer in healthy men 55 years of age and older. This prevention study showed there were fewer prostate cancers in the group of men that took finasteride compared with the group of men that did not. Also, the men who took finasteride who did have prostate cancer had more aggressive tumors. The number of deaths from prostate cancer was the same in both groups. Men who took finasteride reported more side effects compared with the group of men that did not, including erectile dysfunction, loss of desire for sex, and enlarged breasts.    The Reduction by Dutasteride of Prostate Cancer Events Trial (REDUCE) studied whether the drug dutasteride can prevent prostate cancer in men aged 50 to 75 years at higher risk for the disease. This prevention study showed there were fewer prostate cancers in the group of men who took dutasteride compared with the group of men that did not. The number of less aggressive prostate cancers was lower, but the number of more aggressive prostate cancers was not. Men who took dutasteride reported more side effects than men who did not, including erectile dysfunction, loss of desire for sex, less semen, and gynecomastia (enlarged breasts).
                
                
                    The following have been proven not to affect the risk of prostate cancer, or their effects on prostate cancer risk are not known:
                    Selenium and vitamin E    The Selenium and Vitamin E Cancer Prevention Trial (SELECT) studied whether taking vitamin E and selenium (a mineral) will prevent prostate cancer. The selenium and vitamin E were taken separately or together by healthy men 55 years of age and older (50 years of age and older for African-American men). The study showed that taking selenium alone or selenium and vitamin E together did not decrease the risk of prostate cancer.       Diet    It is not known if decreasing fat or increasing fruits and vegetables in the diet helps decrease the risk of prostate cancer or death from prostate cancer. In the PCPT trial, certain fatty acids increased the risk of high-grade prostate cancer while others decreased the risk of high-grade prostate cancer.       Multivitamins    Regular use of multivitamins has not been proven to increase the risk of early or localized prostate cancer. However, a large study showed an increased risk of advanced prostate cancer among men who took multivitamins more than seven times a week.       Lycopene    Some studies have shown that a diet high in lycopene may be linked to a decreased risk of prostate cancer, but other studies have not. It has not been proven that taking lycopene supplements decreases the risk of prostate cancer.
                
                
                    Cancer prevention clinical trials are used to study ways to prevent cancer.
                    Cancer prevention clinical trials are used to study ways to lower the risk of developing certain types of cancer. Some cancer prevention trials are conducted with healthy people who have not had cancer but who have an increased risk for cancer. Other prevention trials are conducted with people who have had cancer and are trying to prevent another cancer of the same type or to lower their chance of developing a new type of cancer. Other trials are done with healthy volunteers who are not known to have any risk factors for cancer.    The purpose of some cancer prevention clinical trials is to find out whether actions people take can prevent cancer. These may include eating fruits and vegetables, exercising, quitting smoking, or taking certain medicines, vitamins, minerals, or food supplements.
                
                
                    New ways to prevent prostate cancer are being studied in clinical trials.
                    Clinical trials are taking place in many parts of the country. Information about clinical trials can be found in the Clinical Trials section of the NCI website. Check NCI's list of cancer clinical trials for prostate cancer prevention trials that are accepting patients.","Okay, let's talk about preventing prostate cancer. It's a complex topic, and while there's no guaranteed way to *prevent* it entirely, there are definitely things you can do to significantly reduce your risk and potentially catch it early. Here’s a breakdown of current recommendations, broken down into categories:

**1. Lifestyle Factors – The Biggest Impact**

* **Maintain a Healthy Weight:** Obesity is a significant risk factor for prostate cancer. Aim for a healthy BMI (Body Mass Index) through diet and exercise.
* **Healthy Diet:**
    * **Limit Red Meat and Processed Meats:** Studies show a link between high consumption of red meat (beef, pork, lamb) and processed meats (bacon, sausage, hot dogs) and an increased risk.
    * **Eat a Diet Rich in Fruits and Vegetables:**  Focus on plenty of colorful fruits and vegetables, particularly those high in antioxidants and vitamins (berries, leafy greens, cruciferous vegetables - broccoli, cauliflower, kale).
    * **Consider Lycopene:** Lycopene, found in tomatoes and tomato products, has been linked to a reduced risk.
* **Regular Exercise:** Aim for at least 150 minutes of moderate-intensity aerobic"
What is (are) spinal muscular atrophy with respiratory distress type 1 ?,"Spinal muscular atrophy with respiratory distress type 1 (SMARD1) is an inherited condition that causes muscle weakness and respiratory failure typically beginning in infancy. Early features of this condition are difficult and noisy breathing, especially when inhaling; a weak cry; problems feeding; and recurrent episodes of pneumonia. Typically between the ages of 6 weeks and 6 months, infants with this condition will experience a sudden inability to breathe due to paralysis of the muscle that separates the abdomen from the chest cavity (the diaphragm). Normally, the diaphragm contracts and moves downward during inhalation to allow the lungs to expand. With diaphragm paralysis, affected individuals require life-long support with a machine to help them breathe (mechanical ventilation). Rarely, children with SMARD1 develop signs or symptoms of the disorder later in childhood.  Soon after respiratory failure occurs, individuals with SMARD1 develop muscle weakness in their distal muscles. These are the muscles farther from the center of the body, such as muscles in the hands and feet. The weakness soon spreads to all muscles; however, within 2 years, the muscle weakness typically stops getting worse. Some individuals may retain a low level of muscle function, while others lose all ability to move their muscles. Muscle weakness severely impairs motor development, such as sitting, standing, and walking. Some affected children develop an abnormal side-to-side and back-to-front curvature of the spine (scoliosis and kyphosis, often called kyphoscoliosis when they occur together). After approximately the first year of life, individuals with SMARD1 may lose their deep tendon reflexes, such as the reflex being tested when a doctor taps the knee with a hammer.  Other features of SMARD1 can include reduced pain sensitivity, excessive sweating (hyperhidrosis), loss of bladder and bowel control, and an irregular heartbeat (arrhythmia).","Spinal Muscular Atrophy Type 1 (SMA Type 1) with Respiratory Distress is a particularly severe form of Spinal Muscular Atrophy. Let's break down what that means and what characterizes this presentation:

**1. Spinal Muscular Atrophy (SMA) - The Foundation**

* **What it is:** SMA is a genetic disorder that primarily affects motor neurons – the nerve cells responsible for controlling voluntary muscle movement. It’s caused by a deficiency in the protein SMN (Survival Motor Neuron). Without enough SMN, motor neurons gradually die, leading to muscle weakness and atrophy (wasting).
* **Genetic Cause:** SMA is usually caused by mutations in the *SMN1* gene.  There's a second, related gene, *SMN2*, which can partially compensate, but it doesn't fully correct the deficiency.
* **Severity Varies:** SMA is classified into types based on the degree of muscle weakness and respiratory involvement. Types are generally categorized as Type 0, Type 1, Type 2, Type 3, and Type 4, with Type 1 being the most common.

**2. SMA Type 1 – Characteristics**

* **Onset:** Typically appears in infancy (usually"
Is myoclonic epilepsy with ragged-red fibers inherited ?,"MERRF is inherited in a mitochondrial pattern, which is also known as maternal inheritance. This pattern of inheritance applies to genes contained in mtDNA. Because egg cells, but not sperm cells, contribute mitochondria to the developing embryo, children can only inherit disorders resulting from mtDNA mutations from their mother. These disorders can appear in every generation of a family and can affect both males and females, but fathers do not pass traits associated with changes in mtDNA to their children.  In most cases, people with MERRF inherit an altered mitochondrial gene from their mother, who may or may not show symptoms of the disorder. Less commonly, the disorder results from a new mutation in a mitochondrial gene and occurs in people with no family history of MERRF.","You've raised a really important and complex question. **Myoclonic epilepsy with ragged-red fibers (MURE) can be inherited, but it's a particularly tricky case, and the inheritance pattern isn't always straightforward.** Here's a breakdown of what we know:

**1. Genetic Basis - The Key Complexity**

* **Mutations in *PRKN* (Parkin):** The vast majority of MURE cases (around 90%) are caused by mutations in the *PRKN* gene. This gene provides instructions for making the Parkin protein, which is a crucial part of a cellular defense system that prevents the buildup of toxic protein aggregates.
* **Multiple *PRKN* Mutations:** Importantly, *PRKN* has a *huge* number of known mutations. This is what makes inheritance patterns so complex.  It's not a simple dominant or recessive pattern.
* **Other Genes (Less Common):** Approximately 10% of MURE cases are caused by mutations in other genes, including:
    * *PINK1*
    * *DJPR1*
    * *HHAC1*
    * *VPS35*
    * *SNRNP1*

**"
What is (are) MYH-associated polyposis ?,"MYH-associated polyposis is an inherited condition characterized by the development of multiple adenomatous colon polyps and an increased risk of colorectal cancer. This condition, a milder form of familial adenomatous polyposis (FAP), is sometimes called autosomal recessive familial adenomatous polyposis because it is inherited in an autosomal recessive manner. People with this condition have fewer polyps than those with the classic type of FAP; fewer than 100 polyps typically develop, rather than hundreds or thousands. They may also be at increased risk for upper gastrointestinal polyps. MYH-associated polyposis is caused by mutations in the MYH gene.","MYH-associated polyposis (MYHAP) is a rare, autosomal dominant genetic disorder characterized by the development of multiple polyps in the colon and rectum. It's a complex condition with significant variations in disease severity and age of onset. Here's a breakdown of what you need to know:

**1. The Underlying Genetic Cause:**

* **MYH6 Mutations:** The vast majority (around 90%) of MYHAP cases are caused by mutations in the *MYH6* gene.  This gene provides instructions for making myosin VI, a protein involved in transporting proteins into lysosomes (cellular recycling centers).
* **Other Mutations:**  Approximately 10% of cases are caused by mutations in other genes, including *PIK3CA*, *ARID1A*, *TP53*, and *USH2D2*. These rarer mutations represent a broader range of lysosomal dysfunction mechanisms.

**2. Clinical Presentation – It’s Highly Variable:**

This is where MYHAP gets tricky. The symptoms and progression vary enormously between individuals.  Here's a general overview, but keep in mind that not everyone experiences all of these:

* **Early-Onset (Most Common):**
    *"
What is (are) methylmalonic acidemia with homocystinuria ?,"Methylmalonic acidemia with homocystinuria is an inherited disorder in which the body is unable to properly process protein building blocks (amino acids), certain fats (lipids), and a waxy fat-like substance called cholesterol. Individuals with this disorder have a combination of features from two separate conditions, methylmalonic acidemia and homocystinuria. The signs and symptoms of the combined condition, methylmalonic acidemia with homocystinuria, usually develop in infancy, although they can begin at any age.  When the condition begins early in life, affected individuals typically have an inability to grow and gain weight at the expected rate (failure to thrive), which is sometimes recognized before birth (intrauterine growth retardation). These infants can also have difficulty feeding and an abnormally pale appearance (pallor). Neurological problems are also common in methylmalonic acidemia with homocystinuria, including weak muscle tone (hypotonia) and seizures. Most infants and children with this condition have an unusually small head size (microcephaly), delayed development, and intellectual disability. Less common features of the condition include eye problems and a blood disorder called megaloblastic anemia. Megaloblastic anemia occurs when a person has a low number of red blood cells (anemia), and the remaining red blood cells are larger than normal (megaloblastic). The signs and symptoms of methylmalonic acidemia with homocystinuria worsen over time, and the condition can be life-threatening if not treated.  When methylmalonic acidemia with homocystinuria begins in adolescence or adulthood, the signs and symptoms usually include psychiatric changes and cognitive problems. Affected individuals can exhibit changes in their behavior and personality; they may become less social and may experience hallucinations, delirium, and psychosis. In addition, these individuals can begin to lose previously acquired mental and movement abilities, resulting in a decline in school or work performance, difficulty controlling movements, memory problems, speech difficulties, a decline in intellectual function (dementia), or an extreme lack of energy (lethargy). Some people with methylmalonic acidemia with homocystinuria whose signs and symptoms begin later in life develop a condition called subacute combined degeneration of the spinal cord, which leads to numbness and weakness in the lower limbs, difficulty walking, and frequent falls.","Methylmalonic acidemia with homocystinuria (MMAU) is a rare, inherited metabolic disorder that causes a buildup of specific toxic substances in the body. It’s a complex condition with several different genetic causes, all stemming from problems with how the body processes certain vitamins and amino acids. Here's a breakdown of what it is, its causes, symptoms, and treatment:

**1. What is it?**

* **Methylmalonic Acidemia (MMA):** This is the core of the condition. It's caused by a defect in enzymes involved in breaking down methylmalonic acid (MMA). MMA is a byproduct of the metabolism of certain amino acids (particularly methionine) and vitamins B6 and B12. When the body can’t efficiently remove MMA, it accumulates, leading to toxicity.
* **Homocystinuria:** This is a related condition where homocysteine levels are elevated in the blood. Homocysteine is another byproduct of methionine metabolism.  It’s often, but not always, associated with MMAU.


**2. Causes – Genetic Mutations**

MMAU isn't a single disease, but rather a group of disorders caused by mutations in several different genes. The most common genes involved include:"
Is 3-beta-hydroxysteroid dehydrogenase deficiency inherited ?,"This condition is inherited in an autosomal recessive pattern, which means both copies of the gene in each cell have mutations. The parents of an individual with an autosomal recessive condition each carry one copy of the mutated gene, but they typically do not show signs and symptoms of the condition.","Yes, 3-beta-hydroxysteroid dehydrogenase (3β-HSD) deficiency is **inheritable**, though it's a relatively rare genetic condition. Here's a breakdown of how it's inherited and what's involved:

**1. The Genetics – It's Complex!**

* **Multiple Genes Involved:** 3β-HSD deficiency isn't caused by a single gene mutation. It's usually due to mutations in *HSD3B1* (the most common form) or, less frequently, *HSD3B2* and *HSD3B3*. These genes encode different isoforms of the 3β-HSD enzyme.
* **Isoform-Specific:** Each isoform of 3β-HSD has slightly different functions and sensitivities to mutations. The *HSD3B1* isoform is the most frequently affected.
* **Variable Expressivity:** This is a crucial point.  The severity of the condition can vary dramatically even within families because of different mutations and how those mutations affect the enzyme's function.

**2. Inheritance Patterns**

* **Autosomal Recessive:** This is the primary inheritance pattern.  This means:
    * **Both"
What is (are) Porphyria ?,"Heme is a red pigment composed of iron linked to a chemical called protoporphyrin. Heme has important functions in the body. The largest amounts of heme are in the form of hemoglobin, found in red blood cells and bone marrow. Hemoglobin carries oxygen from the lungs to all parts of the body. In the liver, heme is a component of proteins that break down hormones, medications, and other chemicals and keep liver cells functioning normally. Heme is an important part of nearly every cell in the body.","Porphyria is a group of genetic disorders that affect the production of heme, a crucial component of hemoglobin (the protein in red blood cells that carries oxygen) and chlorophyll. It's a complex group of conditions with a wide range of symptoms, severity, and presentation. Here's a breakdown of what you need to know:

**1. The Root Cause: Enzyme Deficiencies**

* **Genetic Mutations:** Porphyrias are caused by mutations in genes that code for enzymes involved in heme synthesis. These enzymes are primarily found in the liver and bone marrow.
* **Specific Enzymes Affected:** There are several different enzymes that can be deficient, leading to different types of porphyria. The most common are:
    * **Urea Hydrogenase Deficiency:** This is the most common form, often associated with the famous novel *The Alienist* by Caleb Carr.
    * **Pyrrochetone Monoxygenase Deficiency:** This is the most prevalent form of porphyria overall.
    * **Coproporphyrinogen Oxidase Deficiency:**  A less common form.
    * **Aminolevulinic Acid Dehydratase Deficiency:**  The rarest form.


**2. Types of Porphyria**

Porph"
What is (are) warfarin resistance ?,"Warfarin resistance is a condition in which individuals have a high tolerance for the drug warfarin. Warfarin is an anticoagulant, which means that it thins the blood, preventing blood clots from forming. Warfarin is often prescribed to prevent blood clots in people with heart valve disease who have replacement heart valves, people with an irregular heart beat (atrial fibrillation), or those with a history of heart attack, stroke, or a prior blood clot in the deep veins of the arms or legs (deep vein thrombosis).  There are two types of warfarin resistance: incomplete and complete. Those with incomplete warfarin resistance can achieve the benefits of warfarin treatment with a high dose of warfarin. Individuals with complete warfarin resistance do not respond to warfarin treatment, no matter how high the dose. If people with warfarin resistance require treatment with warfarin and take the average dose, they will remain at risk of developing a potentially harmful blood clot.  Both types of warfarin resistance are related to how the body processes warfarin. In some people with warfarin resistance, their blood clotting process does not react effectively to the drug. Others with this resistance rapidly break down (metabolize) warfarin, so the medication is quickly processed by their bodies; these individuals are classified as ""fast metabolizers"" or ""rapid metabolizers"" of warfarin. The severity of these abnormal processes determines whether the warfarin resistance is complete or incomplete.  Warfarin resistance does not appear to cause any health problems other than those associated with warfarin drug treatment.","Warfarin resistance is a surprisingly common and complex issue in the management of venous thromboembolism (VTE), meaning blood clots in the veins. It refers to situations where patients don't respond adequately to warfarin, a medication commonly used to prevent blood clots from growing and causing serious complications. Here's a breakdown of what it is, its causes, and what’s being done about it:

**1. What is Warfarin Resistance?**

* **Reduced Anticoagulation Effect:** Patients with warfarin resistance don't achieve the desired level of anticoagulation (blood thinning) with warfarin. This means the drug isn’t effectively inhibiting the clotting process.
* **Increased Risk of Recurrent VTE:** Because warfarin isn't working, these patients have a significantly higher risk of the clot recurring (venous thromboembolism recurrence – VTE-R) or developing new clots.
* **Higher Mortality Risk:**  VTE-R is associated with a higher risk of death.

**2. Causes of Warfarin Resistance – It's Not Just One Thing!**

This is the key and most frustrating aspect of warfarin resistance. It’s rarely due to a single cause, and often multiple factors are at play. Here are the"
What are the genetic changes related to dentinogenesis imperfecta ?,"Mutations in the DSPP gene have been identified in people with dentinogenesis imperfecta type II and type III. Mutations in this gene are also responsible for dentin dysplasia type II. Dentinogenesis imperfecta type I occurs as part of osteogenesis imperfecta, which is caused by mutations in one of several other genes (most often the COL1A1 or COL1A2 genes).  The DSPP gene provides instructions for making two proteins that are essential for normal tooth development. These proteins are involved in the formation of dentin, which is a bone-like substance that makes up the protective middle layer of each tooth. DSPP gene mutations alter the proteins made from the gene, leading to the production of abnormally soft dentin. Teeth with defective dentin are discolored, weak, and more likely to decay and break. It is unclear whether DSPP gene mutations are related to the hearing loss found in a few older individuals with dentinogenesis imperfecta type II.","Dentinogenesis imperfecta (DPI) is a fascinating genetic disorder characterized by abnormally formed dentin in teeth. It’s caused by mutations in genes involved in the synthesis of dentin, the hard tissue beneath the enamel. The specific genetic changes vary depending on the type of DPI. Here's a breakdown of the most common genetic changes associated with the different types of DPI:

**1. Type 1 DPI (Most Common - ~75% of cases)**

* **Gene:** *SMG6* (Small Mafile protein)
* **Mutation Type:** Primarily large deletions and frameshift mutations. These mutations lead to a significant reduction in SMG6 protein production.
* **Mechanism:** SMG6 is a crucial scaffolding protein involved in many cellular processes, including odontoblast (dentin-forming cell) differentiation and function.  Reduced SMG6 leads to abnormal odontoblast development, resulting in the characteristic opalescent, glass-like dentin.
* **Inheritance:** Autosomal recessive – meaning both copies of the *SMG6* gene must be mutated for the condition to manifest.

**2. Type 2 DPI ( ~20% of cases)**

* **Gene:** *PRDM2*"
What are the symptoms of 18 Hydroxylase deficiency ?,"What are the signs and symptoms of 18 Hydroxylase deficiency? The Human Phenotype Ontology provides the following list of signs and symptoms for 18 Hydroxylase deficiency. If the information is available, the table below includes how often the symptom is seen in people with this condition. You can use the MedlinePlus Medical Dictionary to look up the definitions for these medical terms. Signs and Symptoms Approximate number of patients (when available) Autosomal recessive inheritance - Decreased circulating aldosterone level - Dehydration - Episodic fever - Failure to thrive - Feeding difficulties in infancy - Growth delay - Hyperkalemia - Hyponatremia - Hypotension - Increased circulating renin level - Neonatal onset - Renal salt wasting - Vomiting - The Human Phenotype Ontology (HPO) has collected information on how often a sign or symptom occurs in a condition. Much of this information comes from Orphanet, a European rare disease database. The frequency of a sign or symptom is usually listed as a rough estimate of the percentage of patients who have that feature. The frequency may also be listed as a fraction. The first number of the fraction is how many people had the symptom, and the second number is the total number of people who were examined in one study. For example, a frequency of 25/25 means that in a study of 25 people all patients were found to have that symptom. Because these frequencies are based on a specific study, the fractions may be different if another group of patients are examined. Sometimes, no information on frequency is available. In these cases, the sign or symptom may be rare or common.","18-Hydroxylase deficiency (18HD) is a rare, inherited metabolic disorder caused by a mutation in the *CYP18A1* gene, which codes for the enzyme 18-hydroxylase. This enzyme is crucial for converting dehydroepiandrosterone (DHEA) to androstenedione and DHEA to cortisol.  Because of this deficiency, the body has difficulty producing enough cortisol, leading to a wide range of symptoms, which can vary greatly in severity.

Here's a breakdown of the symptoms, categorized by age group:

**1. Neonatal/Infantile Symptoms (Most Severe)**

* **Adrenal Crisis (Most Common in Newborns):** This is the most immediate and dangerous threat. It’s triggered by stress (infection, surgery, dehydration), and presents with:
    * **Hypoglycemia (Low Blood Sugar):**  This is often the first sign.
    * **Hyponatremia (Low Sodium Levels):**  Due to cortisol deficiency, the kidneys aren’t able to retain sodium effectively.
    * **Dehydration:**  Due to inability to retain water.
    * **Lethargy/Weakness:**  General lack of energy."
What is (are) Nonalcoholic steatohepatitis ?,"Nonalcoholic steatohepatitis, or NASH, is a common, often silent liver disease. It resembles alcoholic liver disease, but occurs in people who drink little or no alcohol. The major feature in NASH is fat in the liver, along with inflammation and damage. Most people with NASH feel well and are not aware that they have a liver problem. Nevertheless, NASH can be severe and can lead to cirrhosis, in which the liver is permanently damaged and scarred and no longer able to work properly. NASH most often occurs in people who are middle aged and overweight or obese. Affected individuals may also have elevated levels of blood lipids (such as cholesterol and triglycerides) and many have diabetes or prediabetes. Treatment is centered around working towards a healthy lifestyle, including weight reduction, dietary modification, increased activity and avoidance of alcohol and unnecessary medications. The underlying cause of NASH remains unclear.","Nonalcoholic steatohepatitis (NASH) is a serious condition that's gaining a lot of attention because it's often found alongside obesity, type 2 diabetes, and metabolic syndrome. Here's a breakdown of what it is, what causes it, and what you need to know:

**1. What is NASH?**

* **Fat Accumulation:** NASH is characterized by a buildup of fat (steatosis) in the liver. This isn't just simple fat accumulation; it's accompanied by inflammation and liver cell damage.
* **More Than Just Fat:** Unlike non-alcoholic fatty liver disease (NAFLD), which primarily involves fat buildup without significant inflammation, NASH *always* involves inflammation and liver cell damage. This inflammation is what makes it a more serious condition.
* **Progressive Disease:** NASH can progress over time, leading to cirrhosis (scarring of the liver), liver failure, and even liver cancer.

**2. Causes & Risk Factors**

The exact cause of NASH isn’t fully understood, but it’s believed to be a complex interplay of several factors:

* **Obesity:** Excess weight, particularly abdominal fat, is a major risk factor."
What are the genetic changes related to cystinuria ?,"Mutations in the SLC3A1 or SLC7A9 gene cause cystinuria. The SLC3A1 and SLC7A9 genes provide instructions for making the two parts (subunits) of a protein complex that is primarily found in the kidneys. Normally this protein complex controls the reabsorption of certain amino acids, including cystine, into the blood from the filtered fluid that will become urine. Mutations in either the SLC3A1 gene or SLC7A9 gene disrupt the ability of the protein complex to reabsorb amino acids, which causes the amino acids to become concentrated in the urine. As the levels of cystine in the urine increase, the crystals typical of cystinuria form. The other amino acids that are reabsorbed by the protein complex do not create crystals when they accumulate in the urine.","Cystinuria is a rare, inherited disorder caused by mutations in genes that code for proteins involved in transporting cystine (a form of sulfur) out of the kidneys and into the intestines. These proteins are called cystine transporters, and the primary genes involved are:

**1. SLC3A2 (Cystine-β Transporter):**

* **This is the MOST common gene affected, accounting for 70-80% of cystinuria cases.**
* **Mutation Types:** The SLC3A2 gene encodes a protein that forms a complex with the SLC7A1 protein to form the cystine-beta (CTβ) complex.  Mutations in SLC3A2 are usually frameshift mutations (insertions or deletions that shift the reading frame of the gene), nonsense mutations (creating a premature stop codon), or splice site mutations (affecting how the gene is transcribed into RNA).
* **Clinical Consequences:**  Mutations in SLC3A2 lead to a severe reduction or complete absence of the CTβ protein, resulting in a buildup of cystine in the kidneys and urine.

**2. SLC7A1 (Band 3 Transporter):**

* **This gene accounts for approximately 2"
What are the symptoms of Charcot-Marie-Tooth disease type 1F ?,"What are the signs and symptoms of Charcot-Marie-Tooth disease type 1F? The Human Phenotype Ontology provides the following list of signs and symptoms for Charcot-Marie-Tooth disease type 1F. If the information is available, the table below includes how often the symptom is seen in people with this condition. You can use the MedlinePlus Medical Dictionary to look up the definitions for these medical terms. Signs and Symptoms Approximate number of patients (when available) Areflexia - Autosomal dominant inheritance - Autosomal recessive inheritance - Clusters of axonal regeneration - Decreased motor nerve conduction velocity - Decreased number of peripheral myelinated nerve fibers - Distal amyotrophy - Distal muscle weakness - Distal sensory impairment - Hyporeflexia - Juvenile onset - Motor delay - Myelin outfoldings - Onion bulb formation - Pes cavus - Segmental peripheral demyelination/remyelination - Variable expressivity - The Human Phenotype Ontology (HPO) has collected information on how often a sign or symptom occurs in a condition. Much of this information comes from Orphanet, a European rare disease database. The frequency of a sign or symptom is usually listed as a rough estimate of the percentage of patients who have that feature. The frequency may also be listed as a fraction. The first number of the fraction is how many people had the symptom, and the second number is the total number of people who were examined in one study. For example, a frequency of 25/25 means that in a study of 25 people all patients were found to have that symptom. Because these frequencies are based on a specific study, the fractions may be different if another group of patients are examined. Sometimes, no information on frequency is available. In these cases, the sign or symptom may be rare or common.","Charcot-Marie-Tooth disease type 1F (CMT1F) is a rare, inherited neuropathy characterized by a unique and often severe presentation. Here’s a breakdown of the typical symptoms, categorized for clarity:

**1. Neurological Symptoms (Most Prominent):**

* **Severe Progressive Muscle Weakness:** This is the hallmark of CMT1F.  It typically starts in the feet and legs, gradually spreading upwards. The weakness is often *profound*, meaning it significantly impacts mobility. It’s not just mild weakness – it’s often described as “dropping feet” or “difficulty walking.”
* **Foot Drop:** This is almost always present. The weakness in the foot muscles causes the foot to drop downwards when weight-bearing, making walking difficult and causing a characteristic waddling gait.
* **Proximal Muscle Weakness:** Weakness is often more pronounced in the muscles closer to the hip and shoulder joints, rather than the distal muscles (closer to the hand). This can lead to difficulty lifting the arm or climbing stairs.
* **Sensory Loss:**  Patients typically experience loss of sensation, particularly in the feet and legs. This loss is often described as a “numbness” or “hollow”"
How to diagnose Parasites - Schistosomiasis ?,"Stool or urine samples can be examined microscopically for parasite eggs (stool for S. mansoni or S. japonicum eggs and urine for S. haematobium eggs). The eggs tend to be passed intermittently and in small amounts and may not be detected, so it may be necessary to perform a blood (serologic) test.
    
More on: Resources for Health Professionals: Diagnosis","Diagnosing Schistosomiasis (also known as bilharzia) can be tricky because symptoms can be vague and mimic other illnesses. It's a multi-stage process involving several diagnostic techniques. Here’s a breakdown of how it’s typically diagnosed:

**1. Clinical Assessment & History (Most Important First Step)**

* **Travel History:** The first and most crucial step. Schistosomiasis is prevalent in tropical and subtropical regions, particularly Africa, South America, Asia, and parts of the Middle East.  Knowing where the patient traveled is critical.
* **Symptoms:**  Common symptoms include:
    * **Early Stage (Acute):**
        * Fever
        * Itching (pruritus) - often intense
        * Fatigue
        * Muscle aches
        * Headache
        * Rash
        * Cough
    * **Later Stage (Chronic):**
        * Swelling of the legs and ankles (edema)
        * Pain in the back, hips, or legs
        * Cough (often with blood)
        * Shortness of breath
        * Liver enlargement
        * Enlarged spleen
        * Abdominal pain
        * Urinary problems (blood in urine) - particularly in"
What is (are) glycogen storage disease type IX ?,"Glycogen storage disease type IX (also known as GSD IX) is a condition caused by the inability to break down a complex sugar called glycogen. The different forms of the condition can affect glycogen breakdown in liver cells or muscle cells or sometimes both. A lack of glycogen breakdown interferes with the normal function of the affected tissue.  When GSD IX affects the liver, the signs and symptoms typically begin in early childhood. The initial features are usually an enlarged liver (hepatomegaly) and slow growth. Affected children are often shorter than normal. During prolonged periods without food (fasting), affected individuals may have low blood sugar (hypoglycemia) or elevated levels of ketones in the blood (ketosis). Ketones are molecules produced during the breakdown of fats, which occurs when stored sugars are unavailable. Affected children may have delayed development of motor skills, such as sitting, standing, or walking, and some have mild muscle weakness. Puberty is delayed in some adolescents with GSD IX. In the form of the condition that affects the liver, the signs and symptoms usually improve with age. Typically, individuals catch up developmentally, and adults reach normal height. However, some affected individuals have a buildup of scar tissue (fibrosis) in the liver, which can rarely progress to irreversible liver disease (cirrhosis).  GSD IX can affect muscle tissue, although this form of the condition is very rare and not well understood. The features of this form of the condition can appear anytime from childhood to adulthood. Affected individuals may experience fatigue, muscle pain, and cramps, especially during exercise (exercise intolerance). Most affected individuals have muscle weakness that worsens over time. GSD IX can cause myoglobinuria, which occurs when muscle tissue breaks down abnormally and releases a protein called myoglobin that is excreted in the urine. Myoglobinuria can cause the urine to be red or brown.  In a small number of people with GSD IX, the liver and muscles are both affected. These individuals develop a combination of the features described above, although the muscle problems are usually mild.","Glycogen storage diseases (GSDs) are a group of inherited metabolic disorders that affect the body's ability to store or utilize glycogen, the stored form of glucose. GSD IX is a particularly rare and complex form. Here's a breakdown of what you need to know:

**1. What is GSD IX?**

* **Rarest GSD:** GSD IX is considered the rarest of the glycogen storage diseases.  It’s estimated that fewer than 50 individuals worldwide have been diagnosed.
* **Deficiency in Galactose-1-Phosphate Uridyltransferase (GALT):** The core problem is a deficiency in the enzyme GALT. This enzyme is crucial for breaking down galactose into glucose.
* **Galactose Accumulation:** Without functional GALT, galactose builds up in the liver, blood, and other tissues. This accumulation causes a cascade of problems.

**2. Symptoms & Clinical Presentation – Highly Variable**

The symptoms of GSD IX are extremely variable, even within the same family. This is a major challenge in diagnosis and management.  Here's a breakdown of the typical range:

* **Neonatal Period (Most Severe):**
    * **Severe Hypoglycemia:**"
What is (are) C3 glomerulopathy ?,"C3 glomerulopathy is a group of related conditions that cause the kidneys to malfunction. The major features of C3 glomerulopathy include high levels of protein in the urine (proteinuria), blood in the urine (hematuria), reduced amounts of urine, low levels of protein in the blood, and swelling in many areas of the body. Affected individuals may have particularly low levels of a protein called complement component 3 (or C3) in the blood.  The kidney problems associated with C3 glomerulopathy tend to worsen over time. About half of affected individuals develop end-stage renal disease (ESRD) within 10 years after their diagnosis. ESRD is a life-threatening condition that prevents the kidneys from filtering fluids and waste products from the body effectively.  Researchers have identified two major forms of C3 glomerulopathy: dense deposit disease and C3 glomerulonephritis. Although the two disorders cause similar kidney problems, the features of dense deposit disease tend to appear earlier than those of C3 glomerulonephritis, usually in adolescence. However, the signs and symptoms of either disease may not begin until adulthood.  One of the two forms of C3 glomerulopathy, dense deposit disease, can also be associated with other conditions unrelated to kidney function. For example, people with dense deposit disease may have acquired partial lipodystrophy, a condition characterized by a lack of fatty (adipose) tissue under the skin in the upper part of the body. Additionally, some people with dense deposit disease develop a buildup of yellowish deposits called drusen in the light-sensitive tissue at the back of the eye (the retina). These deposits usually appear in childhood or adolescence and can cause vision problems later in life.","C3 glomerulopathy (C3G) is a group of rare kidney diseases characterized by the abnormal buildup of C3, a component of the complement system, in the kidney's filtration units (glomeruli). This abnormal C3 deposition is a key feature, distinguishing it from other types of glomerulonephritis. It's a complex area of research, and there are actually several distinct types of C3G, each with slightly different underlying causes and clinical presentations.

Here's a breakdown of the different types and key aspects of C3G:

**1. Primary C3G (Type 1):**

* **Cause:** This is the most common form. It's caused by mutations in genes involved in the complement pathway, particularly the factor H gene (Factor H is a key regulator of the complement system). These mutations lead to uncontrolled activation of the complement system, resulting in excessive C3 deposition.
* **Inherited:** It's an autosomal dominant genetic disorder, meaning only one copy of the mutated gene is needed to cause the disease.
* **Symptoms:** Can range from mild proteinuria (protein in the urine) to severe nephrotic syndrome (massive protein loss) and rapidly progressive kidney failure.
* **Diagnosis:** Genetic testing"
How many people are affected by focal dermal hypoplasia ?,"Focal dermal hypoplasia appears to be a rare condition, although its exact prevalence is unknown.","Focal Dermal Hypoplasia (FDH) is a very rare genetic disorder, and accurately determining the exact number of people affected is challenging. Here's a breakdown of what we know based on current research and estimates:

**Estimates of Prevalence:**

* **Historically:** Estimates ranged from around 1 in 50,000 to 1 in 100,000 births. However, these figures are now considered outdated.
* **More Recent Studies:** More recent research, primarily based on genetic studies and population-based investigations, suggests a significantly lower prevalence.
* **Current Estimates (2023/2024):**  The most reliable current estimates place the prevalence of FDH at approximately **1 in 180,000 to 1 in 250,000 births.** Some researchers believe it may be even rarer than this.

**Key Factors Contributing to Uncertainty:**

* **Underdiagnosis:**  Because FDH is often subtle in its early presentation, it may be missed or misdiagnosed, especially in areas where genetic testing isn't routinely offered.
* **Genetic Testing Limitations:**  Genetic testing for FDH relies on specific genetic markers."
How to diagnose Primary Hyperparathyroidism ?,"Health care providers diagnose primary hyperparathyroidism when a person has high blood calcium and PTH levels. High blood calcium is usually the first sign that leads health care providers to suspect parathyroid gland overactivity. Other diseases can cause high blood calcium levels, but only in primary hyperparathyroidism is the elevated calcium the result of too much PTH.
                
Routine blood tests that screen for a wide range of conditions, including high blood calcium levels, are helping health care providers diagnose primary hyperparathyroidism in people who have mild forms of the disorder and are symptom-free. For a blood test, blood is drawn at a health care providers office or commercial facility and sent to a lab for analysis.","Diagnosing primary hyperparathyroidism (PHPT) involves a multi-step process that combines clinical suspicion, blood tests, and imaging. Here’s a breakdown of the process:

**1. Clinical Suspicion & Initial Evaluation:**

* **Symptoms:** The first clue is often the patient’s symptoms. Common symptoms include:
    * **Bone pain:** Often deep, aching pain in the bones, particularly ribs, hips, and spine.
    * **Muscle weakness:** Especially around the shoulders and thighs.
    * **Fatigue:** Feeling tired and lacking energy.
    * **Cognitive impairment:** Difficulty concentrating, memory problems (""pseudoconstipation"").
    * **Psychiatric symptoms:** Irritability, anxiety, depression.
    * **Frequent urination (polyuria) & excessive thirst (polydipsia):** Due to increased calcium in the blood, the kidneys are forced to work harder to excrete it, leading to increased urine output and dehydration, triggering thirst.
    * **Constipation:** Elevated calcium can interfere with normal bowel function.
    * **Kidney stones:** Increased calcium in the urine can lead to stone formation.
    * **Osteoporosis/Osteopenia:** Increased bone resorption.
*"
What are the treatments for arginine:glycine amidinotransferase deficiency ?,These resources address the diagnosis or management of arginine:glycine amidinotransferase deficiency:  - Gene Review: Gene Review: Creatine Deficiency Syndromes  - Genetic Testing Registry: Arginine:glycine amidinotransferase deficiency   These resources from MedlinePlus offer information about the diagnosis and management of various health conditions:  - Diagnostic Tests  - Drug Therapy  - Surgery and Rehabilitation  - Genetic Counseling   - Palliative Care,"Arginine-glycine amidinotransferase (AGAT) deficiency is a rare, inherited metabolic disorder characterized by a buildup of arginine in the blood and urine. Currently, there isn’t a cure for AGAT deficiency, but there are several treatments aimed at managing the symptoms and preventing complications. Here's a breakdown of the treatments, categorized for clarity:

**1. Dietary Management – The Cornerstone of Treatment**

* **Low-Arginine Diet:** This is absolutely critical. The goal is to dramatically reduce the amount of arginine consumed. This is achieved through a very strict, carefully planned diet.
    * **Protein Restriction:**  This is the most significant part.  Protein intake is significantly reduced, typically to around 10-15 grams per day for infants and young children, and can be adjusted for older individuals. The exact amount depends on the individual's tolerance and needs.
    * **Specialized Formulas:**  Specialized amino acid-based formulas are used to replace protein intake. These formulas are carefully formulated to be very low in arginine and contain a balanced amount of essential amino acids.
    * **Monitoring:** Frequent blood arginine levels are crucial to adjust the diet and ensure it's effectively lowering arginine levels."
What is (are) High Blood Cholesterol ?,"You cannot control - heredity. High blood cholesterol can run in families.  - age. As we get older, our cholesterol levels rise.  - sex. Before menopause, women tend to have lower total cholesterol levels than men of the same age. After menopause, women's LDL (bad) cholesterol levels tend to increase. heredity. High blood cholesterol can run in families. age. As we get older, our cholesterol levels rise. sex. Before menopause, women tend to have lower total cholesterol levels than men of the same age. After menopause, women's LDL (bad) cholesterol levels tend to increase.","Okay, let's break down high blood cholesterol. It’s a really important topic for understanding heart health. Here's a comprehensive explanation:

**1. What is Cholesterol?**

* **Naturally Produced:** Your body *needs* cholesterol to build healthy cells and make hormones. It's produced by your liver.
* **Types of Cholesterol:** There are two main types:
    * **LDL (“Bad”) Cholesterol:** This is the cholesterol your body tries to remove from your bloodstream. High levels of LDL cholesterol can build up on the walls of your arteries, forming plaque.
    * **HDL (“Good”) Cholesterol:** This cholesterol carries cholesterol *out* of your tissues and back to the liver for processing. Higher levels are generally considered beneficial.
    * **Triglycerides:** These are another type of fat in your blood. High levels of triglycerides can also contribute to heart disease risk.


**2. What is High Blood Cholesterol?**

* **Definition:** High blood cholesterol means you have too much of certain types of cholesterol in your blood. Specifically, it usually refers to elevated levels of LDL cholesterol.
* **Levels and Categories (Based on Total Cholesterol):** These are the general guidelines, but your doctor might recommend"
Is Townes-Brocks syndrome inherited ?,"Is Townes-Brocks syndrome genetic? Yes. Townes-Brocks syndrome is inherited in an autosomal dominant fashion, which means that one copy of the altered gene in each cell is sufficient to cause the disorder. In about 50% of cases, an affected person inherits the mutation from an affected parent. The other 50% have the condition as a result of a new (de novo) mutation.","You're likely referring to **Townes Syndrome**, a rare genetic disorder. The answer to whether it's inherited is complex and depends on the specific genetic mutation involved. Here's a breakdown:

**1. The Genetic Basis:**

* **Spinal Muscular Atrophy (SMA) Type 1:**  The vast majority (around 90%) of cases of Townes Syndrome are linked to a specific mutation in the *SMN1* gene. This gene is *crucial* for producing a protein that helps nerve cells (motor neurons) survive.
* **SMN2 Gene Compensation:**  Everyone has a second, related gene called *SMN2*.  The *SMN2* gene *attempts* to compensate for the defective *SMN1* gene. However, the *SMN2* gene doesn't produce as much of the functional protein, and its ability to fully compensate varies.
* **Other Mutations:** A smaller percentage (around 10%) of Townes Syndrome cases are caused by mutations in genes *other* than *SMN1*. These mutations can affect different parts of the neuromuscular system.


**2. Inheritance Patterns:**

* **Autosomal Dominant (Most Common - *"
What are the stages of Gastrointestinal Carcinoid Tumors ?,"Key Points
                    - After a gastrointestinal carcinoid tumor has been diagnosed, tests are done to find out if cancer cells have spread within the stomach and intestines or to other parts of the body.     - There are three ways that cancer spreads in the body.    - Cancer may spread from where it began to other parts of the body.    - The plan for cancer treatment depends on where the carcinoid tumor is found and whether it can be removed by surgery.
                
                
                    After a gastrointestinal carcinoid tumor has been diagnosed, tests are done to find out if cancer cells have spread within the stomach and intestines or to other parts of the body.
                    Staging is the process used to find out how far the cancer has spread. The information gathered from the staging process determines the stage of the disease. The results of tests and procedures used to diagnose gastrointestinal (GI) carcinoid tumors may also be used for staging. See the General Information section for a description of these tests and procedures. A bone scan may be done to check if there are rapidly dividing cells, such as cancer cells, in the bone. A very small amount of radioactive material is injected into a vein and travels through the bloodstream. The radioactive material collects in the bones and is detected by a scanner.
                
                
                    There are three ways that cancer spreads in the body.
                    Cancer can spread through tissue, the lymph system, and the blood:         - Tissue. The cancer spreads from where it began by growing into nearby areas.     - Lymph system. The cancer spreads from where it began by getting into the lymph system. The cancer travels through the lymph vessels to other parts of the body.     - Blood. The cancer spreads from where it began by getting into the blood. The cancer travels through the blood vessels to other parts of the body.
                
                
                    Cancer may spread from where it began to other parts of the body.
                    When cancer spreads to another part of the body, it is called metastasis. Cancer cells break away from where they began (the primary tumor) and travel through the lymph system or blood.         - Lymph system. The cancer gets into the lymph system, travels through the lymph vessels, and forms a tumor (metastatic tumor) in another part of the body.    - Blood. The cancer gets into the blood, travels through the blood vessels, and forms a tumor (metastatic tumor) in another part of the body.        The metastatic tumor is the same type of tumor as the primary tumor. For example, if a gastrointestinal (GI) carcinoid tumor spreads to the liver, the tumor cells in the liver are actually GI carcinoid tumor cells. The disease is metastatic GI carcinoid tumor, not liver cancer.
                
                
                    The plan for cancer treatment depends on where the carcinoid tumor is found and whether it can be removed by surgery.
                    For many cancers it is important to know the stage of the cancer in order to plan treatment. However, the treatment of gastrointestinal carcinoid tumors is not based on the stage of the cancer. Treatment depends mainly on whether the tumor can be removed by surgery and if the tumor has spread.   Treatment is based on whether the tumor:         - Can be completely removed by surgery.    - Has spread to other parts of the body.    - Has come back after treatment. The tumor may come back in the stomach or intestines or in other parts of the body.    - Has not gotten better with treatment.","Okay, let's break down the staging of gastrointestinal (GI) carcinoid tumors. It's a complex process, and the staging system has evolved over time. We'll focus on the most commonly used system, the **Vienna Classification**, which is based on the **Ki-67 index** (a measure of cell proliferation) and **metastatic status**.

Here’s a breakdown of the stages, recognizing that this is a simplified overview and a medical professional needs to perform the actual staging:

**1.  Initial Classification (Based on Ki-67 and Location):**

*   **I (Low-Grade):** Ki-67 < 5%
    *   These tumors grow slowly and have a lower risk of spreading. They're often referred to as ""typical"" carcinoids.
    *   They are found most commonly in the **stomach** (80-90%) and, less frequently, the **colon**.

*   **II (Intermediate-Grade):** Ki-67 5-10%
     *  These tumors have a moderate growth rate and a slightly increased risk of spreading. They’re often referred to as “atypical” carcinoids."
What are the genetic changes related to Werner syndrome ?,"Mutations in the WRN gene cause Werner syndrome. The WRN gene provides instructions for producing the Werner protein, which is thought to perform several tasks related to the maintenance and repair of DNA. This protein also assists in the process of copying (replicating) DNA in preparation for cell division. Mutations in the WRN gene often lead to the production of an abnormally short, nonfunctional Werner protein. Research suggests that this shortened protein is not transported to the cell's nucleus, where it normally interacts with DNA. Evidence also suggests that the altered protein is broken down more quickly in the cell than the normal Werner protein. Researchers do not fully understand how WRN mutations cause the signs and symptoms of Werner syndrome. Cells with an altered Werner protein may divide more slowly or stop dividing earlier than normal, causing growth problems. Also, the altered protein may allow DNA damage to accumulate, which could impair normal cell activities and cause the health problems associated with this condition.","Werner syndrome is a rare, autosomal recessive genetic disorder characterized by premature aging. It's caused by mutations in the *WRN1* gene, though rarely, mutations in *WRN2* can also cause the syndrome. Let's break down the genetic changes in detail:

**1. The *WRN1* Gene and its Role:**

* **What it does:** The *WRN1* gene provides instructions for making a protein called Werner syndrome protein (WRN). This protein is a key component of the **spliceosome**, a vital cellular machine responsible for correctly processing RNA (specifically pre-mRNA) during gene translation. Essentially, it ensures that RNA is accurately copied into proteins.
* **Why it's critical:** Accurate RNA processing is fundamental for proper cell function and longevity. Defects in this process lead to a build-up of improperly processed RNA, which then disrupts cellular processes and contributes to the premature aging seen in Werner syndrome.

**2. Types of Mutations in *WRN1*:**

* **Frameshift Mutations:** These are the most common type of mutation found in Werner syndrome. They involve insertions or deletions of nucleotides that shift the reading frame of the RNA, leading to a completely altered and non-functional"
How many people are affected by Usher syndrome ?,"Usher syndrome is thought to be responsible for 3 percent to 6 percent of all childhood deafness and about 50 percent of deaf-blindness in adults. Usher syndrome type I is estimated to occur in at least 4 per 100,000 people. It may be more common in certain ethnic populations, such as people with Ashkenazi (central and eastern European) Jewish ancestry and the Acadian population in Louisiana. Type II is thought to be the most common form of Usher syndrome, although the frequency of this type is unknown. Type III Usher syndrome accounts for only a small percentage of all Usher syndrome cases in most populations. This form of the condition is more common in the Finnish population, however, where it accounts for about 40 percent of all cases.","Usher syndrome is a surprisingly common genetic condition, and estimating the exact number of people affected is complex. Here's a breakdown of the estimated numbers, considering different types and variations:

**Overall Estimates:**

* **Globally:** Approximately **70,000 - 80,000** people are estimated to have Usher syndrome.
* **United States:**  Around **1 in 10,000 - 1 in 25,000** births are affected. This range reflects the variations in the genes involved and the severity of symptoms.  Some estimates put it closer to 1 in 20,000.

**Breakdown by Type (Most Common to Less Common):**

* **Usher Syndrome Type 1 (USH1):**  This is the most common type, caused by mutations in the *USH1* gene.  Approximately **1 in 25,000** births.
* **Usher Syndrome Type 2 (USH2):** This type is caused by mutations in the *USH2* gene and is less common. Estimates range from **1 in 30,000 - 1 in 50,0"
what research (or clinical trials) is being done for Small Cell Lung Cancer ?,"New types of treatment are being tested in clinical trials.
                    Information about clinical trials is available from the NCI website.
                
                
                    Patients may want to think about taking part in a clinical trial.
                    For some patients, taking part in a clinical trial may be the best treatment choice. Clinical trials are part of the cancer research process. Clinical trials are done to find out if new cancer treatments are safe and effective or better than the standard treatment.   Many of today's standard treatments for cancer are based on earlier clinical trials. Patients who take part in a clinical trial may receive the standard treatment or be among the first to receive a new treatment.   Patients who take part in clinical trials also help improve the way cancer will be treated in the future. Even when clinical trials do not lead to effective new treatments, they often answer important questions and help move research forward.
                
                
                    Patients can enter clinical trials before, during, or after starting their cancer treatment.
                    Some clinical trials only include patients who have not yet received treatment. Other trials test treatments for patients whose cancer has not gotten better. There are also clinical trials that test new ways to stop cancer from recurring (coming back) or reduce the side effects of cancer treatment.   Clinical trials are taking place in many parts of the country. See the Treatment Options section that follows for links to current treatment clinical trials. These have been retrieved from NCI's listing of clinical trials.","Okay, let's break down the exciting and evolving research landscape for Small Cell Lung Cancer (SCLC). It's a field with significant advancements, though still challenging due to its aggressive nature. Here's a categorized overview of research and clinical trials, as of late 2023/early 2024:

**1. Chemotherapy Combinations – The Current Standard, with Modifications**

* **Standard Chemotherapy Remains Key:**  Alkylating agents (like cisplatin or carboplatin) combined with a platinum drug (like etoposide) remain the cornerstone of SCLC treatment. However, research is focused on optimizing these combinations and exploring alternatives.
* **Novel Chemotherapy Regimens:**
    * **Nab-paclitaxel + Carboplatin:** This combination has shown promising results in first-line treatment, particularly in extensive-stage disease. Several clinical trials are ongoing evaluating its efficacy and safety compared to standard regimens.
    * **Lirana (lorbernovide) + Cisplatin:**  This new drug is being investigated as a potential alternative to cisplatin, aiming for improved toxicity profiles.
    * **Gemcitabine + Pemetrexed:**  Some trials are exploring this combination, particularly in patients"
What is (are) Congenital chloride diarrhea ?,"Congenital chloride diarrhea is a condition characterized by large, watery stools containing an excess of chloride. Individuals have intrauterine (pre-birth) and lifelong diarrhea; infants with the condition are often premature. The excessive diarrhea causes electrolyte and water deficits, which in turn cause volume depletion, hyperreninemia (elevated levels of renin in the blood), hyperaldosteronism, renal potassium wasting, and sometimes nephropathy. Mutations in the SLC26A3 gene have been found to cause the condition. It is inherited in an autosomal recessive manner. Treatment generally focuses on the individual symptoms of the condition and typically includes taking oral supplements of sodium and potassium chloride.","Congenital chloride diarrhea (CCD) is a rare, inherited disorder affecting the absorption of sodium and chloride in the small intestine. It’s a complex condition with varying degrees of severity and can significantly impact a person’s health. Here’s a breakdown of what you need to know:

**1. What is it?**

* **Disruption of Sodium and Chloride Absorption:** CCD is caused by defects in the cystic fibrosis transmembrane conductance regulator (CFTR) protein. This protein is responsible for transporting chloride ions across the cell membranes of the small intestine.  Without a functioning CFTR, the body can’t properly absorb sodium and chloride.
* **Secondary Sodium Deficiency:** Because sodium is linked to chloride, the body attempts to compensate by increasing sodium absorption, often through the kidneys. This leads to an overall sodium deficiency.
* **Chloride in the Stool:** The excess chloride that isn’t absorbed ends up in the stool, giving it a salty taste.

**2. Types of CCD:**

CCD is categorized into three main types, based on the severity of the CFTR defect and the resulting clinical presentation:

* **Type 1 (Classic CCD):**
    * **Most Common:** This is the most frequent form."
What are the treatments for Roberts syndrome ?,These resources address the diagnosis or management of Roberts syndrome:  - Gene Review: Gene Review: Roberts Syndrome  - Genetic Testing Registry: Roberts-SC phocomelia syndrome  - MedlinePlus Encyclopedia: Contracture deformity  - MedlinePlus Encyclopedia: Microcephaly   These resources from MedlinePlus offer information about the diagnosis and management of various health conditions:  - Diagnostic Tests  - Drug Therapy  - Surgery and Rehabilitation  - Genetic Counseling   - Palliative Care,"Roberts syndrome is a rare genetic disorder, and treatment is largely focused on managing the symptoms and complications that arise from it. There's no cure, and treatment approaches are highly individualized, depending on the severity of the symptoms. Here's a breakdown of the treatments used, categorized by area:

**1. Medical Management:**

* **Respiratory Support:** This is a *critical* aspect of Roberts Syndrome care.
    * **Oxygen Therapy:** Many individuals with Roberts Syndrome have chronic respiratory issues, requiring supplemental oxygen.
    * **Mechanical Ventilation:**  Severe respiratory distress may necessitate long-term or intermittent mechanical ventilation.
    * **Bronchodilators:** Medications like albuterol are used to open airways.
    * **Chest Physiotherapy:**  Techniques to help clear mucus from the lungs.
    * **Regular Pulmonary Function Tests:** To monitor lung function and adjust treatment plans.
* **Feeding Support:**  Many individuals with Roberts Syndrome have difficulty feeding and swallowing.
    * **G-tube (Gastrostomy Tube):** This is often necessary for long-term nutritional support, especially in infants and children.
    * **J-tube (Jejunal Tube):**  May be used for short-term nutritional support"
What causes Essential tremor ?,"What causes essential tremor? The causes of essential tremor are unknown. Researchers are studying several areas (loci) on particular chromosomes that may be linked to essential tremor, but no specific genetic associations have been confirmed. Several genes, as well as environmental factors, are likely involved in an individual's risk of developing this complex condition.","Okay, let's break down the causes of essential tremor. It's a surprisingly complex condition, and the exact cause isn't always fully understood. Here's a detailed look at what's known:

**1. Genetic Factors - The Biggest Influence**

* **Strong Genetic Link:** Essential tremor has a strong genetic component. It's estimated that around 70-80% of cases are inherited. However, it's rarely a simple, single gene inheritance like some other conditions.
* **Multiple Genes Involved:**  It's believed to be caused by a combination of several genes, each contributing a small amount to the overall risk. These genes are primarily involved in:
    * **Dopamine Signaling:** The most significant area. Genes related to dopamine receptors and dopamine synthesis are heavily implicated. Dopamine plays a crucial role in controlling movement.
    * **Calcium Channels:**  Genes affecting calcium regulation within nerve cells are also linked.  Calcium imbalances can disrupt normal neuronal function.
    * **Other Neurotransmitter Systems:**  There's emerging evidence suggesting involvement in other neurotransmitter systems, like glutamate.

* **Inheritance Patterns:**  The inheritance pattern is often described as:
    * **Autosomal"
What is (are) Graves disease ?,"Graves disease is a condition that affects the function of the thyroid, which is a butterfly-shaped gland in the lower neck. The thyroid makes hormones that help regulate a wide variety of critical body functions. For example, thyroid hormones influence growth and development, body temperature, heart rate, menstrual cycles, and weight. In people with Graves disease, the thyroid is overactive and makes more hormones than the body needs. The condition usually appears in mid-adulthood, although it may occur at any age.  Excess thyroid hormones can cause a variety of signs and symptoms. These include nervousness or anxiety, extreme tiredness (fatigue), a rapid and irregular heartbeat, hand tremors, frequent bowel movements or diarrhea, increased sweating and difficulty tolerating hot conditions, trouble sleeping, and weight loss in spite of an increased appetite. Affected women may have menstrual irregularities, such as an unusually light menstrual flow and infrequent periods. Some people with Graves disease develop an enlargement of the thyroid called a goiter. Depending on its size, the enlarged thyroid can cause the neck to look swollen and may interfere with breathing and swallowing.  Between 25 and 50 percent of people with Graves disease have eye abnormalities, which are known as Graves ophthalmopathy. These eye problems can include swelling and inflammation, redness, dryness, puffy eyelids, and a gritty sensation like having sand or dirt in the eyes. Some people develop bulging of the eyes caused by inflammation of tissues behind the eyeball and ""pulling back"" (retraction) of the eyelids. Rarely, affected individuals have more serious eye problems, such as pain, double vision, and pinching (compression) of the optic nerve connecting the eye and the brain, which can cause vision loss.  A small percentage of people with Graves disease develop a skin abnormality called pretibial myxedema or Graves dermopathy. This abnormality causes the skin on the front of the lower legs and the tops of the feet to become thick, lumpy, and red. It is not usually painful.","Graves' disease is an autoimmune disorder that causes your thyroid to overproduce thyroid hormones. Let's break down what that means and what it involves:

**1. What is Autoimmune Disease?**

* **Normally:** Your immune system protects your body against foreign invaders like bacteria and viruses.
* **In Autoimmune Diseases:** Your immune system mistakenly attacks your *own* healthy tissues and organs. In Graves' disease, it attacks the thyroid gland.

**2. What is the Thyroid Gland?**

* The thyroid is a small, butterfly-shaped gland located in your neck. It produces hormones (primarily thyroxine - T4 and triiodothyronine - T3) that regulate many crucial bodily functions, including:
    * **Metabolism:** How your body uses energy.
    * **Heart Rate:**  Controls your heart's rhythm.
    * **Body Temperature:**  Helps maintain a normal body temperature.
    * **Brain Development & Function:** Important for growth and cognitive function, especially in children.


**3. How Does Graves’ Disease Develop?**

* **Antibodies:**  In Graves’ disease, your immune system produces antibodies called *thyroid-stimulating immunoglobulins (TS"
What is (are) Restless Legs ?,"Restless legs syndrome (RLS) causes a powerful urge to move your legs. Your legs become uncomfortable when you are lying down or sitting. Some people describe it as a creeping, crawling, tingling, or burning sensation. Moving makes your legs feel better, but not for long. RLS can make it hard to fall asleep and stay asleep.    In most cases, there is no known cause for RLS. In other cases, RLS is caused by a disease or condition, such as anemia or pregnancy. Some medicines can also cause temporary RLS. Caffeine, tobacco, and alcohol may make symptoms worse.    Lifestyle changes, such as regular sleep habits, relaxation techniques, and moderate exercise during the day can help. If those don't work, medicines may reduce the symptoms of RLS.    Most people with RLS also have a condition called periodic limb movement disorder (PLMD). PLMD is a condition in which a person's legs twitch or jerk uncontrollably, usually during sleep. PLMD and RLS can also affect the arms.     NIH: National Heart, Lung, and Blood Institute","Restless Legs Syndrome (RLS) is a neurological disorder characterized by an irresistible urge to move the legs, often accompanied by uncomfortable sensations. Here's a breakdown of what it is, its symptoms, causes, and treatment:

**What is Restless Legs Syndrome?**

* **An Intractable Urge:** The core feature of RLS is a strong, persistent urge to move your legs, usually without conscious effort. You can’t just ignore it.
* **Uncomfortable Sensations:**  Alongside the urge to move, sufferers often experience uncomfortable sensations in their legs. These sensations can vary greatly from person to person and can include:
    * **Crawling, creeping, tingling, pulling, itching, burning, aching, throbbing, or pulling.**
    * **These sensations are usually worst when you're resting or lying down, especially in the evening or at night.**


**Symptoms:**

* **Urge to Move:** The most prominent symptom, often triggered by relaxation.
* **Sensations:** As described above – crawling, tingling, etc.
* **Timing:**  Symptoms typically worsen in the evening and at night.
* **Severity:** Can range from mild (occasional symptoms) to severe (constant,"
what research (or clinical trials) is being done for Dysgraphia ?,"The National Institute of Neurological Disorders and Stroke (NINDS) and other institutes of the National Institutes of Health (NIH) support dysgraphia research through grants to major medical institutions across the country. Much of this research focuses on finding better ways to treat, and ultimately, prevent dysgraphia.","Okay, let's break down the current research and clinical trials happening for dysgraphia. It's a complex area, and research is ongoing, with a mix of approaches – from neuroscience to behavioral interventions. Here's a categorized overview as of late 2023/early 2024, keeping in mind that this field is constantly evolving:

**1. Neuroscience & Underlying Mechanisms:**

* **Brain Imaging (fMRI, EEG):** This is a significant area of focus. Researchers are trying to understand *why* some individuals with dysgraphia have differences in brain activity and structure compared to typically developing writers.
    * **Motor Cortex Activity:** Several studies have found altered activity in the motor cortex (the area responsible for movement) in individuals with dysgraphia, particularly during handwriting tasks. It’s not necessarily about a *lack* of motor control, but differences in how it’s coordinated and planned.
    * **Parietal Lobe Involvement:** Research suggests involvement of the parietal lobe, which is critical for spatial processing, attention, and integrating sensory information – all crucial for handwriting.
    * **Frontal Lobe Involvement:** Some studies are exploring the role of the frontal lobe in executive functions (planning"
What is (are) Monkeypox Virus Infections ?,"Monkeypox is a rare viral disease. It occurs mostly in central and western Africa. Wild rodents and squirrels carry it, but it is called monkeypox because scientists saw it first in lab monkeys. In 2003, it was reported in prairie dogs and humans in the U.S.     Centers for Disease Control and Prevention","Okay, let's break down monkeypox virus infections. It's a complex topic that's evolved rapidly in recent years. Here's a comprehensive overview:

**1. What is Monkeypox?**

* **The Virus:** Monkeypox is a viral disease initially linked to monkeys, but now we know it can infect other animals and humans. It’s related to the virus that causes smallpox, but it’s generally less severe.
* **Two Main Strains:** There are two main clades (strains) of monkeypox virus:
    * **Wild-type Monkeypox (Clade I):** This is the traditional strain found in Africa, associated with more severe illness, longer durations of symptoms, and a higher risk of death.
    * **Index Case Clade (Clade II):** This is the strain that caused the 2022 global outbreak. It's typically associated with milder symptoms and a shorter duration. It originated in the Democratic Republic of Congo and spread to the United States and Europe.


**2. Symptoms of Monkeypox**

Symptoms typically appear 5-18 days after exposure but can vary. They can be divided into stages:

* **Initial Symptoms (Days"
What is (are) megalencephaly-capillary malformation syndrome ?,"Megalencephaly-capillary malformation syndrome (MCAP) is a disorder characterized by overgrowth of several tissues in the body. Its primary features are a large brain (megalencephaly) and abnormalities of small blood vessels in the skin called capillaries (capillary malformations).  In individuals with MCAP, megalencephaly leads to an unusually large head size (macrocephaly), which is typically evident at birth. After birth, the brain and head continue to grow at a fast rate for the first few years of life; then, the growth slows to a normal rate, although the head remains larger than average. Additional brain abnormalities are common in people with MCAP; these can include excess fluid within the brain (hydrocephalus) and abnormalities in the brain's structure, such as those known as Chiari malformation and polymicrogyria. Abnormal brain development leads to intellectual disability in most affected individuals and can also cause seizures or weak muscle tone (hypotonia). In particular, polymicrogyria is associated with speech delays and difficulty chewing and swallowing.  The capillary malformations characteristic of MCAP are composed of enlarged capillaries that increase blood flow near the surface of the skin. These malformations usually look like pink or red spots on the skin. In most affected individuals, capillary malformations occur on the face, particularly the nose, the upper lip, and the area between the nose and upper lip (the philtrum). In other people with MCAP, the malformations appear as patches spread over the body or as a reddish net-like pattern on the skin (cutis marmorata).  In some people with MCAP, excessive growth affects not only the brain but other individual parts of the body, which is known as segmental overgrowth. This can lead to one arm or leg that is bigger or longer than the other or a few oversized fingers or toes. Some affected individuals have fusion of the skin between two or more fingers or toes (cutaneous syndactyly).  Additional features of MCAP can include flexible joints and skin that stretches easily. Some affected individuals are said to have doughy skin because the tissue under the skin is unusually thick and soft.  The gene involved in MCAP is also associated with several types of cancer. Although a small number of individuals with MCAP have developed tumors (in particular, a childhood form of kidney cancer known as Wilms tumor and noncancerous tumors in the nervous system known as meningiomas), people with MCAP do not appear to have a greater risk of developing cancer than the general population.","Megalencephaly-capillary malformation syndrome (MCS) is a rare, devastating genetic disorder characterized by **excessive brain growth (megalencephaly)** and the presence of abnormal, dilated capillaries (capillary malformations) within the brain. It’s a complex condition with significant neurological and developmental challenges. Here’s a breakdown of what’s known about it:

**1. What is it?**

* **Megalencephaly:** The defining feature is a dramatically enlarged brain, often significantly larger than typical for a given gestational age. This abnormal growth is driven by an overproduction of neurons.
* **Capillary Malformations:** These are abnormal, dilated, and poorly organized blood vessels within the brain. They disrupt normal brain function and contribute to neurological problems. They are a key diagnostic feature.
* **Genetic Basis:** MCS is caused by mutations in the *GNEV* gene. This gene provides instructions for making a protein called glycopeptide N-acetyltransferase (GNEAT). GNEAT is vital for the proper formation and function of capillaries.

**2. Symptoms & Clinical Presentation**

The symptoms of MCS can vary in severity, but common manifestations include:

* **Severe Intellectual Disability:**"
What are the treatments for cerebral cavernous malformation ?,These resources address the diagnosis or management of cerebral cavernous malformation:  - Angioma Alliance: Imaging and Diagnostics  - Gene Review: Gene Review: Familial Cerebral Cavernous Malformation  - Genetic Testing Registry: Cerebral cavernous malformation  - Genetic Testing Registry: Cerebral cavernous malformations 1  - Genetic Testing Registry: Cerebral cavernous malformations 2  - Genetic Testing Registry: Cerebral cavernous malformations 3  - MedlinePlus Encyclopedia: Cerebral angiography   These resources from MedlinePlus offer information about the diagnosis and management of various health conditions:  - Diagnostic Tests  - Drug Therapy  - Surgery and Rehabilitation  - Genetic Counseling   - Palliative Care,"Okay, let's break down the treatments for cerebral cavernous malformations (CCMs). It's important to understand that treatment depends heavily on the size, location, symptoms, and risk of bleeding of the CCM. There's no single ""cure,"" and management is often focused on symptom control and risk reduction.

Here's a breakdown of the treatment options, categorized by approach:

**1. Observation (Watchful Waiting):**

* **Suitable for:** Small, asymptomatic CCMs.
* **What it involves:** Regular MRI scans (typically every 6-12 months) to monitor the size and stability of the CCM.  This is the most common approach for many patients, especially those with small, stable lesions.
* **Goal:** Detect any growth or changes that might warrant intervention.
* **Important Note:**  Even with observation, patients still need to be aware of the potential for bleeding.

**2. Endovascular Treatment (Minimally Invasive Procedures):**

* **Goal:** Reduce the size of the CCM and/or prevent or treat bleeding.
* **Types:**
    * **Selective Angiography and Microspheres:**
        * **How it works:** A catheter is threaded through a"
Is inclusion body myopathy 2 inherited ?,"This condition is inherited in an autosomal recessive pattern, which means both copies of the gene in each cell have mutations. The parents of an individual with an autosomal recessive condition each carry one copy of the mutated gene, but they typically do not show signs and symptoms of the condition.","Yes, Inclusion Body Myopathy type 2 (IBM2) is **primarily inherited** in an autosomal recessive manner. Let's break down what that means and the inheritance pattern:

**1. Autosomal Recessive Inheritance:**

* **Genes:** IBM2 is caused by mutations in the *LMNA* gene. This gene provides instructions for making lamin A, a crucial protein that's a key component of the nuclear membrane.
* **Two Copies Needed:**  For a person to have IBM2, they need to inherit *two* copies of the mutated *LMNA* gene – one from their mother and one from their father.
* **Carrier Status:** Individuals who inherit only one copy of the mutated gene are called carriers. They usually don't show symptoms of IBM2, but they can pass the mutated gene on to their children.

**2. How it's Inherited – The Family Pattern:**

* **Parents:** Both parents must be carriers of the mutated *LMNA* gene.  They won't have IBM2 themselves, but they have a 25% chance of having a child with IBM2.
* **Offspring:**
    * **25% chance:** The child will inherit two"
What are the genetic changes related to nonsyndromic hearing loss ?,"The causes of nonsyndromic hearing loss are complex. Researchers have identified more than 90 genes that, when altered, are associated with nonsyndromic hearing loss. Many of these genes are involved in the development and function of the inner ear. Mutations in these genes contribute to hearing loss by interfering with critical steps in processing sound. Different mutations in the same gene can be associated with different types of hearing loss, and some genes are associated with both syndromic and nonsyndromic forms. In many affected families, the factors contributing to hearing loss have not been identified.  Most cases of nonsyndromic hearing loss are inherited in an autosomal recessive pattern. About half of all severe-to-profound autosomal recessive nonsyndromic hearing loss results from mutations in the GJB2 gene; these cases are designated DFNB1. The GJB2 gene provides instructions for making a protein called connexin 26, which is a member of the connexin protein family. Mutations in another connexin gene, GJB6, can also cause DFNB1. The GJB6 gene provides instructions for making a protein called connexin 30. Connexin proteins form channels called gap junctions, which allow communication between neighboring cells, including cells in the inner ear. Mutations in the GJB2 or GJB6 gene alter their respective connexin proteins, which changes the structure of gap junctions and may affect the function or survival of cells that are needed for hearing.  The most common cause of moderate autosomal recessive nonsyndromic hearing loss is mutations in the STRC gene. These mutations cause a form of the condition known as DFNB16. Mutations in more than 60 other genes can also cause autosomal recessive nonsyndromic hearing loss. Many of these gene mutations have been found in one or a few families.  Nonsyndromic hearing loss can also be inherited in an autosomal dominant pattern. Mutations in at least 30 genes have been identified in people with autosomal dominant nonsyndromic hearing loss; mutations in some of these genes (including GJB2 and GJB6) can also cause autosomal recessive forms of the condition. Although no single gene is associated with a majority of autosomal dominant nonsyndromic hearing loss cases, mutations in a few genes, such as KCNQ4 and TECTA, are relatively common. Mutations in many of the other genes associated with autosomal dominant nonsyndromic hearing loss have been found in only one or a few families.  X-linked and mitochondrial forms of nonsyndromic hearing loss are rare. About half of all X-linked cases are caused by mutations in the POU3F4 gene. This form of the condition is designated DFNX2. Mutations in at least three other genes have also been identified in people with X-linked nonsyndromic hearing loss.  Mitochondrial forms of hearing loss result from changes in mitochondrial DNA (mtDNA). Mitochondria are structures within cells that convert the energy from food into a form that cells can use. Although most DNA is packaged in chromosomes within the nucleus, mitochondria also have a small amount of their own DNA. Only a few mutations in mtDNA have been associated with hearing loss, and their role in the condition is still being studied.  Mutations in some of the genes associated with nonsyndromic hearing loss can also cause syndromic forms of hearing loss, such as Usher syndrome (CDH23 and MYO7A, among others), Pendred syndrome (SLC26A4), Wolfram syndrome (WFS1), and Stickler syndrome (COL11A2). It is often unclear how mutations in the same gene can cause isolated hearing loss in some individuals and hearing loss with additional signs and symptoms in others.  In addition to genetic changes, hearing loss can result from environmental factors or a combination of genetic risk and a person's environmental exposures. Environmental causes of hearing loss include certain medications, specific infections before or after birth, and exposure to loud noise over an extended period. Age is also a major risk factor for hearing loss. Age-related hearing loss (presbyacusis) is thought to have both genetic and environmental influences.","Okay, let's break down the genetic changes associated with nonsyndromic hearing loss (NSHL). This is a hugely complex area, and research is constantly uncovering new mutations. Here's a categorized overview of the most common genetic changes, along with key details:

**1. Mutations in *GJB2* (Gap Junction Beta 2): By Far the Most Common**

* **Frequency:** Accounts for approximately 25-30% of all NSHL cases.
* **Gene Function:** *GJB2* encodes connexin 26, a protein crucial for the formation of the cochlear lateral wall. This wall is vital for the ion transport necessary for hair cell function.
* **Types of Mutations:**
    * **Deletions:** The most common type, typically a 3-base pair deletion:  **Δ35del** (Δ35 is the most common deletion)
    * **Missense Mutations:**  Affect the protein's structure and function.
    * **Nonsense Mutations:**  Introduce premature stop codons, leading to truncated proteins.
* **Mechanism:**  The Δ35 deletion is thought to lead to a reduced amount of connexin 26, resulting"
What is (are) Prostate Enlargement: Benign Prostatic Hyperplasia ?,"The prostate is a walnut-shaped gland that is part of the male reproductive system. The main function of the prostate is to make a fluid that goes into semen. Prostate fluid is essential for a mans fertility. The gland surrounds the urethra at the neck of the bladder. The bladder neck is the area where the urethra joins the bladder. The bladder and urethra are parts of the lower urinary tract. The prostate has two or more lobes, or sections, enclosed by an outer layer of tissue, and it is in front of the rectum, just below the bladder. The urethra is the tube that carries urine from the bladder to the outside of the body. In men, the urethra also carries semen out through the penis.","Okay, let's break down Benign Prostatic Hyperplasia (BPH) – it's a really common condition as men age. Here’s a comprehensive explanation:

**What is Benign Prostatic Hyperplasia (BPH)?**

* **What it is:** BPH is the *non-cancerous* enlargement of the prostate gland. The prostate is a small, walnut-shaped gland located just below the bladder in men. It produces fluid that nourishes and transports sperm.
* **Why it happens:** As men age, the prostate gland often starts to grow. The exact cause isn’t fully understood, but it's thought to be related to hormonal changes (specifically, dihydrotestosterone – DHT) and possibly inflammation.
* **It’s Not Cancer:** It’s crucial to understand that BPH is *not* prostate cancer. While both conditions affect the prostate, they are completely different.

**Symptoms of BPH**

The symptoms of BPH develop gradually and can vary in severity. Common symptoms include:

* **Frequent Urination:**  Needing to urinate more often than usual.
* **Urgency:** A sudden, strong urge to urinate.
* **Nocturia:**"
What are the symptoms of Doyne honeycomb retinal dystrophy ?,"What are the signs and symptoms of Doyne honeycomb retinal dystrophy? The Human Phenotype Ontology provides the following list of signs and symptoms for Doyne honeycomb retinal dystrophy. If the information is available, the table below includes how often the symptom is seen in people with this condition. You can use the MedlinePlus Medical Dictionary to look up the definitions for these medical terms. Signs and Symptoms Approximate number of patients (when available) Autosomal dominant inheritance - Reticular pigmentary degeneration - Retinal dystrophy - Visual impairment - The Human Phenotype Ontology (HPO) has collected information on how often a sign or symptom occurs in a condition. Much of this information comes from Orphanet, a European rare disease database. The frequency of a sign or symptom is usually listed as a rough estimate of the percentage of patients who have that feature. The frequency may also be listed as a fraction. The first number of the fraction is how many people had the symptom, and the second number is the total number of people who were examined in one study. For example, a frequency of 25/25 means that in a study of 25 people all patients were found to have that symptom. Because these frequencies are based on a specific study, the fractions may be different if another group of patients are examined. Sometimes, no information on frequency is available. In these cases, the sign or symptom may be rare or common.","Doyne-Honeycomb Retinal Dystrophy (DHRD) is a progressive, inherited eye disease that primarily affects the macula, the central part of the retina responsible for sharp, detailed vision. Here’s a breakdown of the symptoms, categorized by stage:

**1. Early Stage (Often Asymptomatic or Mild)**

* **Floaters:** Many people with DHRD initially notice an increase in floaters – tiny spots or strands that seem to drift across their field of vision. This is the most common early symptom.
* **Increased Sensitivity to Light (Photophobia):**  Some individuals experience increased sensitivity to bright light.
* **Subtle Vision Changes:**  Minor, subjective changes in vision – perhaps feeling like things aren't as sharp as they used to be.  This is often difficult to pinpoint and can be attributed to aging or other factors.


**2. Intermediate Stage (Vision Deterioration Begins)**

* **Worsening Floaters:** The number and density of floaters significantly increase. They become more prominent and distracting.
* **Blurred Vision:**  Vision gradually becomes blurrier, especially at near distances.
* **Decreased Visual Acuity:**  The ability to see fine details diminishes. Reading becomes more"
What is (are) van der Woude syndrome ?,"Van der Woude syndrome is a condition that affects the development of the face. Many people with this disorder are born with a cleft lip, a cleft palate (an opening in the roof of the mouth), or both. Affected individuals usually have depressions (pits) near the center of the lower lip, which may appear moist due to the presence of salivary and mucous glands in the pits. Small mounds of tissue on the lower lip may also occur. In some cases, people with van der Woude syndrome have missing teeth.  People with van der Woude syndrome who have cleft lip and/or palate, like other individuals with these facial conditions, have an increased risk of delayed language development, learning disabilities, or other mild cognitive problems. The average IQ of individuals with van der Woude syndrome is not significantly different from that of the general population.","Van der Woude syndrome is a rare, complex genetic disorder characterized by a fascinating and often unsettling set of features. Here’s a breakdown of what it is:

**What it is:**

It’s a chromosomal microdeletion – a missing piece of chromosome 22. Specifically, it’s a deletion of a small segment (around 35-40 genes) on chromosome 22q11.2. This deletion is often referred to as 22q11.2 deletion syndrome (22q11.2DS), but “Van der Woude syndrome” is the older, more specific term.

**Key Features:**

The hallmark of Van der Woude syndrome is the presence of **hypomelanosis congenita**, a distinctive skin condition. However, it’s much more than just pale skin. Individuals with this syndrome typically experience a combination of these features:

* **Hypomelanosis Congenita (HC):** This is the defining feature. It’s characterized by patchy, irregular areas of reduced pigmentation (lighter skin) on the palms, soles of the feet, and face. The pigmentation changes are often most pronounced in sunlight. The pattern of pigmentation is highly variable,"
What is (are) Hypotension ?,"Hypotension (HI-po-TEN-shun) is abnormally low blood pressure. Blood pressure is the force of blood pushing against the walls of the arteries as the heart pumps out blood.
                
Blood pressure is measured as systolic (sis-TOL-ik) and diastolic (di-a-STOL-ik) pressures. ""Systolic"" refers to blood pressure when the heart beats while pumping blood. ""Diastolic"" refers to blood pressure when the heart is at rest between beats.
                
You most often will see blood pressure numbers written with the systolic number above or before the diastolic number, such as 120/80 mmHg. (The mmHg is millimeters of mercurythe units used to measure blood pressure.)
                
Normal blood pressure in adults is lower than 120/80 mmHg. Hypotension is blood pressure that's lower than 90/60 mmHg.
                
Overview
                
Blood pressure doesn't stay the same all the time. It lowers as you sleep and rises when you wake up. Blood pressure also rises when you're excited, nervous, or active.
                
Your body is very sensitive to changes in blood pressure. For example, if you stand up quickly, your blood pressure may drop for a short time. Your body adjusts your blood pressure to make sure enough blood and oxygen are flowing to your brain, kidneys, and other vital organs.
                
Most forms of hypotension happen because your body can't bring blood pressure back to normal or can't do it fast enough.
                
Some people have low blood pressure all the time. They have no signs or symptoms, and their low blood pressure is normal for them.
                
In other people, certain conditions or factors cause abnormally low blood pressure. As a result, less blood and oxygen flow to the body's organs.
                
For the most part, hypotension is a medical concern only if it causes signs or symptoms or is linked to a serious condition, such as heart disease. Signs and symptoms of hypotension may include dizziness, fainting, cold and sweaty skin, fatigue (tiredness), blurred vision, or nausea (feeling sick to your stomach).
                
In extreme cases, hypotension can lead to shock.
                
Outlook
                
In a healthy person, low blood pressure without signs or symptoms usually isn't a problem and needs no treatment. If it causes signs or symptoms, your doctor will try to find and treat the condition that's causing it.
                
Hypotension can be dangerous. It can make you fall because of dizziness or fainting. Shock, a severe form of hypotension, is a condition that's often fatal if not treated right away. With prompt and proper treatment, shock can be successfully treated.","Okay, let's break down what hypotension is.

**Hypotension simply means low blood pressure.** It's a condition where the pressure in your arteries is lower than normal.  It's not a disease in itself, but rather a symptom that can be caused by a variety of factors.

Here’s a more detailed explanation:

**1. What is Blood Pressure?**

* **Systolic Pressure:** The top number, it measures the pressure in your arteries when your heart beats (contracts).
* **Diastolic Pressure:** The bottom number, it measures the pressure in your arteries when your heart is at rest between beats.

**Normal Blood Pressure:** Generally, a healthy blood pressure reading is considered to be around 120/80 mmHg (millimeters of mercury).

**2. Types of Hypotension:**

* **Orthostatic Hypotension:** This is the most common type. It happens when your blood pressure drops suddenly when you stand up from a sitting or lying position. It's caused by a temporary problem with the signals that tell your body how to adjust blood pressure when you change positions.  Symptoms can include dizziness, lightheadedness, blurred vision, and sometimes fainting.
* **Persistent Hypotension"
How many people are affected by juvenile myoclonic epilepsy ?,"Juvenile myoclonic epilepsy affects an estimated 1 in 1,000 people worldwide. Approximately 5 percent of people with epilepsy have juvenile myoclonic epilepsy.","Juvenile myoclonic epilepsy (JME) is a surprisingly common, but often underdiagnosed, neurological disorder. Here's a breakdown of the numbers, keeping in mind that precise figures are challenging to obtain:

**1. Prevalence Estimates:**

* **General Prevalence:** Estimates vary, but JME is thought to affect approximately **1 in 4,000 to 10,000 people**. This range reflects the difficulty in accurately identifying all cases, particularly those with milder symptoms or atypical presentations.
* **US Estimates:** Some researchers estimate that JME affects around **15,000 to 25,000 Americans**. However, this is a broad estimate.
* **UK Estimates:** A 2018 study in the UK found that JME affected approximately **1 in 16,000 people**.

**2. Age of Onset & Diagnosis Challenges:**

* **Typically diagnosed between ages 8-18:** JME often presents during adolescence, making diagnosis difficult as symptoms can be mistaken for other conditions like stress-related seizures or mood disorders.
* **Atypical Presentations:** Many individuals with JME have unusual or variable symptoms, leading to delays in diagnosis."
what research (or clinical trials) is being done for Colon Cancer ?,"New types of treatment are being tested in clinical trials.
                    Information about clinical trials is available from the NCI website.
                
                
                    Patients may want to think about taking part in a clinical trial.
                    For some patients, taking part in a clinical trial may be the best treatment choice. Clinical trials are part of the cancer research process. Clinical trials are done to find out if new cancer treatments are safe and effective or better than the standard treatment.   Many of today's standard treatments for cancer are based on earlier clinical trials. Patients who take part in a clinical trial may receive the standard treatment or be among the first to receive a new treatment.   Patients who take part in clinical trials also help improve the way cancer will be treated in the future. Even when clinical trials do not lead to effective new treatments, they often answer important questions and help move research forward.
                
                
                    Patients can enter clinical trials before, during, or after starting their cancer treatment.
                    Some clinical trials only include patients who have not yet received treatment. Other trials test treatments for patients whose cancer has not gotten better. There are also clinical trials that test new ways to stop cancer from recurring (coming back) or reduce the side effects of cancer treatment.   Clinical trials are taking place in many parts of the country. See the Treatment Options section that follows for links to current treatment clinical trials. These have been retrieved from NCI's listing of clinical trials.","Okay, let's break down the current research and clinical trials happening for colon cancer. It's a really active area of research with progress on multiple fronts. Here's a categorized overview, as of late 2023/early 2024:

**1. Novel Therapies & Targeted Treatments:**

* **KRAS Inhibitors:** This is a *huge* area of focus. KRAS mutations are very common in colon cancer, and historically, they've been incredibly difficult to target. However, drugs like:
    * **Sotorasib (Lumakras/Lumykras):**  Approved for patients with KRAS G12C-mutated metastatic colorectal cancer.  Trials are ongoing to expand this to earlier stages and explore combinations.
    * **Adagrasib (Krazati):**  Another KRAS G12C inhibitor approved for KRAS G12C mutated metastatic colorectal cancer.
    * **Ongoing Trials:** Many trials are testing combinations of KRAS inhibitors with other therapies, like chemotherapy or immunotherapy.
* **FLT3 Inhibitors:**  Some colon cancers develop mutations in FLT3. Trials are investigating FLT3 inhibitors (like Quizartinib)"
What are the treatments for acromicric dysplasia ?,These resources address the diagnosis or management of acromicric dysplasia:  - Genetic Testing Registry: Acromicric dysplasia   These resources from MedlinePlus offer information about the diagnosis and management of various health conditions:  - Diagnostic Tests  - Drug Therapy  - Surgery and Rehabilitation  - Genetic Counseling   - Palliative Care,"Okay, let's break down the treatments for acromegaly, which is the condition caused by excessive growth hormone production. It's important to understand that acromegaly is a chronic condition, and treatment focuses on managing the symptoms, slowing the progression of the disease, and improving quality of life. There’s no cure, but significant progress can be made with a combination of approaches.

Here's a detailed look at the treatments:

**1. Medical Management – The Core of Treatment**

* **Somatostatin Analogs:** These are the mainstay of treatment. They mimic the effects of somatostatin, a natural hormone that inhibits growth hormone release. Examples include:
    * **Octreotide (Sandostatin):** Typically given as a subcutaneous injection. It’s often the first-line treatment.
    * **Octreotide LARIUM Depot:**  A longer-acting injectable form of octreotide.  It’s administered monthly, which can improve adherence.
* **Growth Hormone Receptor Antagonists (GHRA):** These medications block the effects of growth hormone once it’s been released.
    * **Pegvisomant (Velsan):** This is now a very common first-"
Do you have information about Nutritional Support,"Summary : Nutritional support is therapy for people who cannot get enough nourishment by eating or drinking. You may need it if you        - Can't swallow    - Have problems with your appetite    - Are severely malnourished    - Can't absorb nutrients through your digestive system       You receive nutritional support through a needle or catheter placed in your vein or with a feeding tube, which goes into your stomach.","Okay, let's dive into nutritional support. It's a surprisingly complex and vital area, encompassing a wide range of applications from acute illness to chronic disease management. Here's a breakdown of key information, categorized for clarity:

**1. What is Nutritional Support?**

At its core, nutritional support is the delivery of nutrients – calories, protein, carbohydrates, fats, vitamins, and minerals – to individuals who aren't able to obtain adequate nutrition through regular food intake. This can be due to a variety of reasons, including:

* **Medical Conditions:**
    * **Malnutrition:**  Severe deficiency in calories and/or nutrients.
    * **Critical Illness:** Sepsis, trauma, burns, major surgery.
    * **Chronic Diseases:** Chronic obstructive pulmonary disease (COPD), chronic heart failure, kidney disease, liver failure, cancer.
    * **Gastrointestinal Disorders:** Crohn's disease, ulcerative colitis, short bowel syndrome.
* **Reduced Appetite/Swallowing Difficulties:**  Dysphagia (difficulty swallowing), anorexia (loss of appetite).
* **Post-Surgical Recovery:** To aid healing and recovery.
* **Cachexia:**  Muscle wasting associated with severe chronic illnesses."
What are the symptoms of Annular pancreas ?,"What are the signs and symptoms of Annular pancreas? The Human Phenotype Ontology provides the following list of signs and symptoms for Annular pancreas. If the information is available, the table below includes how often the symptom is seen in people with this condition. You can use the MedlinePlus Medical Dictionary to look up the definitions for these medical terms. Signs and Symptoms Approximate number of patients (when available) Abnormality of the pancreas 90% Duodenal stenosis 90% Abnormality of the gastric mucosa 50% Annular pancreas - Autosomal dominant inheritance - High intestinal obstruction - The Human Phenotype Ontology (HPO) has collected information on how often a sign or symptom occurs in a condition. Much of this information comes from Orphanet, a European rare disease database. The frequency of a sign or symptom is usually listed as a rough estimate of the percentage of patients who have that feature. The frequency may also be listed as a fraction. The first number of the fraction is how many people had the symptom, and the second number is the total number of people who were examined in one study. For example, a frequency of 25/25 means that in a study of 25 people all patients were found to have that symptom. Because these frequencies are based on a specific study, the fractions may be different if another group of patients are examined. Sometimes, no information on frequency is available. In these cases, the sign or symptom may be rare or common.","Annular pancreas is a surprisingly common condition where the head of the pancreas wraps around the duodenum (the first part of the small intestine). This abnormal shape can cause significant obstruction and inflammation, leading to a variety of symptoms. The symptoms of annular pancreas can be quite varied and can be subtle, making diagnosis challenging. Here's a breakdown of the symptoms, categorized by severity and timeframe:

**1. Early Symptoms (Often Subtle & Overlooked):**

* **Mild Abdominal Pain:** This is often the most common initial symptom. It can be vague, intermittent, and easily attributed to indigestion or gas. It might be described as a dull ache or cramping in the upper abdomen.
* **Postprandial Distress (After Eating):** Many people experience bloating, nausea, vomiting, or discomfort after eating, particularly after consuming fatty foods.
* **Bloating:**  Excessive gas and a feeling of fullness after eating.
* **Diarrhea:** Frequent, loose stools are common due to the obstruction and inflammation.
* **Constipation:**  While less common, some individuals may experience constipation due to the obstruction.
* **Nausea & Vomiting:**  These can be intermittent and related to eating.


**2. Moderate Symptoms ("
What are the symptoms of Spinocerebellar ataxia 3 ?,"What are the signs and symptoms of Spinocerebellar ataxia 3? The Human Phenotype Ontology provides the following list of signs and symptoms for Spinocerebellar ataxia 3. If the information is available, the table below includes how often the symptom is seen in people with this condition. You can use the MedlinePlus Medical Dictionary to look up the definitions for these medical terms. Signs and Symptoms Approximate number of patients (when available) Dysautonomia 7.5% Ataxia 57/57 Gaze-evoked nystagmus 15/20 External ophthalmoplegia 34/57 Dysarthria 30/57 Spasticity 62/139 Dystonia 17/57 Fasciculations 12/57 Parkinsonism 3/57 Absent Achilles reflex - Autosomal dominant inheritance - Babinski sign - Bradykinesia - Cerebellar atrophy - Chronic pain - Dementia - Dilated fourth ventricle - Diplopia - Distal amyotrophy - Dysmetric saccades - Dysphagia - Facial-lingual fasciculations - Genetic anticipation - Gliosis - Impaired horizontal smooth pursuit - Limb ataxia - Muscle cramps - Postural instability - Progressive - Progressive cerebellar ataxia - Proptosis - Ptosis - Rigidity - Spinocerebellar tract degeneration - Supranuclear ophthalmoplegia - Truncal ataxia - Urinary bladder sphincter dysfunction - The Human Phenotype Ontology (HPO) has collected information on how often a sign or symptom occurs in a condition. Much of this information comes from Orphanet, a European rare disease database. The frequency of a sign or symptom is usually listed as a rough estimate of the percentage of patients who have that feature. The frequency may also be listed as a fraction. The first number of the fraction is how many people had the symptom, and the second number is the total number of people who were examined in one study. For example, a frequency of 25/25 means that in a study of 25 people all patients were found to have that symptom. Because these frequencies are based on a specific study, the fractions may be different if another group of patients are examined. Sometimes, no information on frequency is available. In these cases, the sign or symptom may be rare or common.","Okay, let's break down the symptoms of Spinocerebellar Ataxia Type 3 (SCA3), also known as Atrioventricular Heart Conduction Angle-Related SCA or SCA3. It’s a complex neurological disorder, and the symptoms can vary significantly from person to person, even within the same family. Here's a detailed look at the common and less common symptoms, categorized for clarity:

**1. Primary Neurological Symptoms (Most Common)**

* **Ataxia:** This is the hallmark symptom – a lack of coordination and balance. It’s not simply clumsiness; it's a profound difficulty with voluntary movements. This manifests as:
    * **Gait Ataxia:**  Unsteady, wide-based gait – a shuffling, staggering walk. People often take small, hesitant steps.
    * **Truncal Ataxia:** Difficulty maintaining posture while sitting or standing.
    * **Limb Ataxia:** Difficulty with fine motor skills like writing, buttoning clothes, or using utensils.
* **Dysarthria:** Difficulty with speech. This can involve:
    * **Scanning Dysarthria:** Speech is characterized by a scanning pattern, with pauses and repetitions as the person searches for the right"
"What are the symptoms of Macular dystrophy, concentric annular ?","What are the signs and symptoms of Macular dystrophy, concentric annular? The Human Phenotype Ontology provides the following list of signs and symptoms for Macular dystrophy, concentric annular. If the information is available, the table below includes how often the symptom is seen in people with this condition. You can use the MedlinePlus Medical Dictionary to look up the definitions for these medical terms. Signs and Symptoms Approximate number of patients (when available) Autosomal dominant inheritance - Dyschromatopsia - Foveal hyperpigmentation - Macular dystrophy - The Human Phenotype Ontology (HPO) has collected information on how often a sign or symptom occurs in a condition. Much of this information comes from Orphanet, a European rare disease database. The frequency of a sign or symptom is usually listed as a rough estimate of the percentage of patients who have that feature. The frequency may also be listed as a fraction. The first number of the fraction is how many people had the symptom, and the second number is the total number of people who were examined in one study. For example, a frequency of 25/25 means that in a study of 25 people all patients were found to have that symptom. Because these frequencies are based on a specific study, the fractions may be different if another group of patients are examined. Sometimes, no information on frequency is available. In these cases, the sign or symptom may be rare or common.","Concentric Annular Macular Dystrophy (CAMD) is a fascinating and sometimes challenging condition to diagnose and manage. Here's a breakdown of the symptoms, categorized for clarity:

**1. Initial Symptoms (Often Subtle & Gradual):**

* **Blurred Vision:** This is often the *first* noticeable symptom. It's frequently described as a ""cloudy"" or “smudged” appearance, particularly at the center of the vision. It’s often more noticeable when reading or looking at detailed objects.
* **Difficulty with Night Vision:** Many people with CAMD report significant problems with night vision, including halos around lights, difficulty seeing in dim conditions, and a general reduction in visual acuity at night.
* **Difficulty with Color Vision:**  Some individuals report a subtle shift in color perception, especially with blues and yellows. This isn’t always present, but can be a key indicator.
* **Glare Sensitivity:** Increased sensitivity to glare, particularly from headlights or bright lights.
* **Small Visual Field Defects:**  Sometimes, there’s a very subtle loss of vision in a small area of the central visual field. This can be easily missed.


**2. Progression of Symptoms:**

* **Central Vision"
What are the genetic changes related to focal dermal hypoplasia ?,"Mutations in the PORCN gene cause focal dermal hypoplasia. This gene provides instructions for making a protein that is responsible for modifying other proteins, called Wnt proteins. Wnt proteins participate in chemical signaling pathways in the body that regulate development of the skin, bones, and other structures before birth.  Mutations in the PORCN gene appear to prevent the production of any functional PORCN protein. Researchers believe Wnt proteins cannot be released from the cell without the PORCN protein. When Wnt proteins are unable to leave the cell, they cannot participate in the chemical signaling pathways that are critical for normal development. The various signs and symptoms of focal dermal hypoplasia are likely due to abnormal Wnt signaling during early development.","Focal dermal hypoplasia (FDH) is a fascinating genetic disorder with a complex inheritance pattern and several different genetic changes associated with it. Here's a breakdown of the genetic changes linked to FDH, categorized for clarity:

**1. Primary Genetic Causes (Most Common)**

* **PAX8 Mutations:** This is by far the most common cause of FDH, accounting for approximately 70-80% of cases.
    * **Heterozygous Mutations:**  FDH is almost always caused by *heterozygous* mutations in the *PAX8* gene. This means you inherit only one copy of the mutated gene alongside a normal copy.
    * **Specific Mutations:**  Numerous specific mutations have been identified within the *PAX8* gene. These mutations are predominantly missense mutations (a single amino acid change) and small deletions/insertions.  Some of the most frequently observed mutations include:
        * **R53Q:** This is the most common mutation.
        * **R53C:** Another frequent variant.
        * **R53G:**  Also commonly seen.
        * **Other variants:** Many other mutations exist, and the specific variant can sometimes correlate with the severity"
