question,gold_answer,model_answer
What is (are) Brooke-Spiegler syndrome ?,"Brooke-Spiegler syndrome is a condition characterized by multiple skin tumors that develop from structures associated with the skin, such as sweat glands and hair follicles. People with Brooke-Spiegler syndrome may develop several types of tumors, including growths called spiradenomas, trichoepitheliomas, and cylindromas. The tumors associated with Brooke-Spiegler syndrome are generally benign (noncancerous), but occasionally they may become malignant (cancerous). Individuals with Brooke-Spiegler syndrome are also at increased risk of developing tumors in tissues in other areas, particularly benign or malignant tumors of the salivary or parotid glands and basal cell carcinomas. Brooke-Spiegler syndrome is caused by mutations in the CYLD gene. Susceptibility to Brooke-Spiegler syndrome has an autosomal dominant pattern of inheritance, which means one copy of the altered gene in each cell increases the risk of developing this condition. However, a second, non-inherited mutation is required for development of skin appendage tumors in this disorder.","I'm sorry for any confusion, but ""Brooke-Spiegler syndrome"" does not refer to a well-known medical condition recognized in the scientific literature or clinical practice.

The term ""Brooke-Spiegler syndrome"" appears to be either a misnomer or an uncommonly used phrase that might be incorrectly attributed to a specific genetic disorder. It may also be an amalgamation of terms with no official recognition as a syndrome, disease, or condition in medical databases such as the NIH's Genetic and Rare Diseases Information Center (GARD).

For accurate information on health conditions, it is always best to consult recognized sources like the National Institutes of Health (NIH), the Centers for Disease Control and Prevention (CDC), or other reputable healthcare organizations. If you have specific concerns about a medical condition, consulting with a healthcare professional would be advisable.

If ""Brooke-Spiegler syndrome"" refers to something in your context that I might not know immediately due to its potential novelty or regional usage, please provide more details so I can assist further within my capabilities."
How to diagnose Parkinson disease ?,"How is Parkinson disease diagnosed? There are currently no blood or laboratory tests that have been proven to help diagnose sporadic cases of Parkinson disease. The diagnosis is generally made after careful evaluation of medical history, current symptoms, and exclusion of other conditions. The clinical findings of tremor, rigidity, and bradykinesia are highly suggestive of Parkinson disease. The genetic cause of some forms of Parkinson disease has been identified. In those cases, genetic testing may be utilized to identify affected family members.","Diagnosing Parkinson's disease (PD) is typically done through a combination of medical history assessment, neurological examination, and sometimes imaging or laboratory tests. Here’s an overview of how it can be diagnosed:

### 1. Medical History:
- **Symptom Evaluation**: A detailed account of symptoms by the patient, including when they started and their progression.
- **Family History**: Asking about any family members who may have Parkinson's disease.

### 2. Physical Examination:
A thorough neurological exam is critical in diagnosing PD. This includes:
- **Motor Symptoms Assessment**: Checking for tremor (most characteristic symptom), bradykinesia (slowness of movement), rigidity (stiffness of muscles), and postural instability.
- **Non-Motor Symptoms Evaluation**: Asking about sleep disorders, depression, sensory disturbances, etc.

### 3. Imaging Techniques:
- **MRI or CT Scan**: These scans are not specific for PD but can help rule out other conditions that may cause similar symptoms.
- **Positron Emission Tomography (PET)**: Some forms of PET scans might be used to study metabolic activity within the brain, although this is less common and usually part of research settings.

### 4. Laboratory Tests:
Laboratory tests are"
What are the treatments for autoimmune lymphoproliferative syndrome ?,"These resources address the diagnosis or management of ALPS:  - Gene Review: Gene Review: Autoimmune Lymphoproliferative Syndrome  - Genetic Testing Registry: Autoimmune lymphoproliferative syndrome  - Genetic Testing Registry: Autoimmune lymphoproliferative syndrome type 1, autosomal recessive  - Genetic Testing Registry: Autoimmune lymphoproliferative syndrome, type 1a  - Genetic Testing Registry: Autoimmune lymphoproliferative syndrome, type 1b  - Genetic Testing Registry: Autoimmune lymphoproliferative syndrome, type 2  - Genetic Testing Registry: RAS-associated autoimmune leukoproliferative disorder  - National Institute of Allergy and Infectious Diseases (NIAID): ALPS Treatment   These resources from MedlinePlus offer information about the diagnosis and management of various health conditions:  - Diagnostic Tests  - Drug Therapy  - Surgery and Rehabilitation  - Genetic Counseling   - Palliative Care","Autoimmune Lymphoproliferative Syndrome (ALPS) is a rare genetic disorder characterized by an exaggerated immune response leading to various clinical manifestations such as splenomegaly, thrombocytopenia, and recurrent bacterial infections. Treatment options for ALPS can vary depending on the specific symptoms and complications experienced by each individual patient. Here are some general approaches that may be used:

1. **Splenectomy**: In many cases of ALPS, especially when they lead to splenomegaly (enlarged spleen), surgical removal of the spleen (splenectomy) can alleviate some of the symptoms and complications associated with the condition.

2. **Immunosuppressive Therapy**: Medications that suppress the immune system are often used in ALPS patients. These include:
   - **Corticosteroids**: Initially, corticosteroids like prednisone might be used to manage inflammatory symptoms.
   - **Calcineurin inhibitors (e.g., cyclosporine)**: Used to reduce immune activation and prevent complications from a hyperactive immune system.
   - **Methotrexate**: Another immunosuppressive drug that can help control the immune response.

3. **Thalidomide**: This medication"
Is juvenile polyposis syndrome inherited ?,"Juvenile polyposis syndrome is inherited in an autosomal dominant pattern, which means one copy of the altered gene in each cell is sufficient to cause the disorder.  In approximately 75 percent of cases, an affected person inherits the mutation from one affected parent. The remaining 25 percent of cases result from new mutations in the gene and occur in people with no history of the disorder in their family.","Juvenile Polyposis Syndrome (JPS) is generally considered to have an autosomal dominant inheritance pattern. This means that if one parent carries the gene mutation responsible for JPS, there is a 50% chance of passing this condition on to their child.

However, it's important to note that:

1. **Not all cases are inherited:** In some cases, a person might have juvenile polyposis syndrome due to a new (de novo) genetic mutation, meaning they did not inherit the gene from either parent but developed the mutation themselves.

2. **Environmental factors:** While JPS is heritable, environmental and other non-genetic factors could also play a role in the development of polyps.

3. **Sequencing of genes:**
    - Mutations in the MUTYH gene are associated with about 60% to 75% of cases of juvenile polyposis syndrome.
    - Mutations in several other genes, such as BMPR1A and SMAD4, can also cause JPS, but these account for a smaller percentage.
    
4. **Other forms:** There is also another form of juvenile polyposis called familial juvenile polyposis (FJP) which has an autosomal recessive inheritance pattern"
Do you have information about Seniors' Health,"Summary : People in the U.S. are living longer than ever before. Many seniors live active and healthy lives. But there's no getting around one thing: as we age, our bodies and minds change. There are things you can do to stay healthy and active as you age.It is important to understand what to expect. Some changes may just be part of normal aging, while others may be a warning sign of a medical problem. It is important to know the difference, and to let your healthcare provider know if you have any concerns.    Having a healthy lifestyle can help you to deal with normal aging changes and make the most of your life.","Yes, I can provide some general information related to seniors' health based on the current understanding and research in the field.

1. Age-related Changes: As people age, their bodies undergo various changes. These include slower metabolic rates, reduced muscle mass, and decreasing bone density.

2. Chronic Conditions: Many senior citizens suffer from chronic conditions such as hypertension, diabetes, cardiovascular diseases, arthritis, osteoporosis, etc. Regular check-ups are important to manage these issues effectively.

3. Mental Health: Older adults face the possibility of depression, anxiety, and cognitive decline (like Alzheimer's disease). Maintaining social connections and engaging in mentally stimulating activities can help support mental health.

4. Nutrition: As people age, their nutritional needs change. They may need more protein and calcium-rich foods to maintain bone strength and muscle mass.

5. Physical Activity: Engaging in regular physical activity is vital for maintaining mobility, balance, flexibility, and cardiovascular health. Activities like walking, swimming, or tai chi can be beneficial.

6. Social Connections: Maintaining social connections and staying involved with community activities are important aspects of well-being as older adults often find themselves spending more time at home.

7. Medication Management: Taking multiple medications regularly can lead to confusion about which medicine is for what"
What are the genetic changes related to oculodentodigital dysplasia ?,"Mutations in the GJA1 gene cause oculodentodigital dysplasia. The GJA1 gene provides instructions for making a protein called connexin43. This protein forms one part (a subunit) of channels called gap junctions, which allow direct communication between cells. Gap junctions formed by connexin43 proteins are found in many tissues throughout the body.  GJA1 gene mutations result in abnormal connexin43 proteins. Channels formed with abnormal proteins are often permanently closed. Some mutations prevent connexin43 proteins from traveling to the cell surface where they are needed to form channels between cells. Impaired functioning of these channels disrupts cell-to-cell communication, which likely interferes with normal cell growth and cell specialization, processes that determine the shape and function of many different parts of the body. These developmental problems cause the signs and symptoms of oculodentodigital dysplasia.","Oculodentodigital Dysplasia (ODD) is an autosomal dominant developmental disorder characterized by multiple anomalies affecting the eyes, teeth, digits (fingers and toes), skin, and other organs. The phenotype of ODD can vary significantly from case to case.

Genetic changes associated with ODD are often caused by mutations in four different genes: *MSX1*, *NKX6-3*, *SALL4*, and *TBX18*. Here's a brief overview of these genes and their functions:

1. ***MSX1* Gene**: 
   - The *MSX1* gene is involved in the development of digits, eyes, and teeth.
   - Mutations in this gene can cause ODD by disrupting proper digit formation, eye anomalies such as microphthalmia (small eyes), and sometimes dental anomalies.

2. ***NKX6-3* Gene**: 
   - This gene plays a crucial role in the development of the anterior forebrain region, which includes parts of the brain and face.
   - Mutations here can lead to ODD with features such as microphthalmia, coloboma (a type of eye defect), and defects in other craniofacial structures.

3. **"
What are the genetic changes related to pyruvate kinase deficiency ?,"Pyruvate kinase deficiency is caused by mutations in the PKLR gene. The PKLR gene is active in the liver and in red blood cells, where it provides instructions for making an enzyme called pyruvate kinase. The pyruvate kinase enzyme is involved in a critical energy-producing process known as glycolysis. During glycolysis, the simple sugar glucose is broken down to produce adenosine triphosphate (ATP), the cell's main energy source.  PKLR gene mutations result in reduced pyruvate kinase enzyme function, causing a shortage of ATP in red blood cells and increased levels of other molecules produced earlier in the glycolysis process. The abnormal red blood cells are gathered up by the spleen and destroyed, causing hemolytic anemia and an enlarged spleen. A shortage of red blood cells to carry oxygen throughout the body leads to fatigue, pallor, and shortness of breath. Iron and a molecule called bilirubin are released when red blood cells are destroyed, resulting in an excess of these substances circulating in the blood. Excess bilirubin in the blood causes jaundice and increases the risk of developing gallstones.  Pyruvate kinase deficiency may also occur as an effect of other blood diseases, such as leukemia. These cases are called secondary pyruvate kinase deficiency and are not inherited.","Pyruvate kinase (PK) is an enzyme that plays a crucial role in red blood cell energy metabolism. Deficiency of this enzyme leads to PK deficiency, which can be inherited in an autosomal recessive pattern. Here’s what you need to know about the genetic changes related to pyruvate kinase deficiency:

1. **Mutation Sites**: PK deficiency is caused by mutations affecting the gene responsible for producing pyruvate kinase (PK). This gene, known as PKLR on chromosome 4q32-q33 in humans, produces two isoforms of the enzyme: PKM1 and PKM2.

2. **Mutations**: The most common type of mutation is a deletion or substitution that reduces or eliminates the function of the enzyme. Specific mutations include:
   - Deletions within the gene sequence
   - Missense mutations (changes in amino acid sequences)
   - Frameshift mutations (insertions or deletions leading to altered reading frames)

3. **Disease Mechanism**: Deficiency leads to reduced levels of functional PK, resulting in impaired glycolysis and increased accumulation of its intermediate metabolites, particularly 2,3-bisphosphoglycerate (2,3-BPG).

4. **Clinical Variability**:"
How to diagnose Gerstmann-Straussler-Scheinker disease ?,"How is Gerstmann-Straussler-Scheinker disease diagnosed? The diagnosis of Gerstmann-Straussler-Scheinker disease (GSS) is based on a combination of the following: Characteristic signs and symptoms Nervous system findings including multiple amyloid plaques (clumps which form in the brain and cause the death of nerve cells and the progressive symptoms of the disease) A family history consistent with autosomal dominant inheritance Identification of a disease-causing mutation of the PRNP gene Genetic testing for at-risk relatives who do not yet have symptoms of GSS is possible if the disease-causing mutation in the family is known. This testing is not useful in predicting age of onset, severity, type of symptoms, or rate of progression. Testing for the disease-causing mutation in the absence of definite symptoms of the disease is called predictive testing.","Gerstmann-Straussler-Scheinker disease (GSS) is an extremely rare hereditary prion disease that falls under the category of fatal familial insomnia and other fatal autosomal dominant neurodegenerative disorders. It's important to note that current diagnostic methods for GSS are not yet widely available or standard in clinical practice due to its rarity.

The diagnosis of GSS typically involves a combination of genetic testing, detailed medical history review, neurological examination, and certain laboratory tests. Here’s an outline of the steps involved:

### 1. Genetic Testing
- **Identification of Mutations**: Identify mutations in the PRNP gene (which encodes the prion protein) that are associated with GSS. Specific mutations such as codon 129 A/A genotype, or other rare genetic variants may be associated with this disease.
  
### 2. Detailed Medical History and Physical Examination
- **Family History**: Check for any history of similar conditions in family members.
- **Neurological Assessment**: Evaluate cognitive function, motor skills, sensory abilities, and coordination.

### 3. Neuroimaging
- MRI or CT scans might be used to rule out other causes of neurological symptoms and to assess brain structure and changes indicative of neurodegeneration.

###"
How many people are affected by Salih myopathy ?,"Salih myopathy appears to be a rare disorder, although its prevalence is unknown. It has been reported in a small number of families of Moroccan and Sudanese descent.","Salih Myopathy is a very rare genetic disorder characterized by muscle weakness and atrophy. It affects individuals who have inherited two copies of the mutated gene (one from each parent). 

The exact number of people affected by Salih Myopathy worldwide is not known, as it's a very rare condition with an extremely low incidence. Research and medical databases typically do not provide specific numbers due to its rarity.

For accurate and up-to-date information on the prevalence and number of individuals affected by this rare disorder, consulting specialized genetic research groups or referring to specific studies related to Salih Myopathy would be necessary."
What is (are) Limited cutaneous systemic sclerosis ?,"Limited cutaneous systemic sclerosis is a subtype of systemic sclerosis characterized by the association of Raynaud's phenomenon and skin fibrosis on the hands, face, feet and forearms. The exact cause of limited cutaneous systemic sclerosis is unknown, but likely originates from an autoimmune reaction which leads to overproduction of collagen. In some cases, the condition is associated with exposure to certain chemicals. Management is aimed at treating the symptoms present in each affected individual.","Limited cutaneous systemic sclerosis, also known as linear sclerose or Scleroderma sine sclerose, is a milder form of the disease that affects only the skin and the underlying connective tissue. Here's an overview:

1. **Affected Areas**: Limited cutaneous systemic sclerosis primarily affects the top layers (epidermis) and lower layers (dermis) of the skin.

2. **Clinical Features**: This type is characterized by linear, firm, darkened patches on sun-exposed areas like the face and forearms. These patches can develop in a linear pattern as well. The condition usually does not affect internal organs or blood vessels.

3. **Progression**: Unlike generalized systemic sclerosis (also known as diffuse cutaneous systemic sclerosis), limited cutaneous systemic sclerosis does not typically cause significant organ damage. However, it is important to note that this form of the disease can progress over time in some individuals and may transform into a more serious form called generalized or diffuse cutaneous systemic sclerosis, which can involve internal organs.

4. **Diagnosis**: Typically diagnosed through medical history, physical examination, skin biopsy (which shows characteristic collagen deposits) and sometimes blood tests.

5. **Treatment**: Treatment options are typically less aggressive compared to the more severe forms"
"What are the symptoms of Ichthyosis, acquired ?","What are the signs and symptoms of Ichthyosis, acquired? The Human Phenotype Ontology provides the following list of signs and symptoms for Ichthyosis, acquired. If the information is available, the table below includes how often the symptom is seen in people with this condition. You can use the MedlinePlus Medical Dictionary to look up the definitions for these medical terms. Signs and Symptoms Approximate number of patients (when available) Dry skin 90% Ichthyosis 90% Pruritus 90% Immunologic hypersensitivity 50% Palmoplantar keratoderma 50% Skin ulcer 50% Autoimmunity 7.5% Lymphoma 7.5% Multiple myeloma 7.5% Renal insufficiency 7.5% Sarcoma 7.5% The Human Phenotype Ontology (HPO) has collected information on how often a sign or symptom occurs in a condition. Much of this information comes from Orphanet, a European rare disease database. The frequency of a sign or symptom is usually listed as a rough estimate of the percentage of patients who have that feature. The frequency may also be listed as a fraction. The first number of the fraction is how many people had the symptom, and the second number is the total number of people who were examined in one study. For example, a frequency of 25/25 means that in a study of 25 people all patients were found to have that symptom. Because these frequencies are based on a specific study, the fractions may be different if another group of patients are examined. Sometimes, no information on frequency is available. In these cases, the sign or symptom may be rare or common.","Acquired ichthyosis is not as common or well-defined as other types of ichthyosis (such as genetic ichthyosis), but it can be associated with certain conditions and diseases. The term ""acquired"" in this context refers to ichthyotic changes that develop later in life, often due to another underlying medical condition rather than a genetic factor.

Some common symptoms of acquired ichthyosis include:

1. **Dry Skin**: This is often the initial symptom as skin becomes very dry and rough.
2. **Scaly or Cracked Skin**: Affected areas may show thick, scaly patches that can crack easily when exposed to moisture.
3. **Itching**: Many people with this condition experience intense itching, especially in more severe cases.
4. **Discoloration**: In some cases, the skin may appear darker (hyperpigmentation) or lighter than usual due to the accumulation of keratin proteins and other substances within the affected areas.

### Specific Conditions Linked to Ichthyosis

The term ""acquired ichthyosis"" can be associated with various conditions such as:

1. **Malnutrition**: Especially vitamin A deficiency, which is often seen in people who are malnourished or have eating disorders like anorexia nervosa.
2."
What is (are) Diabetes ?,"Type 1 diabetes, which used to be called called juvenile diabetes or insulin-dependent diabetes, develops most often in young people. However, type 1 diabetes can also develop in adults. With this form of diabetes, your body no longer makes insulin or doesnt make enough insulin because your immune system has attacked and destroyed the insulin-producing cells. About 5 to 10 percent of people with diabetes have type 1 diabetes. To survive, people with type 1 diabetes must have insulin delivered by injection or a pump. Learn more about type 1 diabetes here.  Learn more about type 1 diabetes here. Type 2 diabetes, which used to be called adult-onset diabetes or non insulin-dependent diabetes, is the most common form of diabetes. Although people can develop type 2 diabetes at any age -- even during childhood -- type 2 diabetes develops most often in middle-aged and older people. Type 2 diabetes usually begins with insulin resistancea condition that occurs when fat, muscle, and liver cells do not use insulin to carry glucose into the bodys cells to use for energy. As a result, the body needs more insulin to help glucose enter cells. At first, the pancreas keeps up with the added demand by making more insulin. Over time, the pancreas doesnt make enough insulin when blood sugar levels increase, such as after meals. If your pancreas can no longer make enough insulin, you will need to treat your type 2 diabetes.  Learn more about type 2 diabetes here.","Diabetes is a chronic condition characterized by high levels of sugar in the blood, known as hyperglycemia. It occurs when your body either doesn't produce enough insulin—or if it can't effectively use the insulin that is produced—which leads to abnormal metabolism and glucose (sugar) accumulation in the bloodstream.

There are two main types of diabetes:

1. **Type 1 Diabetes**: This type results from an autoimmune response where the immune system mistakenly attacks and destroys the cells in the pancreas that produce insulin, called beta cells. People with Type 1 diabetes need to inject insulin regularly or use an insulin pump to maintain their blood sugar levels.

2. **Type 2 Diabetes**: This is often associated with a resistance to insulin (meaning your body's cells do not respond properly to insulin) and the inability of the pancreas to compensate by producing enough insulin. Type 2 diabetes can be prevented or delayed through lifestyle changes, such as improved diet and increased physical activity, but many people eventually require medication.

Additionally, there is a third type called Gestational Diabetes which occurs during pregnancy when some women develop high blood glucose levels. This usually disappears after childbirth, but it increases the risk of developing Type 2 diabetes later in life.

Diabetes can lead to serious health complications"
What is (are) Catecholaminergic polymorphic ventricular tachycardia ?,"Catecholaminergic polymorphic ventricular tachycardia (CPVT) is a genetic disorder that causes an abnormally fast and irregular heart rhythm in response to physical activity or emotional stress. Signs and symptoms include light-headedness, dizziness, and fainting. Symptoms most often develop between 7 to 9 years of age.  If untreated CPVT can cause a heart attack and death. CPVT is caused by mutations in the RYR2 or CASQ2 genes. When a RYR2 gene mutation is involved, the condition is passed through families in an autosomal dominant fashion. When CASQ2 gene mutations are involved, the condition is inherited in an autosomal recessive fashion. In some cases the underlying cause can not be determined. Beta blockers are used to treat CPVT.  An Implantable Cardioverter Defibrillator (ICD) may also be needed.","Catecholaminergic Polymorphic Ventricular Tachycardia (CPVT) is a rare but serious heart condition that can lead to abnormal, often dangerous heart rhythms. Here are some key points about CPVT:

1. **Cause**: It's caused by an inherited defect in the gene for the cardiac calcium channel, known as RYR2. This leads to problems with how calcium ions move into and out of the muscle cells (cardiomyocytes) that make up the heart.

2. **Symptoms**:
   - Shortness of breath
   - Dizziness or fainting spells
   - Chest pain or discomfort
   - Palpitations (a racing heartbeat)
   - Lightheadedness

3. **Trigger Factors**: CPVT is often triggered by physical activity, especially in response to stress, exercise, elevated blood pressure, anxiety, and certain medications.

4. **Detection**: It can be diagnosed using an electrocardiogram (ECG) or Holter monitor, which monitors heart rhythm over a longer period. Specialized tests like echocardiography might also be used.

5. **Treatment**:
   - Medications to regulate the heart rate and prevent abnormal rhythms
   - Avoiding triggers such"
What to do for Alzheimer's Caregiving ?,"Most people with Alzheimers disease are cared for at home by family members. Within families, caregiving is provided most often by wives and husbands, followed by daughters. As Alzheimers disease gets worse, the person will need more and more care. Because of this, you will need more help. It's okay to seek help whenever you need it. Building a local support system is a key way to get help. This system might include a caregiver support group, the local chapter of the Alzheimer's Association, family, friends, and faith groups. To learn where to get help in your community, contact - the Alzheimers Disease Education and Referral (ADEAR) Center, 1-800-438-4380 or visit www.nia.nih.gov/alzheimers  - the Alzheimer's Association at 1-800-272-3900.  the Alzheimers Disease Education and Referral (ADEAR) Center, 1-800-438-4380 or visit www.nia.nih.gov/alzheimers the Alzheimer's Association at 1-800-272-3900. Various professional services can help with everyday care in the home of someone with Alzheimers disease. Medicare, Medicaid, and other health insurance plans may help pay for these services. Contact Eldercare Locator to find the services you need in your area by calling 1-800-677-1116 or visiting  www.eldercare.gov. Home Health Care Services Home health care agencies send a home health aide or nurse to your home to help you care for a person with Alzheimers. They may come for a few hours or stay for 24 hours and are paid by the hour. Some home health aides are better trained and supervised than others. Ask your doctor or other health care professional about good home health care services in your area. Get as much information as possible about a service before you sign an agreement. Also, ask for and check references Here are some questions to ask before signing a home health care agreement. - Is your service licensed and accredited?  - How much do your services cost?  - What is included and not included in your services?  - How many days a week and hours a day will an aide come to my home?   - How do you check the background and experience of your home health aides?   - How do you train your home health aides?   - What types of emergency care can you provide?   - Who do I contact if there is a problem?  Is your service licensed and accredited? How much do your services cost? What is included and not included in your services? How many days a week and hours a day will an aide come to my home? How do you check the background and experience of your home health aides? How do you train your home health aides? What types of emergency care can you provide? Who do I contact if there is a problem? For information about how to find home health care services, see Caring for a Person with Alzheimers Disease. Meal Services Meal services bring hot meals to the person's home or your home. The delivery staff does not feed the person. The person with Alzheimers disease must qualify for the service based on local guidelines. Some groups do not charge for their services. Others may charge a small fee. For information, call Eldercare Locator at 1-800-677-1116 or go to  www.eldercare.gov. You may also contact Meals on Wheels at 1-888-998-6325. Adult Day Care Services Adult day care services provide a safe environment, activities, and staff who take care of the person with Alzheimers at their own facility. This provides a much-needed break for you. Many programs provide transportation between the persons home and the facility. Adult day care services generally charge by the hour. Most insurance plans do not cover these costs. To find adult day care services in your area, contact the National Adult Day Services Association at 1-877-745-1440. Watch a video to learn more about the services provided at adult day care.  Respite Services Respite services provide short stays, from a few days to a few weeks, in a nursing home or other place for the person with Alzheimers disease. This care allows you to get a break or go on a vacation. Respite services charge by the number of days or weeks that services are provided. Medicare or Medicaid may cover the cost of up to 5 days in a row of respite care in an inpatient facility. Most private insurance plans do not cover these costs. To find respite services in your community, call the National Respite Locator Service at 1-800-773-5433 (toll-free). Geriatric Care Managers Geriatric care managers visit your home to assess your needs and suggest and arrange home-care services. They charge by the hour. Most insurance plans don't cover these costs. To find a geriatric care manager, contact the National Association of Professional Geriatric Care Managers at 1-520-881-8008. Mental Health Professionals and Social Workers Mental health professionals and social workers help you deal with any stress you may be feeling. They help you understand feelings, such as anger, sadness, or feeling out of control. They can also help you make plans for unexpected or sudden events. Mental health professionals charge by the hour. Medicare, Medicaid, and some private health insurance plans may cover some of these costs. Ask your health insurance plan which mental health counselors and services it covers. Then check with your doctor, local family service agencies, and community mental health agencies for referrals to counselors.","Alzheimer's disease can be emotionally and physically challenging for both the person with the condition and their caregiver. Here are some important steps and tips to help manage Alzheimer's care effectively:

1. **Learn About Alzheimer’s**: Understanding the progression of Alzheimer’s, its management, and the challenges faced by individuals with the condition can prepare you better for caregiving.

2. **Establish a Routine**: Consistent daily routines can provide a sense of stability and security for someone with Alzheimer’s.

3. **Safety Measures**: Implement safety measures to prevent accidents or injuries due to impaired memory or judgment. This might include removing tripping hazards, locking up medications, and ensuring that all important documents are easily accessible.

4. **Communication Techniques**: Use simple words and avoid confusing multiple-step instructions. Patience is key when communicating with someone who has Alzheimer’s.

5. **Physical Activity**: Encourage physical activity as it can help maintain strength, balance, and mobility. Activities like gentle exercises, walking, or other low-impact activities are beneficial.

6. **Medication Management**: Assist in managing medications by keeping a list of all medications, doses, and schedules to prevent confusion and ensure regular intake.

7. **Social Interaction**: Engage the person with Alzheimer’s in social activities if they can"
Is Andersen-Tawil syndrome inherited ?,"This condition is inherited in an autosomal dominant pattern, which means one copy of the altered gene in each cell is sufficient to cause the disorder. In some cases, a person with Andersen-Tawil syndrome inherits the mutation from one affected parent. Other cases result from new mutations in the KCNJ2 gene. These cases occur in people with no history of the disorder in their family.","Andersen-Tawil syndrome is a rare genetic disorder that affects the nervous system and can be inherited in an autosomal dominant manner. This means that if one parent carries the gene mutation responsible for Andersen-Tawil syndrome, there is a 50% chance of passing this condition to their child.

The condition is caused by mutations in the KCNJ2 or SLC12A3 genes, which are located on chromosome 7q22. These genes encode subunits of voltage-gated potassium channels that regulate nerve cell excitability. Mutations in these genes can lead to abnormalities in ion balance and signaling within neurons, resulting in the characteristic features of Andersen-Tawil syndrome.

It is important to note that while most cases of Andersen-Tawil syndrome are inherited, some individuals may develop this condition due to de novo mutations (new mutations that occur during the formation of reproductive cells or at conception), meaning they have no family history of the disorder. 

If you need more information on genetics and inheritance patterns, feel free to ask!"
What is the outlook for Rett Syndrome ?,"The course of Rett syndrome, including the age of onset and the severity of symptoms, varies from child to child. Despite the difficulties with symptoms, most individuals with Rett syndrome continue to live well into middle age and beyond. Because the disorder is rare, very little is known about long-term prognosis and life expectancy.","Rett syndrome is a rare genetic disorder that primarily affects girls and women, though it can also affect boys. It typically appears during early childhood, usually within the first six months of life. The condition is characterized by distinct physical characteristics, severe intellectual disability, and problems with hand use. 

While there is no cure for Rett syndrome as of now, research into its causes and potential treatments continues to progress. Advances in genetic research have led to greater understanding of the underlying genetics of Rett syndrome, which has helped researchers identify possible targets for therapy.

Here are some areas where outlook and research on Rett syndrome might improve:

1. **Genetic Therapy**: Scientists are working towards developing gene therapies that could repair or replace faulty genes causing Rett syndrome. Gene editing techniques such as CRISPR-Cas9 hold promise in this area, although more research is needed to ensure their safety and efficacy.

2. **Stem Cell Research**: Researchers are exploring the use of stem cells to treat Rett syndrome by potentially replacing damaged neurons with healthy ones. This could lead to improved motor function and behavior improvements for patients with the condition.

3. **Neurodevelopmental Interventions**: Early intervention programs focusing on physical therapy, occupational therapy, speech therapy, and educational support have shown"
What causes What I need to know about Diarrhea ?,"Causes of diarrhea include
                
- bacteria from contaminated food or water  - viruses that cause illnesses such as the flu  - parasites, which are tiny organisms found in contaminated food or water  - medicines such as antibiotics  - problems digesting certain foods  - diseases that affect the stomach, small intestine, or colon, such as Crohns disease  - problems with how the colon functions, caused by disorders such as irritable bowel syndrome
                
Sometimes no cause can be found. As long as diarrhea goes away within 1 to 2 days, finding the cause is not usually necessary.","Diarrhea is caused by various factors that lead to an increase in the frequency and consistency of bowel movements. Here are some common causes:

1. **Infection**: 
   - **Bacterial Infections**: Bacteria such as Salmonella, E. coli, Campylobacter jejuni, or Shigella can cause diarrhea.
   - **Viral Infections**: Viral infections like norovirus and rotavirus are very common culprits in causing acute gastroenteritis (inflammation of the stomach and intestines), which often results in diarrhea.
   - **Protozoan Infections**: Protozoa such as Giardia lamblia or Cryptosporidium can cause persistent or chronic diarrhea.

2. **Food Poisoning**:
   Consuming contaminated food or water leads to infection, causing rapid onset of symptoms including nausea, vomiting, and watery stools.

3. **Dietary Factors**:
   - Consuming highly spiced foods, very hot or cold foods, or a sudden change in diet can sometimes lead to diarrhea.
   
4. **Medications**:
   Certain medications like antibiotics, antiviral drugs (e.g., HIV/AIDS drugs), cancer treatments (chemotherapy), and some antidepressants"
What causes Heart Palpitations ?,"Many things can cause palpitations. You may have these feelings even when your heart is beating normally or somewhat faster than normal.
                
Most palpitations are harmless and often go away on their own. However, some palpitations are signs of a heart problem. Sometimes the cause of palpitations can't be found.
                
If you start having palpitations, see your doctor to have them checked.
                
Causes Not Related to Heart Problems
                
Strong Emotions
                
You may feel your heart pounding or racing during anxiety, fear, or stress. You also may have these feelings if you're having a panic attack.
                
Vigorous Physical Activity
                
Intense activity can make your heart feel like its beating too hard or too fast, even though it's working normally. Intense activity also can cause occasional premature (extra) heartbeats.
                
Medical Conditions
                
Some medical conditions can cause palpitations. These conditions can make the heart beat faster or stronger than usual. They also can cause premature (extra) heartbeats.
                
Examples of these medical conditions include:
                
An overactive thyroid
                
A low blood sugar level
                
Anemia
                
Some types of low blood pressure
                
Fever
                
Dehydration (not enough fluid in the body)
                
Hormonal Changes
                
The hormonal changes that happen during pregnancy, menstruation, and the perimenopausal period may cause palpitations. The palpitations will likely improve or go away as these conditions go away or change.
                
Some palpitations that occur during pregnancy may be due to anemia.
                
Medicines and Stimulants
                
Many medicines can trigger palpitations because they can make the heart beat faster or stronger than usual. Medicines also can cause premature (extra) heartbeats.
                
Examples of these medicines include:
                
Inhaled asthma medicines.
                
Medicines to treat an underactive thyroid. Taking too much of these medicines can cause an overactive thyroid and lead to palpitations.
                
Medicines to prevent arrhythmias. Medicines used to treat irregular heart rhythms can sometimes cause other irregular heart rhythms.
                
Over-the-counter medicines that act as stimulants also may cause palpitations. These include decongestants (found in cough and cold medicines) and some herbal and nutritional supplements.
                
Caffeine, nicotine (found in tobacco), alcohol, and illegal drugs (such as cocaine and amphetamines) also can cause palpitations.
                
Causes Related to Heart Problems
                
Some palpitations are symptoms of arrhythmias. Arrhythmias are problems with the rate or rhythm of the heartbeat. However, less than half of the people who have palpitations have arrhythmias.
                
During an arrhythmia, the heart can beat too fast, too slow, or with an irregular rhythm. An arrhythmia happens if some part of the heart's electrical system doesn't work as it should.
                
Palpitations are more likely to be related to an arrhythmia if you:
                
Have had a heart attack or are at risk for one.
                
Have coronary heart disease (CHD) or risk factors for CHD.
                
Have other heart problems, such as heart failure, heart valve disease, or heart muscle disease.
                
Have abnormal electrolyte levels. Electrolytes are minerals, such as potassium and sodium, found in blood and body fluids. They're vital for normal health and functioning of the body.","Heart palpitations can be caused by various factors and conditions. Here are some of the common reasons:

1. Physical Activity: Exercising or engaging in physical activity can sometimes cause heart palpitations.

2. Anxiety and Stress: Emotional stress, anxiety, or fear can lead to a temporary increase in heart rate and may result in sensations of rapid or irregular heartbeat.

3. Caffeine and Nicotine: Consuming too much caffeine (found in coffee, tea, energy drinks, and some medications) or nicotine (found in cigarettes and some electronic cigarettes) can trigger palpitations.

4. Certain Medications: Some drugs like decongestants, cold remedies, pain relievers, antidepressants, and others may cause heart palpitations as a side effect.

5. Electrolyte Imbalance: The heart requires certain minerals like potassium, magnesium, calcium, and sodium to function correctly. An imbalance in these electrolytes can lead to irregular heartbeat or palpitations.

6. Dehydration or Fever: These conditions result in reduced blood volume, which may cause rapid heartbeat (tachycardia) as the heart tries to compensate for decreased blood flow.

7. Heart Conditions: Sometimes conditions such as heart valve problems, atherosclerosis, coronary artery disease, or abnormal heart"
Is triple X syndrome inherited ?,"Most cases of triple X syndrome are not inherited. The chromosomal change usually occurs as a random event during the formation of reproductive cells (eggs and sperm). An error in cell division called nondisjunction can result in reproductive cells with an abnormal number of chromosomes. For example, an egg or sperm cell may gain an extra copy of the X chromosome as a result of nondisjunction. If one of these atypical reproductive cells contributes to the genetic makeup of a child, the child will have an extra X chromosome in each of the body's cells.  46,XX/47,XXX mosaicism is also not inherited. It occurs as a random event during cell division in early embryonic development. As a result, some of an affected person's cells have two X chromosomes (46,XX), and other cells have three X chromosomes (47,XXX).","Triple X syndrome (also known as XXX syndrome) is a chromosomal variation where females have an extra 'X' chromosome, resulting in three X chromosomes instead of the usual two (XX). It's important to note that Triple X syndrome is generally not considered heritable. This means it does not typically run in families and cannot be passed down from parents.

Here are key points about Triple X syndrome:

1. **Non-heritable**: Most individuals with Triple X syndrome do not have a family history of the condition, as it is not inherited directly through genetic mutations or inheritance patterns like some other chromosomal abnormalities.

2. **Chromosomal Abnormality**: It results from an error during cell division called nondisjunction, which occurs when one of the chromosomes fails to separate properly and ends up in the same gamete (egg or sperm) more than once. This error can happen by chance at any point before or after fertilization.

3. **Incidence**: The incidence is relatively low; about 1 out of every 2,000-2,500 female births.

While Triple X syndrome isn't heritable in the genetic sense, it's crucial to understand that individuals with this condition may have varying degrees of symptoms and needs for support."
What are the symptoms of Diabetes ?,"Many people with diabetes experience one or more symptoms, including extreme thirst or hunger, a frequent need to urinate and/or fatigue. Some lose weight without trying. Additional signs include sores that heal slowly, dry, itchy skin, loss of feeling or tingling in the feet and blurry eyesight. Some people with diabetes, however, have no symptoms at all.","Diabetes is a complex condition with several types, but the most common type is Type 2 diabetes. Here are some of the key symptoms associated with it:

1. **Increased Thirst and Frequent Urination**: High blood sugar levels can lead to dehydration, which results in increased thirst. As a result, you might need to drink more fluids than usual.

2. **Excessive Hunger (Polyphagia)**: If your body isn't able to use insulin correctly or produce enough insulin, it may struggle to convert glucose into energy. This can cause an increase in hunger despite eating regularly.

3. **Unexplained Weight Loss**: Despite feeling hungry and overeating, individuals with diabetes often experience unintended weight loss because the body starts breaking down fat and muscle for energy rather than using glucose effectively.

4. **Fatigue**: High levels of blood sugar can lead to fatigue and a general sense of tiredness or exhaustion, even after rest and adequate sleep.

5. **Blurred Vision**: Diabetes can affect various parts of your eye, including the lens inside the eye. This can result in blurred vision that might not clear on its own without treatment.

6. **Slow-Healing Sores or Frequent Infections**: People with diabetes often have slower immune responses and"
Is Serpiginous choroiditis inherited ?,Can I inherit serpiginous choroiditis if my mother has the condition? No familial predillection or propensity has been described.,"Serpiginous choroiditis is typically not considered to be an inheritable condition. It usually presents as an autoimmune or inflammatory response affecting the choroid layer of the eye, often in association with other conditions such as Sjögren's syndrome or Behçet's disease.

However, understanding its exact etiology can vary depending on individual cases and studies might suggest a genetic predisposition to certain autoimmune diseases that may include serpiginous choroiditis. For example, some genetic factors have been associated with the development of other autoimmune eye conditions such as Sjögren's syndrome and uveitis.

If you are looking for more specific information or detailed research regarding genetics in serpiginous choroiditis, I would recommend consulting medical literature on this topic."
What is (are) Nail Diseases ?,"Your toenails and fingernails protect the tissues of your toes and fingers. They are made up of layers of a hardened protein called keratin, which is also in your hair and skin. The health of your nails can be a clue to your overall health. Healthy nails are usually smooth and consistent in color. Specific types of nail discoloration and changes in growth rate can be signs of lung, heart, kidney, and liver diseases, as well as diabetes and anemia. White spots and vertical ridges are harmless.    Nail problems that sometimes require treatment include       - Bacterial and fungal infections    - Ingrown nails    - Tumors    - Warts       Keeping your nails clean, dry, and trimmed can help you avoid some problems. Do not remove the cuticle, which can cause infection.","Nail diseases refer to conditions that affect the health of nails or nail structures. They can be broadly categorized into several types:

1. Onychomycosis: Also known as tinea unguium, this fungal infection affects the nail matrix and causes thick and discolored fingernails or toenails.

2. Paronychia: This is an inflammatory condition that involves swelling, pain, and infections of the skin at the base of the nails (nail fold) or on the surface of the nails (subungual paronychia). It can be either acute (presents as a superficial infection known as paronychia) or chronic (causing underlying inflammation).

3. Onychogryphosis: Also known as ingrown toenails, these are common nail deformities where one side of the nail grows into the skin.

4. Paronychia, Acute Bacterial: This is an acute bacterial infection that typically affects the entire nail plate and can lead to significant swelling in the affected toe or finger.

5. Subungual Hematoma: A condition characterized by a collection of blood under the nail. It often results from trauma such as a hard kick or bump, causing bleeding underneath the nail.

6. Onycholysis: This"
What are the genetic changes related to vitelliform macular dystrophy ?,"Mutations in the BEST1 and PRPH2 genes cause vitelliform macular dystrophy. BEST1 mutations are responsible for Best disease and for some cases of the adult-onset form of vitelliform macular dystrophy. Changes in the PRPH2 gene can also cause the adult-onset form of vitelliform macular dystrophy; however, less than a quarter of all people with this form of the condition have mutations in the BEST1 or PRPH2 gene. In most cases, the cause of the adult-onset form is unknown.  The BEST1 gene provides instructions for making a protein called bestrophin. This protein acts as a channel that controls the movement of charged chlorine atoms (chloride ions) into or out of cells in the retina. Mutations in the BEST1 gene probably lead to the production of an abnormally shaped channel that cannot properly regulate the flow of chloride. Researchers have not determined how these malfunctioning channels are related to the buildup of lipofuscin in the macula and progressive vision loss.  The PRPH2 gene provides instructions for making a protein called peripherin 2. This protein is essential for the normal function of light-sensing (photoreceptor) cells in the retina. Mutations in the PRPH2 gene cause vision loss by disrupting structures in these cells that contain light-sensing pigments. It is unclear why PRPH2 mutations affect only central vision in people with adult-onset vitelliform macular dystrophy.","Vitelliform Macular Dystrophy (VMD) is sometimes classified under different terms such as Best Disease or Best Lipidosis, which can be associated with variations in specific genes. The condition is characterized by an abnormal accumulation of lipids in the retina, particularly affecting the macula region.

The genetic changes related to Vitelliform Macular Dystrophy are typically due to mutations in one or more specific genes. Here are some key genes involved:

1. **BEST1 Gene (Best Lipidosis, Type 1)**: This gene encodes a protein known as Bestrophin-1, which is found in the retinal pigment epithelium (RPE). Mutations in this gene lead to Best Disease and other forms of VMD.

2. **ABCA4 Gene**: This gene codes for another important protein involved in lipid transport within photoreceptor cells and the RPE. Mutations in ABCA4 can also result in a form of VMD called Abispolesis Syndrome, which shares many clinical features with Best Disease.

3. **RHO Gene**: Mutations in this gene are sometimes linked to retinal dystrophies including some forms of VMD.

It's important to note that not all cases of Vitell"
What are the symptoms of Konigsmark Knox Hussels syndrome ?,"What are the signs and symptoms of Konigsmark Knox Hussels syndrome? The Human Phenotype Ontology provides the following list of signs and symptoms for Konigsmark Knox Hussels syndrome. If the information is available, the table below includes how often the symptom is seen in people with this condition. You can use the MedlinePlus Medical Dictionary to look up the definitions for these medical terms. Signs and Symptoms Approximate number of patients (when available) Ataxia 5% Abnormal amplitude of pattern reversal visual evoked potentials - Abnormal auditory evoked potentials - Autosomal dominant inheritance - Central scotoma - Centrocecal scotoma - Horizontal nystagmus - Increased variability in muscle fiber diameter - Myopathy - Ophthalmoplegia - Optic atrophy - Peripheral neuropathy - Phenotypic variability - Progressive sensorineural hearing impairment - Ptosis - Red-green dyschromatopsia - Reduced visual acuity - Strabismus - Tritanomaly - Visual impairment - The Human Phenotype Ontology (HPO) has collected information on how often a sign or symptom occurs in a condition. Much of this information comes from Orphanet, a European rare disease database. The frequency of a sign or symptom is usually listed as a rough estimate of the percentage of patients who have that feature. The frequency may also be listed as a fraction. The first number of the fraction is how many people had the symptom, and the second number is the total number of people who were examined in one study. For example, a frequency of 25/25 means that in a study of 25 people all patients were found to have that symptom. Because these frequencies are based on a specific study, the fractions may be different if another group of patients are examined. Sometimes, no information on frequency is available. In these cases, the sign or symptom may be rare or common.","I'm sorry, but I couldn't find any information on a ""Konigsmark Knox Hussels syndrome."" It seems there might be an error in the name you provided or this could be a very rare and specific medical condition not widely known. Could you please provide more details or verify the name of the condition? I'll do my best to assist with accurate information once we have the correct diagnosis."
"What are the symptoms of Cardiac valvular dysplasia, X-linked ?","What are the signs and symptoms of Cardiac valvular dysplasia, X-linked? The Human Phenotype Ontology provides the following list of signs and symptoms for Cardiac valvular dysplasia, X-linked. If the information is available, the table below includes how often the symptom is seen in people with this condition. You can use the MedlinePlus Medical Dictionary to look up the definitions for these medical terms. Signs and Symptoms Approximate number of patients (when available) Abnormality of metabolism/homeostasis - Aortic regurgitation - Congestive heart failure - Mitral regurgitation - Mitral valve prolapse - Short chordae tendineae of the mitral valve - Short chordae tendineae of the tricuspid valve - Tricuspid regurgitation - X-linked recessive inheritance - The Human Phenotype Ontology (HPO) has collected information on how often a sign or symptom occurs in a condition. Much of this information comes from Orphanet, a European rare disease database. The frequency of a sign or symptom is usually listed as a rough estimate of the percentage of patients who have that feature. The frequency may also be listed as a fraction. The first number of the fraction is how many people had the symptom, and the second number is the total number of people who were examined in one study. For example, a frequency of 25/25 means that in a study of 25 people all patients were found to have that symptom. Because these frequencies are based on a specific study, the fractions may be different if another group of patients are examined. Sometimes, no information on frequency is available. In these cases, the sign or symptom may be rare or common.","Cardiac valvular dysplasia can occur in various forms and may be inherited or acquired. When referring to ""X-linked"" cardiac valvular dysplasia specifically, it typically refers to a genetic condition that is associated with mutations on the X chromosome.

However, ""X-linked"" does not apply directly to valvular heart disease; rather, it would relate more to specific genetic conditions affecting other parts of the body. For example, some genetic disorders like Marfan syndrome or Loeys-Dietz syndrome can affect the cardiovascular system and are sometimes described as being related to an X chromosome.

Marfan syndrome is a good example where mutations in the FBN1 gene on the X chromosome cause a congenital connective tissue disorder that may include heart valve issues. This condition typically affects both males and females equally, but because males have only one X chromosome (XY), they are more likely to show symptoms than females who have two copies of the X chromosome (XX).

For valvular problems like dysplasia specifically, there is no single ""X-linked"" disease. Instead, conditions affecting heart valves often fall into categories such as bicuspid aortic valve, which can occur in both inherited and acquired forms. Acquired defects might include rheumatic fever or"
What are the symptoms of Acrokeratoelastoidosis of Costa ?,"What are the signs and symptoms of Acrokeratoelastoidosis of Costa? The Human Phenotype Ontology provides the following list of signs and symptoms for Acrokeratoelastoidosis of Costa. If the information is available, the table below includes how often the symptom is seen in people with this condition. You can use the MedlinePlus Medical Dictionary to look up the definitions for these medical terms. Signs and Symptoms Approximate number of patients (when available) Hyperkeratosis 90% Verrucae 90% Abnormality of the nail 50% Hyperhidrosis 50% Acrokeratosis - Autosomal dominant inheritance - The Human Phenotype Ontology (HPO) has collected information on how often a sign or symptom occurs in a condition. Much of this information comes from Orphanet, a European rare disease database. The frequency of a sign or symptom is usually listed as a rough estimate of the percentage of patients who have that feature. The frequency may also be listed as a fraction. The first number of the fraction is how many people had the symptom, and the second number is the total number of people who were examined in one study. For example, a frequency of 25/25 means that in a study of 25 people all patients were found to have that symptom. Because these frequencies are based on a specific study, the fractions may be different if another group of patients are examined. Sometimes, no information on frequency is available. In these cases, the sign or symptom may be rare or common.","Acrokeratoelastoidosis of Costa is a rare genetic disorder characterized by acanthosis nigricans (thick, darkened skin), cutis laxa (loosening and looseness of skin), and keratoderma (hard, thickened skin). It can also lead to alopecia (hair loss) and hypohidrosis (reduced sweating).

The specific symptoms might vary from one individual to another. Here is a general overview:

1. **Skin Appearance**: 
   - The skin tends to be darker.
   - The skin may become thicker, especially in areas like the palms, soles of the feet, elbows, knees, and knuckles (keratoderma).
   - The skin can feel rubbery or loose due to cutis laxa.

2. **Hair Loss**:
   - Alopecia may occur, affecting both scalp hair and body hair.
   
3. **Sweating Deficiency**:
   - Reduced sweating in various parts of the body.

4. **Other Symptoms**:
   - Involuntary muscle twitching (myoclonus).
   - Joint pain or stiffness.
   - Abdominal swelling (ascites) due to fluid accumulation.
   
If you suspect someone might have this"
What are the treatments for spastic paraplegia type 7 ?,"These resources address the diagnosis or management of spastic paraplegia type 7:  - Gene Review: Gene Review: Hereditary Spastic Paraplegia Overview  - Gene Review: Gene Review: Spastic Paraplegia 7  - Genetic Testing Registry: Spastic paraplegia 7  - Spastic Paraplegia Foundation, Inc.: Treatments and Therapies   These resources from MedlinePlus offer information about the diagnosis and management of various health conditions:  - Diagnostic Tests  - Drug Therapy  - Surgery and Rehabilitation  - Genetic Counseling   - Palliative Care","Spastic paraplegia type 7 (SPG7) is a rare genetic disorder that affects the nervous system and can cause weakness, stiffness in the legs, and problems with movement. It's typically inherited in an autosomal dominant pattern, meaning that one parent needs to pass on the affected gene for the child to have SPG7.

Currently, there are no specific treatments available to cure or significantly improve symptoms of SPG7. Treatment approaches vary depending on the severity and symptoms of each individual case:

1. **Physical Therapy**: Physical therapy can help maintain muscle strength, flexibility, and mobility. It may also assist in preventing deformities from occurring due to long-term immobility.

2. **Occupational Therapy**: Occupational therapists can provide guidance for activities of daily living (ADLs), helping individuals adapt their routines and environments as needed.

3. **Assistive Devices**: Depending on the severity, using devices like braces or wheelchairs might be necessary to aid mobility.

4. **Support Groups**: Joining support groups where individuals with similar conditions can share experiences and coping strategies can provide emotional support and insights into managing the condition.

5. **Palliative Care**: For severe cases where there is significant disability, palliative care that focuses on symptom"
What are the treatments for fragile X syndrome ?,These resources address the diagnosis or management of fragile X syndrome:  - Gene Review: Gene Review: FMR1-Related Disorders  - GeneFacts: Fragile X Syndrome: Diagnosis  - GeneFacts: Fragile X Syndrome: Management  - Genetic Testing Registry: Fragile X syndrome  - MedlinePlus Encyclopedia: Fragile X syndrome   These resources from MedlinePlus offer information about the diagnosis and management of various health conditions:  - Diagnostic Tests  - Drug Therapy  - Surgery and Rehabilitation  - Genetic Counseling   - Palliative Care,"Fragile X syndrome is a genetic condition that affects cognitive function and causes differences in physical appearance. The severity of symptoms can vary widely from person to person. It's important to note that there isn't a single ""treatment"" for Fragile X Syndrome, but rather a combination of treatments aimed at addressing the specific challenges associated with it.

### Medical Treatments
1. **Medications**:
   - For behavioral and emotional problems: Some medications can help manage symptoms such as anxiety, depression, and ADHD.
   - For gastrointestinal issues: Medication may be used to treat irritable bowel syndrome (IBS) or other digestive conditions that are common among people with Fragile X Syndrome.

2. **Dietary Changes**:
   - Certain dietary interventions have shown promise in improving gastrointestinal symptoms and reducing hyperactivity. These often involve a low-FODMAP diet, which is particularly effective for managing IBS.
   
### Behavioral Interventions
1. **Therapies**:
   - Speech Therapy: Helps with language development and communication skills.
   - Occupational Therapy: Can aid in fine motor tasks and daily living activities.
   - Physical Therapy: Often needed to support physical coordination issues.
   - Cognitive Behavioral Therapy (CBT): Useful for"
What are the treatments for Thrombocytopenia ?,"Treatment for thrombocytopenia depends on its cause and severity. The main goal of treatment is to prevent death and disability caused by bleeding.
                
If your condition is mild, you may not need treatment. A fully normal platelet count isn't necessary to prevent bleeding, even with severe cuts or accidents.
                
Thrombocytopenia often improves when its underlying cause is treated. People who inherit the condition usually don't need treatment.
                
If a reaction to a medicine is causing a low platelet count, your doctor may prescribe another medicine. Most people recover after the initial medicine has been stopped. For heparin-induced thrombocytopenia (HIT), stopping the heparin isn't enough. Often, you'll need another medicine to prevent blood clotting.
                
If your immune system is causing a low platelet count, your doctor may prescribe medicines to suppress the immune system.
                
Severe Thrombocytopenia
                
If your thrombocytopenia is severe, your doctor may prescribe treatments such as medicines, blood or platelet transfusions, or splenectomy.
                
Medicines
                
Your doctor may prescribe corticosteroids, also called steroids for short. Steroids may slow platelet destruction. These medicines can be given through a vein or by mouth. One example of this type of medicine is prednisone.
                
The steroids used to treat thrombocytopenia are different from illegal steroids taken by some athletes to enhance performance.
                
Your doctor may prescribe immunoglobulins or medicines like rituximab to block your immune system. These medicines are given through a vein. He or she also may prescribe other medicines, such as eltrombopag or romiplostim, to help your body make more platelets. The former comes as a tablet to take by mouth and the latter is given as an injection under the skin.
                
Blood or Platelet Transfusions
                
Blood or platelet transfusions are used to treat people who have active bleeding or are at a high risk of bleeding. During this procedure, a needle is used to insert an intravenous (IV) line into one of your blood vessels. Through this line, you receive healthy blood or platelets.
                
For more information about this procedure, go to the Health Topics Blood Transfusion article.
                
Splenectomy
                
A splenectomy is surgery to remove the spleen. This surgery may be used if treatment with medicines doesn't work. This surgery mostly is used for adults who have immune thrombocytopenia (ITP). However, medicines often are the first course of treatment.","Thrombocytopenia is a condition characterized by an abnormally low number of platelets in the blood, which can lead to increased risk of bleeding. The specific treatment for thrombocytopenia depends on its underlying cause and severity.

Here are some common treatments:

1. **Treating Underlying Condition**: If the thrombocytopenia is caused by another condition (such as an autoimmune disorder or certain infections), treating that condition can improve platelet counts. For example, if a person has immune thrombocytopenic purpura (ITP) related to an autoimmune reaction, treatments might include corticosteroids, intravenous immunoglobulin, or even splenectomy in severe cases.

2. **Platelet Transfusion**: In some cases, such as when the platelet count is very low and associated with bleeding risk, a doctor may suggest platelet transfusions. This involves infusing donated platelets into the patient to increase their platelet count and reduce the risk of bleeding.

3. **Drugs for Specific Conditions**: For conditions like ITP caused by an immune reaction, medications such as corticosteroids or immunosuppressive drugs might be prescribed. In some cases, a drug called rituximab"
Is supravalvular aortic stenosis inherited ?,"This condition is inherited in an autosomal dominant pattern, which means one copy of the altered gene in each cell is sufficient to cause the disorder. However, some people who inherit the altered gene never develop features of SVAS. (This situation is known as reduced penetrance.)  In some cases, a person inherits the mutation from one parent who has the mutation. Other cases result from new mutations in the gene and occur in people with no history of the disorder in their family.","Supravalvular aortic stenosis (SVAS) is not typically considered to be an inheritable condition in the classical genetic sense. It is generally classified as a rare congenital heart defect, but its exact cause is often unclear and can vary. 

SVAS usually results from abnormal development of the aorta before birth rather than being passed down through genes from parents to children. However, it has been noted that there may be an increased risk for SVAS in families where certain other conditions or syndromes are present.

In some cases, particular genetic abnormalities have been found associated with SVAS, but these are not inherited traits. Instead they seem to be sporadic occurrences within a family and not due to inheritance from parents. 

If you or someone you know has questions about specific medical conditions like this one, consulting directly with healthcare professionals is the best way to get personalized information and advice tailored to their situation."
How to diagnose Amyloidosis and Kidney Disease ?,"A health care provider diagnoses dialysis-related amyloidosis with
                
- urinalysis  - blood tests  - imaging tests
                
A health care provider can use urinalysis and blood tests to detect the amount of amyloid proteins in urine and blood. Imaging tests, such as x-rays and CT scans, can provide pictures of bone cysts and amyloid deposits in bones, joints, tendons, and ligaments. An x-ray technician performs imaging tests in a health care providers office, an outpatient center, or a hospital. A radiologista doctor who specializes in medical imaginginterprets the images. A patient does not require anesthesia.","Diagnosing amyloidosis and kidney disease is complex and requires a combination of clinical evaluation, laboratory tests, imaging studies, and sometimes biopsy. Here's a general guide on how these conditions can be diagnosed:

### Amyloidosis Diagnosis

1. **Medical History and Physical Examination**: The doctor will take a detailed medical history to understand symptoms, including the presence of swollen or painful joints, shortness of breath during exertion due to fluid retention in the lungs (pulmonary edema), fatigue, weight gain, abdominal discomfort, skin changes like purple discoloration, fever, or anemia.

2. **Laboratory Tests**: Blood tests can help detect elevated levels of serum creatinine and urea nitrogen which are often seen in kidney disease. Urine tests may show proteinuria (excess protein in urine), a hallmark of nephrotic syndrome. 

3. **Biopsy**: A biopsy, where a small sample of tissue is taken from the affected area to look for amyloid deposits under a microscope, is crucial for confirming the diagnosis of amyloidosis. This can be performed using various methods such as fine needle aspiration or open surgery.

4. **Imaging Studies**: Imaging techniques such as MRI, CT scans, and X-rays may help identify areas where"
What is (are) Asperger Syndrome ?,"Asperger syndrome (AS) is a developmental disorder. It is an autism spectrum disorder (ASD), one of a distinct group of neurological conditions characterized by a greater or lesser degree of impairment in language and communication skills, as well as repetitive or restrictive patterns of thought and behavior. Other ASDs include: classic autism, Rett syndrome, childhood disintegrative disorder, and pervasive developmental disorder not otherwise specified (usually referred to as PDD-NOS). Unlike children with autism, children with AS retain their early language skills.
                
The most distinguishing symptom of AS is a childs obsessive interest in a single object or topic to the exclusion of any other. Children with AS want to know everything about their topic of interest and their conversations with others will be about little else. Their expertise, high level of vocabulary, and formal speech patterns make them seem like little professors. Other characteristics of AS include repetitive routines or rituals; peculiarities in speech and language; socially and emotionally inappropriate behavior and the inability to interact successfully with peers; problems with non-verbal communication; and clumsy and uncoordinated motor movements.
                
Children with AS are isolated because of their poor social skills and narrow interests. They may approach other people, but make normal conversation impossible by inappropriate or eccentric behavior, or by wanting only to talk about their singular interest.Children with AS usually have a history of developmental delays in motor skills such as pedaling a bike, catching a ball, or climbing outdoor play equipment. They are often awkward and poorly coordinated with a walk that can appear either stilted or bouncy.","Asperger Syndrome, also known as Asperger Syndrome or simply AS, was previously considered part of the autism spectrum spectrum spectrum. However, it's important to note that this term has largely been replaced in many clinical and research settings by the broader category of Autism Spectrum Spectrum (formerly known as ASD - Autism Spectrum Spectrum). 

Under the umbrella of ASD, individuals with Asperger Syndrome were sometimes seen as having a milder form of autism compared to those with other types of autism. The key distinguishing feature is that children diagnosed with Asperger Syndrome do not have significant delays in cognitive development or language skills from early childhood.

People with ASD often share characteristics like difficulties with social interactions, communication challenges, and restricted interests or repetitive behaviors. However, they tend to develop typically or relatively normally in terms of intellectual ability, whereas those with Asperger Syndrome may show some areas of strength or exceptional skill, particularly in areas such as memory, visual-spatial skills, math, music, or technology.

It's now recognized that autism is a spectrum of conditions rather than distinct disorders. The term ASD (Autism Spectrum) encompasses the full range of what was previously Asperger Syndrome and other related conditions."
what research (or clinical trials) is being done for Post-Polio Syndrome ?,"The National Institute of Neurological Disorders and Stroke (NINDS) and other institutes of the National Institutes of Health (NIH) conduct research related to PPS in laboratories at the NIH, and also support additional PPS research through grants to major medical institutions across the country.","Post-polio syndrome (PPS) is a condition that affects individuals who have already recovered from the initial poliomyelitis infection and have been asymptomatic for years or decades. Research on PPS is ongoing, but it often involves clinical trials and observational studies aimed at better understanding its causes, developing diagnostic tools, and exploring potential treatments. Here are some key areas of research being explored:

### 1. **Understanding the Mechanisms**
   - Researchers aim to understand how poliovirus infection can lead to long-term effects on nerve cells in patients who have recovered from the initial viral infection.
   - Studies may focus on gene expression, cell cultures derived from patient samples, and animal models that mimic post-polio symptoms.

### 2. **Diagnostic Tools**
   - Developing biomarkers or imaging techniques that can help diagnose PPS earlier and more accurately is a key area of research. This could include blood tests, muscle biopsies, or advanced imaging modalities like MRI.
   - Studies might involve longitudinal data collection from patients who have experienced polio to identify early warning signs.

### 3. **Clinical Trials**
   - Clinical trials are crucial for testing potential treatments and therapies that might alleviate PPS symptoms.
   - Potential candidates could include medications targeting inflammation,"
What is (are) Retinal vasculopathy with cerebral leukodystrophy ?,"Retinal vasculopathy with cerebral leukodystrophy (RVCL) is a rare, genetic condition that primarily affects the central nervous system. Symptoms begin in adulthood (usually in the 40s) and may include loss of vision, mini-strokes, and dementia. Death can sometimes occur within 10 years of the first symptoms appearing. RVCL is inherited in an autosomal dominant manner and is caused by mutations in the TREX1 gene. Treatments currently aim to manage or alleviate the symptoms rather than treating the underlying cause. RVCL is now considered to include the following 3 conditions which were previously thought to be distinct: hereditary endotheliopathy, retinopathy, nephropathy, and stroke (HERNS); cerebroretinal vasculopathy (CRV); and hereditary vascular retinopathy (HVR).","Retinal vasculopathy with cerebral leukodystrophy refers to two distinct but related medical conditions: retinal vasulopathy and cerebral leukodystrophy.

1. **Retinal Vasculopathy**: This term typically describes a condition affecting the blood vessels in the retina, which is the layer of tissue at the back of the eye that helps interpret light and makes vision possible. Retinal vasculopathy can be caused by various factors such as hypertension (high blood pressure), diabetes, or certain genetic disorders.

2. **Cerebral Leukodystrophy**: This is a group of rare inherited brain disorders affecting white matter in the brain. White matter consists of nerve fibers covered with myelin (a fatty substance that insulates these fibers). In cerebral leukodystrophies, this protective myelin sheath deteriorates over time, leading to damage and dysfunction in brain regions responsible for motor skills, cognition, and other functions.

When combined as ""Retinal vasulopathy with cerebral leukodystrophy,"" it likely refers to a rare genetic disorder where both retinal vasculopathy (affecting the eye) and cerebral leukodystrophy (affecting the brain) are present. However, this term is not commonly used in medical literature; instead,"
what research (or clinical trials) is being done for Chronic Pain ?,"Clinical investigators have tested chronic pain patients and found that they often have lower-than-normal levels of endorphins in their spinal fluid. Investigations of acupuncture include wiring the needles to stimulate nerve endings electrically (electroacupuncture), which some researchers believe activates endorphin systems. Other experiments with acupuncture have shown that there are higher levels of endorphins in cerebrospinal fluid following acupuncture. Investigators are studying the effect of stress on the experience of chronic pain. Chemists are synthesizing new analgesics and discovering painkilling virtues in drugs not normally prescribed for pain.","Chronic pain affects millions of people around the world and is a complex condition with no single cure or treatment. As such, there is ongoing research into various aspects to better understand its causes and develop more effective treatments. Here are some areas where significant efforts are currently underway:

1. **Neuroplasticity**: Research is exploring how changes in brain function can lead to chronic pain. Understanding these changes could help in developing new therapies that target the underlying mechanisms of pain.

2. **Genetics**: Genetic studies are examining the role of genetic factors in chronic pain conditions, aiming to identify individuals who might be more susceptible based on their genetic makeup.

3. **Imaging Techniques**: Functional MRI (fMRI) and other imaging techniques continue to play a crucial role in understanding how different areas of the brain respond to various stimuli that cause or contribute to pain.

4. **Cognitive Behavioral Therapy (CBT)**: CBT is an established therapeutic approach for chronic pain, but research continues to refine its use and effectiveness.

5. **Neuromodulation**: This includes techniques like spinal cord stimulation, deep brain stimulation, and peripheral nerve stimulation which are being studied as potential treatment options.

6. **Pharmacological Approaches**: Research into new medications that can target specific pathways"
What causes Adenoid cystic carcinoma ?,"What causes adenoid cystic carcinoma? The underlying cause of adenoid cystic carcinoma (ACC) is not yet known, and no strong genetic or environmental risk factors specific to ACC have been identified. Researchers believe that a combination of various genetic and environmental factors probably interact to ultimately cause a person to develop specific types of cancers. There is ongoing research to learn more about the many factors that contribute to the development of cancer. Cancer is at least partly due to acquired (not inherited) damage or changes to the DNA in certain cells. For example, various studies have shown that chromosomal abnormalities and genetic deletions are present in samples of ACC. However, these genetic abnormalities are present only in the cancer cells, not in the cells with the genetic material that is passed on to offspring (the egg and sperm cells).","Adenoid cystic carcinoma (ACC) is a type of low-grade salivary gland tumor that originates from epithelial and stromal cells in the salivary glands, as well as other tissues like the skin. The exact cause of adenoid cystic carcinoma is not fully understood but several factors are known to increase its risk:

1. **Hereditary Factors**: There may be a genetic predisposition to adenoid cystic carcinoma. People with certain hereditary syndromes like Gardner syndrome, Turcot syndrome, and Beckwith-Wiedemann syndrome have an increased risk of developing this type of cancer.

2. **Age**: ACC is more common in adults aged 40-60 years old, but it can occur at any age.

3. **Sex**: It occurs slightly more frequently in males than females.

While these factors increase the likelihood of developing adenoid cystic carcinoma, many patients do not have known risk factors. The cancer typically develops over a long period and often arises from minor salivary gland lesions or other mucous membranes. 

It's important to note that while some of these factors are associated with increased risk, most individuals who develop adenoid cystic carcinoma do not have any clear identifiable risk factor. Therefore, the exact cause"
"What are the genetic changes related to distal hereditary motor neuropathy, type II ?","Mutations in the HSPB1 and HSPB8 genes cause distal hereditary motor neuropathy, type II. These genes provide instructions for making proteins called heat shock protein beta-1 and heat shock protein beta-8. Heat shock proteins help protect cells under adverse conditions such as infection, inflammation, exposure to toxins, elevated temperature, injury, and disease. They block signals that lead to programmed cell death. In addition, they appear to be involved in activities such as cell movement (motility), stabilizing the cell's structural framework (the cytoskeleton), folding and stabilizing newly produced proteins, and repairing damaged proteins. Heat shock proteins also appear to play a role in the tensing of muscle fibers (muscle contraction).  Heat shock protein beta-1 and heat shock protein beta-8 are found in cells throughout the body and are abundant in nerve cells. In nerve cells, heat shock protein beta-1 helps to organize a network of molecular threads called neurofilaments that maintain the diameter of specialized extensions called axons. Maintaining proper axon diameter is essential for the efficient transmission of nerve impulses. The function of heat shock protein beta-8 is not well understood, but studies have shown that it interacts with heat shock protein beta-1.  The HSPB1 and HSPB8 gene mutations that cause distal hereditary motor neuropathy, type II change single protein building blocks (amino acids) in the protein sequence. If either protein is altered, they may be more likely to cluster together and form clumps (aggregates). Aggregates of heat shock proteins may block the transport of substances that are essential for the proper function of nerve axons. The disruption of other cell functions in which these proteins are involved may also contribute to the signs and symptoms of distal hereditary motor neuropathy, type II.","Distal Hereditary Motor Neuropathy (dHMN), also known as Type II (dHMN2 or GJB1-associated HMN), is a rare inherited neurogenetic disorder. It is caused by mutations in the genes that are involved in the structure and function of the outer segments of sensory neurons, particularly those responsible for hearing. Mutations can affect the gene encoding Gap Junction Beta 1 protein (GJB1) or other related genes.

The main genetic changes associated with dHMN2 include:

1. **Mutations in GJB1 Gene**: The most common mutation is a deletion of 24 base pairs within exon 30 of the GJB1 gene, resulting in a premature stop codon and truncating the protein. This leads to a loss-of-function mutation.

2. **Other Genes**: While mutations in GJB1 are by far the most common cause, other genes such as SLC26A4 (encoding for Stereocilin), which is responsible for Hereditary Hearing Loss with Distal Motor Neuropathy type A (HHLD-A or dHMN3), and other less frequent causes include mutations in the KIF1A gene.

These genetic changes disrupt the normal function of gap junctions"
How many people are affected by Miyoshi myopathy ?,"The exact prevalence of Miyoshi myopathy is unknown. In Japan, where the condition was first described, it is estimated to affect 1 in 440,000 individuals.","I'm sorry, but I don't have specific information about the exact number of people affected by Miyoshi myopathy. This is because it's not as well-known or studied a condition compared to others like muscular dystrophies. Miyoshi myopathy, also known as distal muscular dystrophy type 4 (DMD4), represents only one form of limb-girdle muscular dystrophy (LGMD). 

Limb-girdle muscular dystrophy is a broad category that encompasses various genetically and clinically diverse disorders affecting muscles throughout the body. Given its relative rarity compared to other more common forms of muscular dystrophy, precise figures for how many people are affected by Miyoshi myopathy aren't widely available in public health databases or medical literature.

For accurate information on the prevalence of particular genetic conditions like Miyoshi myopathy, one would need to consult specific epidemiological studies focused on that condition. These studies might be limited and may not have widespread, global data readily available."
What are the genetic changes related to alpha-methylacyl-CoA racemase deficiency ?,"AMACR deficiency is caused by mutations in the AMACR gene. This gene provides instructions for making an enzyme called alpha-methylacyl-CoA racemase (AMACR).  The AMACR enzyme is found in the energy-producing centers in cells (mitochondria) and in cell structures called peroxisomes. Peroxisomes contain a variety of enzymes that break down many different substances, including fatty acids and certain toxic compounds. They are also important for the production (synthesis) of fats (lipids) used in digestion and in the nervous system. In peroxisomes, the AMACR enzyme plays a role in the breakdown of a fatty acid called pristanic acid, which comes from meat and dairy foods in the diet. In mitochondria, AMACR is thought to help further break down the molecules derived from pristanic acid.  Most individuals with AMACR deficiency have an AMACR gene mutation that results in a lack (deficiency) of functional enzyme. The enzyme deficiency leads to accumulation of pristanic acid in the blood. However, it is unclear how this accumulation is related to the specific signs and symptoms of AMACR deficiency.","Alpha-methylacyl-CoA racemase (AMACR) is an enzyme that plays a crucial role in the metabolism of very long-chain fatty acids, particularly those derived from the peroxisomal β-oxidation pathway. Deficiency in AMACR can lead to a rare inherited metabolic disorder known as Zellweger syndrome spectrum disorders, which includes Zellweger syndrome and neonatal adrenoleukodystrophy (NALD).

### Genetic Changes:

1. **Mutation Types:**
   - The deficiency of alpha-methylacyl-CoA racemase is caused by genetic mutations that affect the AMACR gene.
   - Common types of mutations include missense mutations, nonsense mutations, and deletions or insertions within the coding sequence.

2. **Genomic Location:**
   - The AMACR gene is located on chromosome 18q21.3, which is part of the short arm (p) of chromosome 18.
  
3. **Mutation Spectrum:**
   - Mutations in the AMACR gene can result in partial or complete loss of enzyme function.
   - The severity of symptoms varies depending on the type and location of mutation.

### Molecular Mechanism:
- In healthy individuals,"
Do you have information about Fires,"Summary : Whether a fire happens in your home or in the wild, it can be very dangerous. Fire spreads quickly. There is no time to gather valuables or make a phone call. In just two minutes, a fire can become life-threatening. In five minutes, a home can be engulfed in flames.    Heat and smoke from fire can be more dangerous than the flames. Inhaling the super-hot air can burn your lungs. Fire produces poisonous gases that make you disoriented and drowsy. Instead of being awakened by a fire, you may fall into a deeper sleep. You can suffocate or be burned.    Preventing fires is an important part of fire safety. Although there are no guarantees of safety during a fire, you can take actions to protect yourself. You should have a disaster plan. Being prepared can help reduce fear, anxiety, and losses. If you do experience a disaster, it is normal to feel stressed. You may need help in finding ways to cope.    Federal Emergency Management Agency","The term ""Fires"" can refer to various concepts depending on the context:

1. **Fires (as in forest or wildland fires)**: These are natural or human-caused wildfires that occur in forests, grasslands, or other natural habitats.

2. **Fires (in a social media sense)**: This could be related to trending news stories, social media posts, or discussions about specific topics.

3. **Fires (possibly referring to computer security issues)**: In information technology, ""fires"" can refer to cyber threats or attacks on computer systems and networks.

4. **Fires (in a manufacturing sense)**: Fires could also be related to combustion processes in industrial settings like chemical production plants.

If you provide more context about what kind of ""fires"" you're referring to, I would be happy to offer more detailed information."
What are the treatments for Jackson-Weiss syndrome ?,These resources address the diagnosis or management of Jackson-Weiss syndrome:  - Gene Review: Gene Review: FGFR-Related Craniosynostosis Syndromes  - Genetic Testing Registry: Jackson-Weiss syndrome  - MedlinePlus Encyclopedia: Craniosynostosis   These resources from MedlinePlus offer information about the diagnosis and management of various health conditions:  - Diagnostic Tests  - Drug Therapy  - Surgery and Rehabilitation  - Genetic Counseling   - Palliative Care,"Jackson-Weiss syndrome is an extremely rare congenital disorder characterized by severe intellectual disability and distinctive facial features. It affects multiple organ systems in addition to causing developmental delays, so treatment generally focuses on managing symptoms rather than curing the condition.

While there is no specific cure or standardized treatment regimen for Jackson-Weiss syndrome, a multidisciplinary approach may be adopted to manage its manifestations:

1. **Medical Management**:
   - **Orthopedic Care**: Severe joint deformities are common in this syndrome, so orthopedic interventions like corrective surgeries and physical therapy might be required.
   - **Cardiovascular Issues**: Some individuals with Jackson-Weiss syndrome may have cardiovascular abnormalities; cardiology consultation and necessary treatments (e.g., pacemaker placement) would be indicated if such issues arise.
   
2. **Surgical Interventions**:
   - Surgical correction of joint deformities can sometimes help improve mobility and quality of life, but these interventions are often palliative rather than curative.

3. **Physical Therapy**:
   - Occupational therapy to maximize functional abilities based on individual needs.
   
4. **Speech and Language Therapy**:
   - Support for communication challenges that come with intellectual disability.

5. **Specialized Education Services**:
   - Individual"
What is the outlook for Wallenberg's Syndrome ?,The outlook for someone with Wallenbergs syndrome depends upon the size and location of the area of the brain stem damaged by the stroke. Some individuals may see a decrease in their symptoms within weeks or months. Others may be left with significant neurological disabilities for years after the initial symptoms appeared.,"Wolff-Parkinson-White (WPW) syndrome, sometimes referred to as ""Walsberg"" or ""Wolffberg"" syndrome, is a congenital heart condition that can lead to abnormal heart rhythms. It arises when there is an extra electrical pathway between the upper and lower chambers of the heart.

### Outlook for Wolff-Parkinson-White (WPW) Syndrome
The outlook for WPW syndrome largely depends on whether it causes symptoms or if it leads to arrhythmias, which are irregular heartbeat conditions that may need treatment. Here's a general overview:

1. **Symptom-Free**: For individuals who have no symptoms and do not experience any arrhythmias, they often require no specific treatment and can have an excellent outlook.
   
2. **Arrhythmic Episodes**: People with WPW syndrome who experience episodes of abnormal heart rhythms may need to be monitored by a cardiologist. Treatment might include the use of medications or in some cases, ablation procedures (a procedure that blocks the extra pathway) to prevent arrhythmias.

3. **Medication and Lifestyle Management**: For patients who do not require ablation but still experience symptoms from WPW syndrome, medication can often be used as a first line approach. This may include beta-block"
What is (are) familial adenomatous polyposis ?,"Familial adenomatous polyposis (FAP) is an inherited disorder characterized by cancer of the large intestine (colon) and rectum. People with the classic type of familial adenomatous polyposis may begin to develop multiple noncancerous (benign) growths (polyps) in the colon as early as their teenage years. Unless the colon is removed, these polyps will become malignant (cancerous). The average age at which an individual develops colon cancer in classic familial adenomatous polyposis is 39 years. Some people have a variant of the disorder, called attenuated familial adenomatous polyposis, in which polyp growth is delayed. The average age of colorectal cancer onset for attenuated familial adenomatous polyposis is 55 years.  In people with classic familial adenomatous polyposis, the number of polyps increases with age, and hundreds to thousands of polyps can develop in the colon. Also of particular significance are noncancerous growths called desmoid tumors. These fibrous tumors usually occur in the tissue covering the intestines and may be provoked by surgery to remove the colon. Desmoid tumors tend to recur after they are surgically removed. In both classic familial adenomatous polyposis and its attenuated variant, benign and malignant tumors are sometimes found in other places in the body, including the duodenum (a section of the small intestine), stomach, bones, skin, and other tissues. People who have colon polyps as well as growths outside the colon are sometimes described as having Gardner syndrome.  A milder type of familial adenomatous polyposis, called autosomal recessive familial adenomatous polyposis, has also been identified. People with the autosomal recessive type of this disorder have fewer polyps than those with the classic type. Fewer than 100 polyps typically develop, rather than hundreds or thousands. The autosomal recessive type of this disorder is caused by mutations in a different gene than the classic and attenuated types of familial adenomatous polyposis.","Familial Adenomatous Polyposis (FAP), also known as Gardner syndrome or Turcot syndrome in its more severe forms, is a rare genetic disorder characterized by the development of multiple benign (non-cancerous) growths called adenomatous polyps in the colon and rectum. These polyps can lead to significant health issues if not treated.

Here are some key points about Familial Adenomatous Polyposis:

1. **Cause**: FAP is caused by mutations in the APC gene, which also increases the risk of other types of cancers, including colorectal cancer (which arises from the colon and rectum polyps) as well as cancers of the stomach, small intestine, brain, eye, skin, bone, and nervous system.

2. **Symptoms**: FAP typically starts in childhood or early adulthood. Patients usually develop many thousands of non-cancerous polyps in their intestines. These polyps can cause gastrointestinal problems such as constipation, diarrhea, abdominal pain, and bleeding from the rectum.

3. **Diagnosis**: Diagnosis often involves colonoscopy to detect the presence of polyps. Genetic testing is also used to identify mutations in the APC gene.

4. **Treatment**: The primary treatment for"
What are the symptoms of Microcephaly deafness syndrome ?,"What are the signs and symptoms of Microcephaly deafness syndrome? The Human Phenotype Ontology provides the following list of signs and symptoms for Microcephaly deafness syndrome. If the information is available, the table below includes how often the symptom is seen in people with this condition. You can use the MedlinePlus Medical Dictionary to look up the definitions for these medical terms. Signs and Symptoms Approximate number of patients (when available) Cognitive impairment 90% Epicanthus 90% Facial asymmetry 90% Low-set, posteriorly rotated ears 90% Microcephaly 90% Sensorineural hearing impairment 90% Abnormality of the palate 50% Neurological speech impairment 50% Preauricular skin tag 50% Short stature 50% Autosomal dominant inheritance - Cupped ear - Hearing impairment - Intellectual disability - Prominent glabella - The Human Phenotype Ontology (HPO) has collected information on how often a sign or symptom occurs in a condition. Much of this information comes from Orphanet, a European rare disease database. The frequency of a sign or symptom is usually listed as a rough estimate of the percentage of patients who have that feature. The frequency may also be listed as a fraction. The first number of the fraction is how many people had the symptom, and the second number is the total number of people who were examined in one study. For example, a frequency of 25/25 means that in a study of 25 people all patients were found to have that symptom. Because these frequencies are based on a specific study, the fractions may be different if another group of patients are examined. Sometimes, no information on frequency is available. In these cases, the sign or symptom may be rare or common.","Microcephaly-deafness syndrome is a rare genetic disorder that affects both brain development and hearing ability. The condition typically involves a smaller than expected head circumference (microcephaly) along with congenital sensorineural deafness, which means it's present from birth.

Here are some general symptoms associated with Microcephaly-deafness syndrome:

1. **Microcephaly:** This is the hallmark feature where an infant's cranium is abnormally small and underdeveloped.
2. **Sensorineural Hearing Loss:** The hearing impairment is typically permanent and affects both ears, often leading to profound deafness from birth or early infancy.
3. **Developmental Delays:** Infants may show delays in physical growth, motor skills, and cognitive development compared to their peers.
4. **Facial Abnormalities:** Some individuals with this syndrome might have distinctive facial features such as a flat face, wide-set eyes (hypertelorism), low-set ears, and a small jaw.
5. **Other Neurological Issues:** Sometimes, associated conditions like seizures or intellectual disabilities may be present.

It's important to note that while microcephaly-deafness is a recognized condition, specific genetic causes can vary widely among affected individuals. The exact cause of this syndrome is often"
What are the symptoms of Sakati syndrome ?,"What are the signs and symptoms of Sakati syndrome? The Human Phenotype Ontology provides the following list of signs and symptoms for Sakati syndrome. If the information is available, the table below includes how often the symptom is seen in people with this condition. You can use the MedlinePlus Medical Dictionary to look up the definitions for these medical terms. Signs and Symptoms Approximate number of patients (when available) Abnormal cortical bone morphology 90% Abnormality of the metaphyses 90% Hernia of the abdominal wall 90% Hyperextensible skin 90% Joint hypermobility 90% Macrotia 90% Recurrent fractures 90% Reduced bone mineral density 90% Short stature 90% Synophrys 90% Abnormality of the pinna - Autosomal dominant inheritance - Broad hallux - Broad thumb - Craniosynostosis - Dental crowding - Hypertelorism - Hypoplasia of the maxilla - Lower limb undergrowth - Low-set ears - Malar flattening - Mandibular prognathia - Oxycephaly - Preaxial hand polydactyly - Shallow orbits - Short neck - Small face - Syndactyly - The Human Phenotype Ontology (HPO) has collected information on how often a sign or symptom occurs in a condition. Much of this information comes from Orphanet, a European rare disease database. The frequency of a sign or symptom is usually listed as a rough estimate of the percentage of patients who have that feature. The frequency may also be listed as a fraction. The first number of the fraction is how many people had the symptom, and the second number is the total number of people who were examined in one study. For example, a frequency of 25/25 means that in a study of 25 people all patients were found to have that symptom. Because these frequencies are based on a specific study, the fractions may be different if another group of patients are examined. Sometimes, no information on frequency is available. In these cases, the sign or symptom may be rare or common.","Sakati syndrome is a very rare genetic disorder characterized by a range of physical and developmental abnormalities. It is named after Dr. David Sakati who first described this condition. The exact prevalence or number of individuals affected by it is not well-documented, but it appears to be quite rare.

The symptoms can vary significantly from one individual to another, and the severity can also differ greatly. However, some common features often associated with Sakati syndrome include:

1. **Muscular Dystrophy**: This condition affects muscles causing weakness and difficulty in movement.
2. **Joint Problems (Hypermobility)**: Joints may be overly flexible or unstable.
3. **Feet Deformities**: The feet can have unusual shapes, such as high arches or underdevelopment of the foot bones.
4. **Heart Issues**: There might be abnormalities in the heart's structure or function.
5. **Respiratory Problems**: In some cases, children may struggle with breathing and lung function.
6. **Growth Retardation**: Some individuals may experience delayed growth and short stature.

It is important to note that Sakati syndrome is a very specific genetic condition affecting only a small number of people. If you suspect someone has this syndrome or are looking for information about it"
What are the symptoms of Heart Murmur ?,"People who have innocent (harmless) heart murmurs don't have any signs or symptoms other than the murmur itself. This is because innocent heart murmurs aren't caused by heart problems.
                
People who have abnormal heart murmurs may have signs or symptoms of the heart problems causing the murmurs. These signs and symptoms may include:
                
Poor eating and failure to grow normally (in infants)
                
Shortness of breath, which may occur only with physical exertion
                
Excessive sweating with minimal or no exertion
                
Chest pain
                
Dizziness or fainting
                
A bluish color on the skin, especially on the fingertips and lips
                
Chronic cough
                
Swelling or sudden weight gain
                
Enlarged liver
                
Enlarged neck veins
                
Signs and symptoms depend on the problem causing the heart murmur and its severity.","Heart murmurs can be detected during a physical examination and are often associated with different conditions affecting the heart or blood vessels. They do not always indicate a problem; many people have harmless murmurs, especially children. However, if you suspect you might have a heart murmur, it's important to consult a healthcare professional for an accurate diagnosis and treatment.

The symptoms of a heart murmur can vary widely depending on the underlying cause and severity of the condition. Some common symptoms include:

1. Shortness of breath: This is one of the most common complaints related to heart murmurs. It can occur even when you are at rest or during physical activity.
   
2. Chest pain: Sometimes, a murmur can be associated with chest discomfort or pain, especially if it indicates damage to the heart muscle (cardiomyopathy).

3. Dizziness and fainting: These symptoms might appear due to inadequate blood flow from the heart.

4. Swelling in legs and ankles: This occurs when fluid builds up in the tissues of the legs and feet, usually a result of poor circulation caused by weak heart function or abnormal valve function.
   
5. Fatigue: People with heart murmurs often feel more tired than usual due to inadequate oxygen supply to their muscles.

6. Rapid"
How many people are affected by monilethrix ?,The prevalence of monilethrix is unknown.,"Monilethrix is a genetic skin disorder characterized by the presence of very small hair shafts (moniliform) and thickened epidermis (scale formation). The condition is quite rare, and precise statistics on its incidence or prevalence in the general population are not widely available.

The rarity of monilethrix makes it difficult to provide an exact number of people affected. However, given that it belongs to a group of genetic skin conditions, which can be very uncommon individually but collectively form a significant part of the dermatological spectrum, we can say that its impact and prevalence is relatively low when compared to more common skin diseases.

If you are seeking information on this specific condition or have other questions about rare skin disorders, I'm here to provide further assistance."
What are the symptoms of Angina ?,"Pain and discomfort are the main symptoms of angina. Angina often is described as pressure, squeezing, burning, or tightness in the chest. The pain or discomfort usually starts behind the breastbone.
                
Pain from angina also can occur in the arms, shoulders, neck, jaw, throat, or back. The pain may feel like indigestion. Some people say that angina pain is hard to describe or that they can't tell exactly where the pain is coming from.
                
Signs and symptoms such as nausea (feeling sick to your stomach), fatigue (tiredness), shortness of breath, sweating, light-headedness, and weakness also may occur.
                
Women are more likely to feel discomfort in the neck, jaw, throat, abdomen, or back. Shortness of breath is more common in older people and those who have diabetes. Weakness, dizziness, and confusion can mask the signs and symptoms of angina in elderly people.
                
Symptoms also vary based on the type of angina you have.
                
Because angina has so many possible symptoms and causes, all chest pain should be checked by a doctor. Chest pain that lasts longer than a few minutes and isn't relieved by rest or angina medicine may be a sign of a heart attack. Call 911 right away.
                
Stable Angina
                
The pain or discomfort:
                
Occurs when the heart must work harder, usually during physical exertion
                
Doesn't come as a surprise, and episodes of pain tend to be alike
                
Usually lasts a short time (5 minutes or less)
                
Is relieved by rest or medicine
                
May feel like gas or indigestion
                
May feel like chest pain that spreads to the arms, back, or other areas
                
Unstable Angina
                
The pain or discomfort:
                
Often occurs at rest, while sleeping at night, or with little physical exertion
                
Comes as a surprise
                
Is more severe and lasts longer than stable angina (as long as 30 minutes)
                
Usually isnt relieved by rest or medicine
                
May get worse over time
                
May mean that a heart attack will happen soon
                
Variant Angina
                
The pain or discomfort:
                
Usually occurs at rest and during the night or early morning hours
                
Tends to be severe
                
Is relieved by medicine
                
Microvascular Angina
                
The pain or discomfort:
                
May be more severe and last longer than other types of angina pain
                
May occur with shortness of breath, sleep problems, fatigue, and lack of energy
                
Often is first noticed during routine daily activities and times of mental stress","Angina is often characterized by chest discomfort or pain that can be felt in the central chest area, shoulders, neck, arms, or jaw. Here are some common symptoms:

1. **Chest Pain or Discomfort**: This may feel like pressure, squeezing, fullness, or a sense of indigestion. The sensation usually lasts for more than a few minutes at a time.

2. **Shortness of Breath**: Some people experience shortness of breath without chest discomfort during angina attacks.

3. **Nausea and Other Gastrointestinal Symptoms**: Nausea is common with angina, along with other gastrointestinal symptoms like indigestion or stomach pain.

4. **Cold Sweats**: Sudden cold sweats can be a symptom, particularly if it occurs in conjunction with chest discomfort.

5. **Fatigue and Dizziness**: Some people may feel unusually tired or dizzy during an attack.

6. **Paleness**: Sometimes the skin around the affected area might appear pale due to blood flow reduction.

It's important to note that not everyone experiences angina with all these symptoms, and some individuals might have different patterns of symptoms. If you suspect you are experiencing angina, it is crucial to seek medical attention immediately as this can be a sign of"
What are the treatments for Dentinogenesis imperfecta ?,"How might dentinogenesis imperfecta be treated? The aims of treatment are to remove sources of infection or pain, restore aesthetics and protect posterior teeth from wear. Treatment varies according to the age of the patient, severity of the problem and the presenting complaint. Crowns, caps or other forms of dental care are the most commonly used treatments. Dentures or dental implants may be necessary if the majority of teeth are lost. More detailed information regarding the treatment of dentinogenesis imperfecta can be found by visiting the following web links: https://www.dentistry.unc.edu/dentalprofessionals/resources/defects/di/ http://www.ojrd.com/content/3/1/31","Dentinogenesis imperfecta (DI) is an inherited disorder of tooth development affecting both the enamel and dentin layers of teeth. The condition can be mild or severe, resulting in different levels of dental problems ranging from translucent white areas on the surface to severely malformed teeth.

Currently, Dentinogenesis Imperfecta has no cure. However, there are several treatments aimed at managing symptoms and improving oral health:

1. Dental Fillings: To restore any defects in tooth structure or for aesthetic purposes, dentists can use composite fillings or porcelain restorations like veneers or crowns.

2. Orthodontic Treatment: Since the teeth may be misaligned or crowded due to dental defects, orthodontics might be required to improve their appearance and functionality.

3. Dental Implants: If patients have lost one or more teeth due to DI, dental implants can replace missing teeth. These are artificial roots that support replacement teeth made from materials like metal alloys and ceramics.

4. Sealants: For children with DI, fluoride sealants applied early on can help prevent tooth decay and further damage of the teeth.

5. Regular Dental Checkups: Frequent visits to a dentist for professional cleaning and monitoring are important in managing related oral health issues caused by DI.

6. Pain Management"
How to diagnose Childhood Central Nervous System Germ Cell Tumors ?,"Imaging studies and tests are used to detect (find) and diagnose childhood CNS germ cell tumors. The following tests and procedures may be used:         -   Physical exam and history : An exam of the body to check general signs of health, including checking for signs of disease, such as lumps or anything else that seems unusual. A history of the patient's health habits and past illnesses and treatments will also be taken.     -   Neurological exam : A series of questions and tests to check the brain, spinal cord, and nerve function. The exam checks a persons mental status, coordination, and ability to walk normally, and how well the muscles, senses, and reflexes work. This may also be called a neuro exam or a neurologic exam.    -  Visual field exam: An exam to check a persons field of vision (the total area in which objects can be seen). This test measures both central vision (how much a person can see when looking straight ahead) and peripheral vision (how much a person can see in all other directions while staring straight ahead). The eyes are tested one at a time. The eye not being tested is covered.    -   MRI (magnetic resonance imaging) with gadolinium : A procedure that uses a magnet, radio waves, and a computer to make a series of detailed pictures of areas inside the brain and spinal cord. A substance called gadolinium is injected into a vein. The gadolinium collects around the cancer cells so they show up brighter in the picture. This procedure is also called nuclear magnetic resonance imaging (NMRI).     -   Lumbar puncture : A procedure used to collect cerebrospinal fluid (CSF) from the spinal column. This is done by placing a needle between two bones in the spine and into the CSF around the spinal cord and removing a sample of the fluid. The sample of CSF is checked under a microscope for signs of tumor cells. The sample may also be checked for the amounts of protein and glucose. A higher than normal amount of protein or lower than normal amount of glucose may be a sign of a tumor. This procedure is also called an LP or spinal tap.    -   Tumor marker tests : A procedure in which a sample of blood or cerebrospinal fluid (CSF) is checked to measure the amounts of certain substances released into the blood and CSF by organs, tissues, or tumor cells in the body. Certain substances are linked to specific types of cancer when found in increased levels in the blood. These are called tumor markers. The following tumor markers are used to diagnose some CNS germ cell tumors:               -  Alpha-fetoprotein (AFP).      -  Beta-human chorionic gonadotropin (-hCG).              -   Blood chemistry studies : A procedure in which a blood sample is checked to measure the amounts of certain substances released into the blood by organs and tissues in the body. An unusual (higher- or lower-than-normal) amount of a substance can be a sign of disease.    -  Blood hormone studies: A procedure in which a blood sample is checked to measure the amounts of certain hormones released into the blood by organs and tissues in the body. An unusual (higher- or lower-than-normal) amount of a substance can be a sign of disease in the organ or tissue that makes it. The blood will be checked for the levels of hormones made by the pituitary gland and other glands.
                    A biopsy may be done to be sure of the diagnosis of CNS germ cell tumor. If doctors think your child may have a CNS germ cell tumor, a biopsy may be done. For brain tumors, the biopsy is done by removing part of the skull and using a needle to remove a sample of tissue. Sometimes, a needle guided by a computer is used to remove the tissue sample. A pathologist views the tissue under a microscope to look for cancer cells. If cancer cells are found, the doctor may remove as much tumor as safely possible during the same surgery. The piece of skull is usually put back in place after the procedure.    Sometimes the diagnosis can be made based on the results of imaging and tumor marker tests and a biopsy is not needed.     The following test may be done on the sample of tissue that is removed:         -   Immunohistochemistry : A test that uses antibodies to check for certain antigens in a sample of tissue. The antibody is usually linked to a radioactive substance or a dye that causes the tissue to light up under a microscope. This type of test may be used to tell the difference between different types of brain tumors.","Diagnosing childhood central nervous system (CNS) germ cell tumors involves several steps and is typically carried out in a hospital setting by specialists, including pediatric neurosurgeons, radiologists, pathologists, and oncologists. Here are the general steps involved:

### 1. Clinical Evaluation:
   - **History and Physical Examination:** The first step usually begins with detailed interviews of both parents and children to gather information about their symptoms, medical history, and any family history.
   - **Physical Examination:** A thorough physical examination is conducted to assess neurological status, which may reveal signs or symptoms related to the tumor, such as seizures, headaches, vision problems, or behavioral changes.

### 2. Imaging Studies:
   - **MRI (Magnetic Resonance Imaging):** This is often preferred for evaluating the brain and spinal cord because of its ability to provide detailed images without exposing patients to radiation.
   - **CT Scan:** Useful when MRI isn’t available or indicated, CT scans can also be used to assess areas where tumors might have spread.
   - **PET-CT (Positron Emission Tomography combined with Computed Tomography):** This test is sometimes used to detect and locate tumors that may not show up on standard imaging tests.

###"
Is Aicardi-Goutieres syndrome inherited ?,"Aicardi-Goutieres syndrome can have different inheritance patterns. In most cases it is inherited in an autosomal recessive pattern, which means both copies of the gene in each cell have mutations. The parents of an individual with an autosomal recessive condition each carry one copy of the mutated gene, but they typically do not show signs and symptoms of the condition.  Rarely, this condition is inherited in an autosomal dominant pattern, which means one copy of the altered gene in each cell is sufficient to cause the disorder. These cases result from new mutations in the gene and occur in people with no history of the disorder in their family.","Aicardi-Goutières Syndrome is an autosomal recessive genetic disorder. This means that in order for the disease to be expressed, a child must inherit two copies of the mutated gene - one from each parent. If only one copy is passed down, the individual will typically not show symptoms but can still pass the mutation on to their offspring.

Parents who are carriers (i.e., have one normal and one mutant allele) for Aicardi-Goutières Syndrome have a 25% chance of having an affected child with each pregnancy. Additionally, they have a 50% chance of passing the normal gene, resulting in not showing any symptoms but being a carrier themselves.

It's important to note that genetic disorders can be complex and may involve additional factors such as environmental influences or other genetic conditions. If you suspect you might have this condition, it is always best to consult with a medical professional who can provide accurate information based on your specific situation."
What are the symptoms of Insulin Resistance and Prediabetes ?,"Insulin resistance and prediabetes usually have no symptoms. People may have one or both conditions for several years without knowing they have them. Even without symptoms, health care providers can identify people at high risk by their physical characteristics, also known as risk factors. The section ""Who should be tested for prediabetes?"" lists these risk factors.
                
People with a severe form of insulin resistance may have dark patches of skin, usually on the back of the neck. Sometimes people have a dark ring around their neck. Dark patches may also appear on elbows, knees, knuckles, and armpits. This condition is called acanthosis nigricans.","Insulin resistance is an underlying condition that often leads to prediabetes and diabetes. Here are some common symptoms associated with both conditions:

### Symptoms of Insulin Resistance:
1. **Increased Hunger (Hyperphagia)**: People with insulin resistance may experience increased hunger, even after eating a meal.
2. **Unexplained Weight Gain**: Despite efforts to maintain weight through diet and exercise, you might find that your body is gaining weight in the abdominal area.
3. **Fatigue**: Persistent fatigue or feeling constantly tired can be an early sign of insulin resistance.
4. **Hypoglycemia (Low Blood Sugar)**: Sometimes, individuals with insulin resistance may experience hypoglycemia, especially if they are taking medications that can interfere with blood sugar regulation.
5. **Increased Urination**: Excessive urination is a common symptom, as the body tries to eliminate excess glucose through urine.

### Symptoms of Prediabetes:
1. **Tingling or Numbness in Hands and Feet**: This is often an early sign of insulin resistance affecting peripheral nerves.
2. **Dry Mouth and Increased Thirst**: These symptoms can occur due to increased blood sugar levels, leading the body to try to re-hydrate itself by increasing thirst."
How to prevent Prostate Cancer ?,"Key Points
                    - Avoiding risk factors and increasing protective factors may help prevent cancer.    - The following risk factors may increase the risk of prostate cancer:         - Age      - Family history of prostate cancer      - Race      - Hormones     - Vitamin E     - Folic acid     - Dairy and calcium        - The following protective factors may decrease the risk of prostate cancer:         - Folate     - Finasteride and Dutasteride        - The following have been proven not to affect the risk of prostate cancer, or their effects on prostate cancer risk are not known:         -  Selenium and vitamin E     - Diet     - Multivitamins     - Lycopene        - Cancer prevention clinical trials are used to study ways to prevent cancer.    -  New ways to prevent prostate cancer are being studied in clinical trials.
                
                
                    Avoiding risk factors and increasing protective factors may help prevent cancer.
                    Avoiding cancer risk factors may help prevent certain cancers. Risk factors include smoking, being overweight, and not getting enough exercise. Increasing protective factors such as quitting smoking and exercising may also help prevent some cancers. Talk to your doctor or other health care professional about how you might lower your risk of cancer.
                
                
                    The following risk factors may increase the risk of prostate cancer:
                    Age      Prostate cancer is rare in men younger than 50 years of age. The chance of developing prostate cancer increases as men get older.       Family history of prostate cancer     A man whose father, brother, or son has had prostate cancer has a higher-than-average risk of prostate cancer.       Race     Prostate cancer occurs more often in African-American men than in white men. African-American men with prostate cancer are more likely to die from the disease than white men with prostate cancer.       Hormones    The prostate needs male hormones to work the way it should. The main male sex hormone is testosterone. Testosterone helps the body develop and maintain male sex characteristics.    Testosterone is changed into dihydrotestosterone (DHT) by an enzyme in the body. DHT is important for normal prostate growth but can also cause the prostate to get bigger and may play a part in the development of prostate cancer.       Vitamin E    The Selenium and Vitamin E Cancer Prevention Trial (SELECT) found that vitamin E taken alone increased the risk of prostate cancer. The risk continued even after the men stopped taking vitamin E.       Folic acid    Folate is a kind of vitamin B that occurs naturally in some foods, such as green vegetables, beans and orange juice. Folic acid is a man-made form of folate that is found in vitamin supplements and fortified foods, such as whole-grain breads and cereals. A 10-year study showed that the risk of prostate cancer was increased in men who took 1 milligram (mg) supplements of folic acid. However, the risk of prostate cancer was lower in men who had enough folate in their diets.       Dairy and calcium    A diet high in dairy foods and calcium may cause a small increase in the risk of prostate cancer.
                
                
                    The following protective factors may decrease the risk of prostate cancer:
                    Folate    Folate is a kind of vitamin B that occurs naturally in some foods, such as green vegetables, beans and orange juice. Folic acid is a man-made form of folate that is found in vitamin supplements and fortified foods, such as whole-grain breads and cereals. A 10-year study showed that the risk of prostate cancer was lower in men who had enough folate in their diets. However, the risk of prostate cancer was increased in men who took 1 milligram (mg) supplements of folic acid.       Finasteride and Dutasteride     Finasteride and dutasteride are drugs used to lower the amount of male sex hormones made by the body. These drugs block the enzyme that changes testosterone into dihydrotestosterone (DHT). Higher than normal levels of DHT may play a part in developing prostate cancer. Taking finasteride or dutasteride has been shown to lower the risk for prostate cancer, but it is not known if these drugs lower the risk of death from prostate cancer.    The Prostate Cancer Prevention Trial (PCPT) studied whether the drug finasteride can prevent prostate cancer in healthy men 55 years of age and older. This prevention study showed there were fewer prostate cancers in the group of men that took finasteride compared with the group of men that did not. Also, the men who took finasteride who did have prostate cancer had more aggressive tumors. The number of deaths from prostate cancer was the same in both groups. Men who took finasteride reported more side effects compared with the group of men that did not, including erectile dysfunction, loss of desire for sex, and enlarged breasts.    The Reduction by Dutasteride of Prostate Cancer Events Trial (REDUCE) studied whether the drug dutasteride can prevent prostate cancer in men aged 50 to 75 years at higher risk for the disease. This prevention study showed there were fewer prostate cancers in the group of men who took dutasteride compared with the group of men that did not. The number of less aggressive prostate cancers was lower, but the number of more aggressive prostate cancers was not. Men who took dutasteride reported more side effects than men who did not, including erectile dysfunction, loss of desire for sex, less semen, and gynecomastia (enlarged breasts).
                
                
                    The following have been proven not to affect the risk of prostate cancer, or their effects on prostate cancer risk are not known:
                    Selenium and vitamin E    The Selenium and Vitamin E Cancer Prevention Trial (SELECT) studied whether taking vitamin E and selenium (a mineral) will prevent prostate cancer. The selenium and vitamin E were taken separately or together by healthy men 55 years of age and older (50 years of age and older for African-American men). The study showed that taking selenium alone or selenium and vitamin E together did not decrease the risk of prostate cancer.       Diet    It is not known if decreasing fat or increasing fruits and vegetables in the diet helps decrease the risk of prostate cancer or death from prostate cancer. In the PCPT trial, certain fatty acids increased the risk of high-grade prostate cancer while others decreased the risk of high-grade prostate cancer.       Multivitamins    Regular use of multivitamins has not been proven to increase the risk of early or localized prostate cancer. However, a large study showed an increased risk of advanced prostate cancer among men who took multivitamins more than seven times a week.       Lycopene    Some studies have shown that a diet high in lycopene may be linked to a decreased risk of prostate cancer, but other studies have not. It has not been proven that taking lycopene supplements decreases the risk of prostate cancer.
                
                
                    Cancer prevention clinical trials are used to study ways to prevent cancer.
                    Cancer prevention clinical trials are used to study ways to lower the risk of developing certain types of cancer. Some cancer prevention trials are conducted with healthy people who have not had cancer but who have an increased risk for cancer. Other prevention trials are conducted with people who have had cancer and are trying to prevent another cancer of the same type or to lower their chance of developing a new type of cancer. Other trials are done with healthy volunteers who are not known to have any risk factors for cancer.    The purpose of some cancer prevention clinical trials is to find out whether actions people take can prevent cancer. These may include eating fruits and vegetables, exercising, quitting smoking, or taking certain medicines, vitamins, minerals, or food supplements.
                
                
                    New ways to prevent prostate cancer are being studied in clinical trials.
                    Clinical trials are taking place in many parts of the country. Information about clinical trials can be found in the Clinical Trials section of the NCI website. Check NCI's list of cancer clinical trials for prostate cancer prevention trials that are accepting patients.","Prostate cancer is the most common solid tumor in men and one of the leading causes of cancer-related deaths among them. However, early detection through regular screenings like PSA (prostate-specific antigen) tests can lead to successful treatment when caught at an early stage. Here are some preventive measures that may help reduce the risk:

1. **Regular Health Check-ups**: Regular check-ups with a healthcare provider include screening for prostate cancer through blood tests and digital rectal exams.

2. **Healthy Diet**: A healthy, balanced diet rich in fruits, vegetables, whole grains, and lean protein sources can support overall health and potentially lower the risk of many cancers including prostate cancer.

3. **Exercise Regularly**: Maintaining a healthy body weight by exercising regularly may also help reduce the risk of prostate cancer.

4. **Limit Alcohol Consumption**: Excessive alcohol consumption is associated with an increased risk of developing prostate cancer, so moderate or reducing alcohol intake can be beneficial.

5. **Avoid Smoking**: Tobacco use has been linked to many types of cancer including prostate cancer, hence quitting smoking should be a priority.

6. **Maintain Healthy Hormone Levels**: Some studies suggest that maintaining healthy testosterone levels, possibly through lifestyle modifications such as diet and exercise, might help reduce the risk of prostate cancer"
What is (are) spinal muscular atrophy with respiratory distress type 1 ?,"Spinal muscular atrophy with respiratory distress type 1 (SMARD1) is an inherited condition that causes muscle weakness and respiratory failure typically beginning in infancy. Early features of this condition are difficult and noisy breathing, especially when inhaling; a weak cry; problems feeding; and recurrent episodes of pneumonia. Typically between the ages of 6 weeks and 6 months, infants with this condition will experience a sudden inability to breathe due to paralysis of the muscle that separates the abdomen from the chest cavity (the diaphragm). Normally, the diaphragm contracts and moves downward during inhalation to allow the lungs to expand. With diaphragm paralysis, affected individuals require life-long support with a machine to help them breathe (mechanical ventilation). Rarely, children with SMARD1 develop signs or symptoms of the disorder later in childhood.  Soon after respiratory failure occurs, individuals with SMARD1 develop muscle weakness in their distal muscles. These are the muscles farther from the center of the body, such as muscles in the hands and feet. The weakness soon spreads to all muscles; however, within 2 years, the muscle weakness typically stops getting worse. Some individuals may retain a low level of muscle function, while others lose all ability to move their muscles. Muscle weakness severely impairs motor development, such as sitting, standing, and walking. Some affected children develop an abnormal side-to-side and back-to-front curvature of the spine (scoliosis and kyphosis, often called kyphoscoliosis when they occur together). After approximately the first year of life, individuals with SMARD1 may lose their deep tendon reflexes, such as the reflex being tested when a doctor taps the knee with a hammer.  Other features of SMARD1 can include reduced pain sensitivity, excessive sweating (hyperhidrosis), loss of bladder and bowel control, and an irregular heartbeat (arrhythmia).","Spinal Muscular Atrophy with Respiratory Distress Type 1 (SMSR1), also known as Survival Motor Neuron 1 Disease (SMN1 disease or SMS1), is a rare genetic disorder that affects the nervous system. It's part of a group of diseases called Spinal Muscular Atrophies (SMA). Here are some key points about SMNR1:

### Genetic Basis:
- SMSR1 results from mutations in the survival motor neuron 1 (SMN1) gene, which encodes for the protein that is crucial for maintaining healthy muscle and nerve cells.
- The disease primarily affects the lower spinal cord neurons involved in voluntary muscle control.

### Symptoms:
- **Respiratory Distress**: One of the most common symptoms is difficulty breathing due to weakened respiratory muscles. This can lead to significant health complications, including pneumonia and dependence on ventilators.
- **Muscle Weakness**: Initially, patients may experience weakness in legs or arms that progresses over time, leading to difficulties with mobility.

### Diagnosis:
- Genetic testing for mutations in the SMN1 gene is typically used to diagnose SMSR1.
- Electromyography (EMG) and muscle biopsy can also help confirm the diagnosis by identifying specific changes in muscle tissue."
Is myoclonic epilepsy with ragged-red fibers inherited ?,"MERRF is inherited in a mitochondrial pattern, which is also known as maternal inheritance. This pattern of inheritance applies to genes contained in mtDNA. Because egg cells, but not sperm cells, contribute mitochondria to the developing embryo, children can only inherit disorders resulting from mtDNA mutations from their mother. These disorders can appear in every generation of a family and can affect both males and females, but fathers do not pass traits associated with changes in mtDNA to their children.  In most cases, people with MERRF inherit an altered mitochondrial gene from their mother, who may or may not show symptoms of the disorder. Less commonly, the disorder results from a new mutation in a mitochondrial gene and occurs in people with no family history of MERRF.","Myoclonic epilepsy with ragged-red fibers (MERFF), also known as myoclonic epilepsia hamatósea, is a rare genetic disorder characterized by myoclonus and seizures. Ragged-red fibers are found in the muscle biopsies of patients with this condition.

While MERFF can be hereditary, the inheritance pattern is not straightforward and depends on the specific cause:

1. **Genetic Causes**: In some cases, it may have an autosomal dominant inheritance pattern, meaning that if a parent has the disorder, there's a 50% chance their children will inherit the condition.

2. **Familial Occurrence**: MERFF can also occur sporadically without any clear family history and is considered to be of multifactorial origin rather than strictly genetic in many cases.

3. **Genetic Testing**: Genetic testing may be used to confirm a diagnosis, but it often does not identify the exact mutation responsible for the condition. In some individuals with MERFF, no identifiable genetic cause has been found.

4. **Risk Factors**: The risk of developing MERFF appears to increase in families where other forms of epilepsy are present and in families that have already experienced cases of myoclonic seizures.

In summary, while my"
What is (are) MYH-associated polyposis ?,"MYH-associated polyposis is an inherited condition characterized by the development of multiple adenomatous colon polyps and an increased risk of colorectal cancer. This condition, a milder form of familial adenomatous polyposis (FAP), is sometimes called autosomal recessive familial adenomatous polyposis because it is inherited in an autosomal recessive manner. People with this condition have fewer polyps than those with the classic type of FAP; fewer than 100 polyps typically develop, rather than hundreds or thousands. They may also be at increased risk for upper gastrointestinal polyps. MYH-associated polyposis is caused by mutations in the MYH gene.","MYH-associated polyposis, also known as MYH-related polyposis or Familial adenomatous polyposis with MYH mutation, is a rare gastrointestinal disorder that affects the colon and rectum. It results from mutations in the MYH gene, which is involved in DNA repair processes.

Key points about MYH-associated polyposis include:

1. **Genetic Basis**: The condition is caused by mutations in the MYH (myotubularin) gene. This gene is not directly related to colorectal cancer like the well-known APC gene mutation in Familial Adenomatous Polyposis (FAP), but it can lead to similar clinical manifestations.

2. **Clinical Presentation**: Like other forms of FAP, individuals with MYH-associated polyposis typically develop numerous polyps throughout their colon and rectum. These polyps often begin to appear during childhood or adolescence and significantly increase the risk of developing colorectal cancer later in life.

3. **Inheritance Pattern**: This condition follows an autosomal dominant inheritance pattern, meaning that one parent needs only pass on the mutated gene for a child to inherit the condition.

4. **Management**: Treatment involves frequent colonoscopies starting from early childhood and often includes prophylactic colectomy"
What is (are) methylmalonic acidemia with homocystinuria ?,"Methylmalonic acidemia with homocystinuria is an inherited disorder in which the body is unable to properly process protein building blocks (amino acids), certain fats (lipids), and a waxy fat-like substance called cholesterol. Individuals with this disorder have a combination of features from two separate conditions, methylmalonic acidemia and homocystinuria. The signs and symptoms of the combined condition, methylmalonic acidemia with homocystinuria, usually develop in infancy, although they can begin at any age.  When the condition begins early in life, affected individuals typically have an inability to grow and gain weight at the expected rate (failure to thrive), which is sometimes recognized before birth (intrauterine growth retardation). These infants can also have difficulty feeding and an abnormally pale appearance (pallor). Neurological problems are also common in methylmalonic acidemia with homocystinuria, including weak muscle tone (hypotonia) and seizures. Most infants and children with this condition have an unusually small head size (microcephaly), delayed development, and intellectual disability. Less common features of the condition include eye problems and a blood disorder called megaloblastic anemia. Megaloblastic anemia occurs when a person has a low number of red blood cells (anemia), and the remaining red blood cells are larger than normal (megaloblastic). The signs and symptoms of methylmalonic acidemia with homocystinuria worsen over time, and the condition can be life-threatening if not treated.  When methylmalonic acidemia with homocystinuria begins in adolescence or adulthood, the signs and symptoms usually include psychiatric changes and cognitive problems. Affected individuals can exhibit changes in their behavior and personality; they may become less social and may experience hallucinations, delirium, and psychosis. In addition, these individuals can begin to lose previously acquired mental and movement abilities, resulting in a decline in school or work performance, difficulty controlling movements, memory problems, speech difficulties, a decline in intellectual function (dementia), or an extreme lack of energy (lethargy). Some people with methylmalonic acidemia with homocystinuria whose signs and symptoms begin later in life develop a condition called subacute combined degeneration of the spinal cord, which leads to numbness and weakness in the lower limbs, difficulty walking, and frequent falls.","Methylmalonic Acidemia and Homocystinuria are two distinct genetic metabolic disorders that can be associated in some cases, but they affect different pathways in the body and have separate causes. Let me explain each of them individually:

### Methylmalonic Acidemia (MMA)
Methylmalonic acidemia is a rare inherited disorder resulting from mutations affecting metabolism. Specifically:
- **Cause**: Defects in enzymes that break down certain fatty acids, leading to accumulation of methylmalonic acid and other metabolites.
- **Symptoms**: Severe metabolic crisis often seen in infants and young children, including feeding difficulties, poor muscle tone (hypotonia), vomiting, seizures, hyperactivity, and developmental delays. Can also result in kidney failure, liver damage, or heart problems.
- **Treatment**: Typically requires dietary restrictions, vitamin supplementation (especially B12 and folate), and sometimes medication to manage symptoms.

### Homocystinuria
Homocystinuria is a metabolic disorder characterized by the accumulation of homocysteine due to:
- **Cause**: Deficiency or enzymatic defect in one of several enzymes involved in the metabolism of folic acid, vitamin B12, and vitamin B6. Commonly associated with mutations affecting"
Is 3-beta-hydroxysteroid dehydrogenase deficiency inherited ?,"This condition is inherited in an autosomal recessive pattern, which means both copies of the gene in each cell have mutations. The parents of an individual with an autosomal recessive condition each carry one copy of the mutated gene, but they typically do not show signs and symptoms of the condition.","Yes, 3-Beta-Hydroxysteroid Dehydrogenase Deficiency (3βHSDD) is an inherited condition. It is caused by mutations in the HSD3B2 gene, which leads to a defect in the enzyme 3-betahydroxysteroid dehydrogenase. This enzymatic deficiency causes problems with steroid hormone metabolism.

Steroid hormones include important regulatory molecules such as cortisol and aldosterone. When there is a dysfunction in the pathway responsible for breaking down these hormones (the function of 3βHSD), it can lead to various symptoms depending on which the extent of enzyme impairment, hormonal imbalances, and secondary effects of those imbalances.

Given that this condition arises from genetic mutations affecting gene expression or protein structure, its inheritance pattern is usually autosomal recessive. This means a child typically needs to inherit two copies of the mutated gene, one from each parent who are likely carriers themselves (not necessarily symptomatic), for them to develop the disease.

However, it's important to note that individual cases can vary based on genetic factors and environmental influences, so consulting with healthcare professionals is essential for accurate diagnosis and management."
What is (are) Porphyria ?,"Heme is a red pigment composed of iron linked to a chemical called protoporphyrin. Heme has important functions in the body. The largest amounts of heme are in the form of hemoglobin, found in red blood cells and bone marrow. Hemoglobin carries oxygen from the lungs to all parts of the body. In the liver, heme is a component of proteins that break down hormones, medications, and other chemicals and keep liver cells functioning normally. Heme is an important part of nearly every cell in the body.","Porphyrias refer to a group of inherited metabolic disorders characterized by abnormal accumulation of toxic substances in the blood and tissues due to defects in specific enzymes involved in heme biosynthesis, which is a crucial process for the production of hemoglobin.

The primary symptoms of porphyrias can vary depending on the type, but they often include:

1. **Neurological Symptoms**: These may include abdominal pain (colic-like pain), neurological issues such as weakness or paralysis of certain muscles (called acute intermittent porphyria), and mental health problems like anxiety, depression, hallucinations, and psychosis.
2. **Skin Problems**: Some forms can cause skin damage, leading to photosensitivity - an increased sensitivity to sunlight.

There are several types of porphyrias based on the specific enzyme deficiency:

1. **Acute Porphyria**: This includes Acute Intermittent Porphyria (AIP), Erythropoietic Protoporphyria (EPP), and Hereditary Coproporphyria (HCP).
2. **Cutaneous Porphyrias**: Including Cutanea Tarda, Hereditary Coproporphyria (HCP), and Erythropoietic Protoporphyria (EPP).
3. **P"
What is (are) warfarin resistance ?,"Warfarin resistance is a condition in which individuals have a high tolerance for the drug warfarin. Warfarin is an anticoagulant, which means that it thins the blood, preventing blood clots from forming. Warfarin is often prescribed to prevent blood clots in people with heart valve disease who have replacement heart valves, people with an irregular heart beat (atrial fibrillation), or those with a history of heart attack, stroke, or a prior blood clot in the deep veins of the arms or legs (deep vein thrombosis).  There are two types of warfarin resistance: incomplete and complete. Those with incomplete warfarin resistance can achieve the benefits of warfarin treatment with a high dose of warfarin. Individuals with complete warfarin resistance do not respond to warfarin treatment, no matter how high the dose. If people with warfarin resistance require treatment with warfarin and take the average dose, they will remain at risk of developing a potentially harmful blood clot.  Both types of warfarin resistance are related to how the body processes warfarin. In some people with warfarin resistance, their blood clotting process does not react effectively to the drug. Others with this resistance rapidly break down (metabolize) warfarin, so the medication is quickly processed by their bodies; these individuals are classified as ""fast metabolizers"" or ""rapid metabolizers"" of warfarin. The severity of these abnormal processes determines whether the warfarin resistance is complete or incomplete.  Warfarin resistance does not appear to cause any health problems other than those associated with warfarin drug treatment.","Warfarin resistance refers to situations where the effectiveness of the anticoagulant warfarin may be reduced or ineffective in patients taking it. This can lead to an increased risk of blood clots in individuals using warfarin for treatment, as the drug's ability to prevent clot formation is compromised.

There are several factors that can contribute to warfarin resistance:

1. **Genetic Factors**: Variations in certain genes can affect how the body processes warfarin. For example, CYP2C9 and VKORC1 gene variations can influence a person's response to warfarin.
   
2. **Dietary Factors**: Certain foods and supplements can interact with warfarin, affecting its efficacy. Examples include vitamin K-rich leafy greens (e.g., broccoli, kale) and some herbs.

3. **Medical Conditions**: Some conditions like kidney or liver dysfunction may affect how the body metabolizes warfarin, leading to resistance.
   
4. **Medication Interactions**: Other drugs that interact with warfarin can alter its effectiveness in controlling blood clotting times.

5. **Dose Adjustment Needs**: Individual patients need personalized dosing adjustments due to varying degrees of response or tolerance to warfarin's effects.

Understanding and managing these"
What are the genetic changes related to dentinogenesis imperfecta ?,"Mutations in the DSPP gene have been identified in people with dentinogenesis imperfecta type II and type III. Mutations in this gene are also responsible for dentin dysplasia type II. Dentinogenesis imperfecta type I occurs as part of osteogenesis imperfecta, which is caused by mutations in one of several other genes (most often the COL1A1 or COL1A2 genes).  The DSPP gene provides instructions for making two proteins that are essential for normal tooth development. These proteins are involved in the formation of dentin, which is a bone-like substance that makes up the protective middle layer of each tooth. DSPP gene mutations alter the proteins made from the gene, leading to the production of abnormally soft dentin. Teeth with defective dentin are discolored, weak, and more likely to decay and break. It is unclear whether DSPP gene mutations are related to the hearing loss found in a few older individuals with dentinogenesis imperfecta type II.","Dentinogenesis Imperfecta (DI) is a congenital disorder that affects tooth development and leads to defective dentine formation in the teeth. This condition can be inherited in an autosomal dominant, autosomal recessive or X-linked manner, depending on the type of DI.

### Types of Dentinogenesis Imperfecta
1. **Type I (Hereditary):** Autosomal dominant inheritance.
2. **Type II and Type III (Non-hereditary):** Can be inherited in an autosomal dominant or sporadic form.

### Genetic Changes Related to Dentinogenesis Imperfecta

#### 1. Mutations in the COL3A1 Gene
The most common type of DI, known as hereditary dentinogenesis imperfecta (HDI), is caused by mutations in the **COL3A1** gene. This gene provides instructions for producing a protein called Type I collagen (Col(I)). The mutation leads to abnormal formation and processing of this collagen precursor.

#### 2. Mutations in Other Genes
Other types of DI, such as those that are not inherited (sporadic forms), can be due to mutations in other genes involved in dentine development. For instance:
- **Type II Dentinogenesis Imperfecta (DI"
What are the symptoms of 18 Hydroxylase deficiency ?,"What are the signs and symptoms of 18 Hydroxylase deficiency? The Human Phenotype Ontology provides the following list of signs and symptoms for 18 Hydroxylase deficiency. If the information is available, the table below includes how often the symptom is seen in people with this condition. You can use the MedlinePlus Medical Dictionary to look up the definitions for these medical terms. Signs and Symptoms Approximate number of patients (when available) Autosomal recessive inheritance - Decreased circulating aldosterone level - Dehydration - Episodic fever - Failure to thrive - Feeding difficulties in infancy - Growth delay - Hyperkalemia - Hyponatremia - Hypotension - Increased circulating renin level - Neonatal onset - Renal salt wasting - Vomiting - The Human Phenotype Ontology (HPO) has collected information on how often a sign or symptom occurs in a condition. Much of this information comes from Orphanet, a European rare disease database. The frequency of a sign or symptom is usually listed as a rough estimate of the percentage of patients who have that feature. The frequency may also be listed as a fraction. The first number of the fraction is how many people had the symptom, and the second number is the total number of people who were examined in one study. For example, a frequency of 25/25 means that in a study of 25 people all patients were found to have that symptom. Because these frequencies are based on a specific study, the fractions may be different if another group of patients are examined. Sometimes, no information on frequency is available. In these cases, the sign or symptom may be rare or common.","18-hydroxylase deficiency is a rare genetic disorder that primarily affects sex hormone production in the body. Here are some common symptoms associated with this condition:

1. **Severe Female Infertility**: One of the most prominent and characteristic symptoms is an inability to conceive, also known as infertility.

2. **Gynecomastia**: An abnormal enlargement of breast tissue in males can occur early in life, often around puberty or shortly after birth.

3. **Impaired Developmental Processes**: This condition can lead to delayed onset of secondary sexual characteristics during puberty and affect the development process for both males and females.

4. **Increased Risk of Hormone-Dependent Malignancies**: Individuals with this deficiency might have an increased risk of hormone-dependent cancers such as breast cancer, although this is not universal and varies from person to person.

5. **Low Levels of Sex Steroids**: A significant decrease in levels of sex hormones like testosterone (in males) or estrogens (in females), which can affect sexual development and reproductive function.

6. **Other Potential Symptoms**: Some individuals with 18-hydroxylase deficiency may also experience psychological symptoms such as mood swings, irritability, or fatigue due to hormonal imbalances.

It is important to note"
What is (are) Nonalcoholic steatohepatitis ?,"Nonalcoholic steatohepatitis, or NASH, is a common, often silent liver disease. It resembles alcoholic liver disease, but occurs in people who drink little or no alcohol. The major feature in NASH is fat in the liver, along with inflammation and damage. Most people with NASH feel well and are not aware that they have a liver problem. Nevertheless, NASH can be severe and can lead to cirrhosis, in which the liver is permanently damaged and scarred and no longer able to work properly. NASH most often occurs in people who are middle aged and overweight or obese. Affected individuals may also have elevated levels of blood lipids (such as cholesterol and triglycerides) and many have diabetes or prediabetes. Treatment is centered around working towards a healthy lifestyle, including weight reduction, dietary modification, increased activity and avoidance of alcohol and unnecessary medications. The underlying cause of NASH remains unclear.","Nonalcoholic steatohepatitis, often abbreviated as NASH, is a type of liver disease that involves inflammation and injury to the liver cells. It primarily affects individuals who consume little or no alcohol but have other risk factors for fatty liver disease.

Key points about NASH:

1. **Definition**: NASH is characterized by the accumulation of fat in liver cells (steatosis) accompanied by inflammation, damage to liver cells (hepatitis), and fibrosis (scarring).

2. **Risk Factors**:
   - Obesity
   - Type 2 diabetes
   - High triglycerides levels
   - Low HDL cholesterol (""good"" cholesterol)
   - High blood pressure

3. **Symptoms**: Many individuals with NASH do not experience any symptoms, making it often undiagnosed.

4. **Progression**: Left untreated, NASH can progress to more severe forms of liver disease such as cirrhosis, where scar tissue replaces healthy liver cells and impairs the liver's ability to function properly. In some cases, this could lead to liver failure or cancer.

5. **Diagnosis**: Typically diagnosed through imaging techniques like ultrasound, CT scans, or MRI, along with blood tests, and in more advanced stages, a"
What are the genetic changes related to cystinuria ?,"Mutations in the SLC3A1 or SLC7A9 gene cause cystinuria. The SLC3A1 and SLC7A9 genes provide instructions for making the two parts (subunits) of a protein complex that is primarily found in the kidneys. Normally this protein complex controls the reabsorption of certain amino acids, including cystine, into the blood from the filtered fluid that will become urine. Mutations in either the SLC3A1 gene or SLC7A9 gene disrupt the ability of the protein complex to reabsorb amino acids, which causes the amino acids to become concentrated in the urine. As the levels of cystine in the urine increase, the crystals typical of cystinuria form. The other amino acids that are reabsorbed by the protein complex do not create crystals when they accumulate in the urine.","Cystinuria is an inherited disorder that affects how your body handles cystine, lysine and other acidic amino acids. It is caused by mutations in the SLC17A1 gene, which encodes a specific protein called the cystinosin or cystin transporter.

The primary genetic change related to cystinuria involves a mutation in the SLC17A1 gene that leads to defective transport of cystine across cell membranes. Specifically, this defect results in excessive accumulation of cystine and other acidic amino acids in various organs such as the kidneys, leading to their excretion in urine.

The most common form of cystinuria is caused by a mutation where a single glutamine (Q) residue at codon 212 of the SLC17A1 protein changes to an arginine (R). This change leads to insufficient transport of cystine into cells, causing it to accumulate in bodily fluids.

Other less common mutations may involve other amino acids such as serine (S), phenylalanine (F), leucine (L), or threonine (T) at position 212. These mutations result in similar defective transport mechanisms but with varying degrees of severity and frequency.

Understanding these genetic changes is crucial for diagnosing"
What are the symptoms of Charcot-Marie-Tooth disease type 1F ?,"What are the signs and symptoms of Charcot-Marie-Tooth disease type 1F? The Human Phenotype Ontology provides the following list of signs and symptoms for Charcot-Marie-Tooth disease type 1F. If the information is available, the table below includes how often the symptom is seen in people with this condition. You can use the MedlinePlus Medical Dictionary to look up the definitions for these medical terms. Signs and Symptoms Approximate number of patients (when available) Areflexia - Autosomal dominant inheritance - Autosomal recessive inheritance - Clusters of axonal regeneration - Decreased motor nerve conduction velocity - Decreased number of peripheral myelinated nerve fibers - Distal amyotrophy - Distal muscle weakness - Distal sensory impairment - Hyporeflexia - Juvenile onset - Motor delay - Myelin outfoldings - Onion bulb formation - Pes cavus - Segmental peripheral demyelination/remyelination - Variable expressivity - The Human Phenotype Ontology (HPO) has collected information on how often a sign or symptom occurs in a condition. Much of this information comes from Orphanet, a European rare disease database. The frequency of a sign or symptom is usually listed as a rough estimate of the percentage of patients who have that feature. The frequency may also be listed as a fraction. The first number of the fraction is how many people had the symptom, and the second number is the total number of people who were examined in one study. For example, a frequency of 25/25 means that in a study of 25 people all patients were found to have that symptom. Because these frequencies are based on a specific study, the fractions may be different if another group of patients are examined. Sometimes, no information on frequency is available. In these cases, the sign or symptom may be rare or common.","Charcot-Marie-Tooth (CMT) disease is a genetic disorder that affects the peripheral nerves, which carry sensory and motor information from the brain to the muscles for movement and from the skin to the brain. CMT can present as either a hereditary sensorimotor neuropathy or an axonal sensorimotor neuropathy, depending on the type.

CMT Disease Type 1F is not commonly recognized in medical literature. However, I'll explain what typically occurs with types of CMT disease that are known to exist:

### Common Types of Charcot-Marie-Tooth Disease

**Type 1 (CMT1):**
- **Symptoms:** 
    - Weakness and wasting of muscles in the legs
    - Foot deformities such as high arches, hammer toes, or clubfoot
    - Decreased sensation to vibration and temperature in the feet
    - High-frequency hearing loss

**Type 2 (CMT2):**
- **Symptoms:** 
    - Weakness and wasting of muscles in the hands and forearms
    - Foot deformities such as high arches, hammer toes, or clubfoot
    - Decreased sensation to vibration and temperature in the feet
    - Hearing loss

**Type 3"
How to diagnose Parasites - Schistosomiasis ?,"Stool or urine samples can be examined microscopically for parasite eggs (stool for S. mansoni or S. japonicum eggs and urine for S. haematobium eggs). The eggs tend to be passed intermittently and in small amounts and may not be detected, so it may be necessary to perform a blood (serologic) test.
    
More on: Resources for Health Professionals: Diagnosis","Diagnosing schistosomiasis (also known as bilharzia or snail fever) typically involves several steps and tests. It's important to consult with a healthcare professional for proper diagnosis, as treatment is crucial to prevent severe health problems. Here’s an overview of the general process:

### 1. History and Physical Examination
- **History**: Your healthcare provider will ask about your medical history, recent travel locations, and activities like swimming or working in freshwater areas.
- **Physical Examination**: They may check for common signs such as rash around the waist area, liver swelling, abdominal pain, and bloodshot eyes.

### 2. Diagnostic Tests
#### Blood Tests:
- **Schistosome Antigen (SAG) Test**: This is an antigen-based test that detects antibodies produced in response to schistosome antigens.
- **Antigen Detection by ELISA or Immunochromatographic Test**: These tests can detect circulating antigens, which are released into the blood after schistosomes die.

#### Urine Tests:
- **Schistosome Nucleic Acid (SNAs) Assay**: This test detects DNA of Schistosoma parasites in urine samples. It is particularly useful for diagnosing chronic infections and for monitoring treatment efficacy."
What is (are) glycogen storage disease type IX ?,"Glycogen storage disease type IX (also known as GSD IX) is a condition caused by the inability to break down a complex sugar called glycogen. The different forms of the condition can affect glycogen breakdown in liver cells or muscle cells or sometimes both. A lack of glycogen breakdown interferes with the normal function of the affected tissue.  When GSD IX affects the liver, the signs and symptoms typically begin in early childhood. The initial features are usually an enlarged liver (hepatomegaly) and slow growth. Affected children are often shorter than normal. During prolonged periods without food (fasting), affected individuals may have low blood sugar (hypoglycemia) or elevated levels of ketones in the blood (ketosis). Ketones are molecules produced during the breakdown of fats, which occurs when stored sugars are unavailable. Affected children may have delayed development of motor skills, such as sitting, standing, or walking, and some have mild muscle weakness. Puberty is delayed in some adolescents with GSD IX. In the form of the condition that affects the liver, the signs and symptoms usually improve with age. Typically, individuals catch up developmentally, and adults reach normal height. However, some affected individuals have a buildup of scar tissue (fibrosis) in the liver, which can rarely progress to irreversible liver disease (cirrhosis).  GSD IX can affect muscle tissue, although this form of the condition is very rare and not well understood. The features of this form of the condition can appear anytime from childhood to adulthood. Affected individuals may experience fatigue, muscle pain, and cramps, especially during exercise (exercise intolerance). Most affected individuals have muscle weakness that worsens over time. GSD IX can cause myoglobinuria, which occurs when muscle tissue breaks down abnormally and releases a protein called myoglobin that is excreted in the urine. Myoglobinuria can cause the urine to be red or brown.  In a small number of people with GSD IX, the liver and muscles are both affected. These individuals develop a combination of the features described above, although the muscle problems are usually mild.","Glycogen storage diseases (GSDs) are a group of inherited metabolic disorders characterized by problems in how the body turns starches into energy. Type IX specifically refers to GSD IX, also known as hepatic glycogenosis or hypoglycinemia with hyperlipidemia.

### Key Points About GSD IX:

1. **Causes:**
   - GSD IX is caused by a deficiency of alpha-2-glucosidase (GAA), an enzyme that breaks down large polymers, like glycogen.
   
2. **Symptoms:**

   People with type IX often have milder symptoms compared to other types of GSDs. Common signs include:

   - **Mild Hepatic Glycogen Storage:** The liver stores less glycogen than normal due to the deficiency in alpha-2-glucosidase.
   
   - **Hypoglycemia (Low Blood Sugar):** This is a common symptom that can occur throughout life, especially after fasting or prolonged exertion.
   
   - **Hyperlipidemia (High Lipids in the Blood):** Specifically, hypertriglyceridemia (high levels of triglycerides).
   
3. **Diagnosis:**
   - GSD"
What is (are) C3 glomerulopathy ?,"C3 glomerulopathy is a group of related conditions that cause the kidneys to malfunction. The major features of C3 glomerulopathy include high levels of protein in the urine (proteinuria), blood in the urine (hematuria), reduced amounts of urine, low levels of protein in the blood, and swelling in many areas of the body. Affected individuals may have particularly low levels of a protein called complement component 3 (or C3) in the blood.  The kidney problems associated with C3 glomerulopathy tend to worsen over time. About half of affected individuals develop end-stage renal disease (ESRD) within 10 years after their diagnosis. ESRD is a life-threatening condition that prevents the kidneys from filtering fluids and waste products from the body effectively.  Researchers have identified two major forms of C3 glomerulopathy: dense deposit disease and C3 glomerulonephritis. Although the two disorders cause similar kidney problems, the features of dense deposit disease tend to appear earlier than those of C3 glomerulonephritis, usually in adolescence. However, the signs and symptoms of either disease may not begin until adulthood.  One of the two forms of C3 glomerulopathy, dense deposit disease, can also be associated with other conditions unrelated to kidney function. For example, people with dense deposit disease may have acquired partial lipodystrophy, a condition characterized by a lack of fatty (adipose) tissue under the skin in the upper part of the body. Additionally, some people with dense deposit disease develop a buildup of yellowish deposits called drusen in the light-sensitive tissue at the back of the eye (the retina). These deposits usually appear in childhood or adolescence and can cause vision problems later in life.","C3 glomerulopathy refers to a group of renal diseases characterized by the presence or absence of immune deposits in the kidneys that affect complement system activation, particularly with regard to the component C3.

The term ""C3"" comes from its association with the alternative pathway of the classical complement cascade, where C3 is cleaved into fragments (C3a and C3b). In glomerulonephritis or kidney inflammation, if there are immune deposits involving C3, it can lead to activation of the complement system via this pathway. This can result in damage to the kidneys' filters (glomeruli), leading to various clinical manifestations such as proteinuria (protein in urine) and sometimes hypertension.

C3 glomerulopathy falls under a broader category known as ""neonatal-onset multifocal glomerulosclerosis"" or NOMG. It typically affects infants but can also occur later in life, often associated with autoimmune conditions. This condition is characterized by the formation of scar tissue within the kidney's filtering units (glomeruli), which can lead to progressive decline in kidney function.

It's important to note that while C3 glomerulopathy is a recognized entity, specific subtypes or more precise classifications within this category might be subject to ongoing research and clinical"
How many people are affected by focal dermal hypoplasia ?,"Focal dermal hypoplasia appears to be a rare condition, although its exact prevalence is unknown.","Focal Dermal Hypoplasia is a rare genetic disorder that affects fewer than 1 in 200,000 individuals worldwide. It primarily impacts the development of the skin and sometimes other parts of the body. The exact number of people affected by this condition cannot be precisely determined due to its rarity and complexity.

It's also important to note that while the overall prevalence is very low, individual cases can vary widely in terms of symptoms and severity. If you are specifically interested in a particular region or demographic group, further research would be necessary to estimate numbers accurately within those contexts."
How to diagnose Primary Hyperparathyroidism ?,"Health care providers diagnose primary hyperparathyroidism when a person has high blood calcium and PTH levels. High blood calcium is usually the first sign that leads health care providers to suspect parathyroid gland overactivity. Other diseases can cause high blood calcium levels, but only in primary hyperparathyroidism is the elevated calcium the result of too much PTH.
                
Routine blood tests that screen for a wide range of conditions, including high blood calcium levels, are helping health care providers diagnose primary hyperparathyroidism in people who have mild forms of the disorder and are symptom-free. For a blood test, blood is drawn at a health care providers office or commercial facility and sent to a lab for analysis.","Diagnosing primary hyperparathyroidism (PHP) typically involves several steps and considerations. Here’s an overview of how it is usually diagnosed:

### 1. Clinical Evaluation
- **Symptoms**: PHP can present with a variety of symptoms, including fatigue, joint pain, depression, or no apparent symptoms at all.
- **Risk Factors**: History of kidney stones, osteoporosis, family history, previous cancer, and certain medications.

### 2. Laboratory Tests
#### - **Serum Calcium Levels**
   - Elevated serum calcium levels are a hallmark of primary hyperparathyroidism (PHP). Normal serum calcium levels do not exclude PHP.
  
#### - **Serum Phosphate Levels**
   - Usually low due to the body’s increased need for phosphate to counteract higher calcium levels.

#### - **Parathyroid Hormone (PTH) Levels**
   - Elevated PTH levels (>5.0 ng/mL or equivalent units in your lab) are strongly indicative of PHP.
   
#### - **Serum Magnesium and Vitamin D Levels**
   - Low magnesium levels and low vitamin D can also be seen, especially if the hyperparathyroidism is severe.

### 3. Imaging
- **X-rays**: Can show signs of bone involvement"
What are the treatments for arginine:glycine amidinotransferase deficiency ?,These resources address the diagnosis or management of arginine:glycine amidinotransferase deficiency:  - Gene Review: Gene Review: Creatine Deficiency Syndromes  - Genetic Testing Registry: Arginine:glycine amidinotransferase deficiency   These resources from MedlinePlus offer information about the diagnosis and management of various health conditions:  - Diagnostic Tests  - Drug Therapy  - Surgery and Rehabilitation  - Genetic Counseling   - Palliative Care,"Arginine:glycine amidinotransferase (AGAT) deficiency is an extremely rare genetic disorder that affects the breakdown of various nitrogen-containing molecules in the body. This condition can lead to a buildup of certain compounds, causing health issues such as seizures and developmental delays.

Currently, there are no specific treatments for AGAT deficiency. Management involves addressing symptoms and complications:

1. **Supportive Care**: Managing seizures with anti-epileptic drugs (AEDs) like valproate or lamotrigine.
2. **Nutritional Support**: Ensuring proper nutrition is essential to prevent malnutrition, which can exacerbate symptoms.

3. **Monitoring and Management of Complications**: Regular monitoring for developmental delays, hearing loss, and other complications associated with the condition.

4. **Research Ongoing**: Research into AGAT deficiency is ongoing, and new treatments are being explored or discovered through genetic research and clinical trials. For example:
   - Gene therapy: Researchers are exploring gene replacement therapies to potentially correct the underlying genetic defect.
   - Enzyme replacement therapy: Similar to what has been successful in treating other lysosomal storage diseases.
   - Pharmacological interventions for specific symptoms, such as anticonvulsants or medications targeting metabolic imbalances.

5"
What is (are) High Blood Cholesterol ?,"You cannot control - heredity. High blood cholesterol can run in families.  - age. As we get older, our cholesterol levels rise.  - sex. Before menopause, women tend to have lower total cholesterol levels than men of the same age. After menopause, women's LDL (bad) cholesterol levels tend to increase. heredity. High blood cholesterol can run in families. age. As we get older, our cholesterol levels rise. sex. Before menopause, women tend to have lower total cholesterol levels than men of the same age. After menopause, women's LDL (bad) cholesterol levels tend to increase.","High blood cholesterol refers to having levels of cholesterol in the bloodstream that are considered too high or above normal ranges. Cholesterol is an essential substance that plays important roles in many bodily functions, such as producing hormones and vitamin D. However, when there's too much cholesterol in the blood, it can lead to various health problems.

There are two main types of cholesterol:

1. **Low-Density Density (LDL):** Often referred to as ""bad"" cholesterol because high levels have been linked with an increased risk of cardiovascular diseases like heart attacks and strokes.
2. **High-Density Lipoprotein (HDL):** Known as ""good"" cholesterol, as its higher levels can help protect against heart disease by removing excess LDL from the bloodstream.

When someone has high blood cholesterol, their total cholesterol level is often above 200 mg/dL (milligrams per deciliter) or their LDL cholesterol exceeds about 130 mg/dL. High HDL levels are generally considered a benefit and can be as low as 40 mg/dL.

High blood cholesterol typically has no symptoms, which is why regular medical check-ups are important for monitoring your cholesterol levels. It's often caused by genetic factors or lifestyle choices such as diet, lack of exercise"
Is Townes-Brocks syndrome inherited ?,"Is Townes-Brocks syndrome genetic? Yes. Townes-Brocks syndrome is inherited in an autosomal dominant fashion, which means that one copy of the altered gene in each cell is sufficient to cause the disorder. In about 50% of cases, an affected person inherits the mutation from an affected parent. The other 50% have the condition as a result of a new (de novo) mutation.","Townes-Brocks syndrome is a genetic disorder caused by mutations in the ZRS-LEF1 gene on chromosome 3q26. It is an autosomal dominant condition, which means it can be passed down from parents to their children with certain probabilities.

Here are some key points about its inheritance pattern:

1. **Autosomal Dominant**: Townes-Brocks syndrome follows an autosomal dominant inheritance pattern. This means that if one parent carries a mutation in the ZRS-LEF1 gene (whether they have symptoms or not), there is a 50% chance of passing this genetic mutation to their child.

2. **Incomplete Penetrance and Variable Expression**: The condition can sometimes occur even when only one copy of the mutated gene is present, though it may be less severe in some cases compared to individuals with two copies of the mutated gene (heterozygous).

3. **No Involvement from Parents**: Since Townes-Brocks syndrome results from mutations in a single gene, it does not follow an X-linked inheritance pattern and neither parent typically has the condition even if they carry the mutation.

4. **Risk to Siblings and Other Family Members**: If one of the child's parents is affected, each sibling generally"
What are the stages of Gastrointestinal Carcinoid Tumors ?,"Key Points
                    - After a gastrointestinal carcinoid tumor has been diagnosed, tests are done to find out if cancer cells have spread within the stomach and intestines or to other parts of the body.     - There are three ways that cancer spreads in the body.    - Cancer may spread from where it began to other parts of the body.    - The plan for cancer treatment depends on where the carcinoid tumor is found and whether it can be removed by surgery.
                
                
                    After a gastrointestinal carcinoid tumor has been diagnosed, tests are done to find out if cancer cells have spread within the stomach and intestines or to other parts of the body.
                    Staging is the process used to find out how far the cancer has spread. The information gathered from the staging process determines the stage of the disease. The results of tests and procedures used to diagnose gastrointestinal (GI) carcinoid tumors may also be used for staging. See the General Information section for a description of these tests and procedures. A bone scan may be done to check if there are rapidly dividing cells, such as cancer cells, in the bone. A very small amount of radioactive material is injected into a vein and travels through the bloodstream. The radioactive material collects in the bones and is detected by a scanner.
                
                
                    There are three ways that cancer spreads in the body.
                    Cancer can spread through tissue, the lymph system, and the blood:         - Tissue. The cancer spreads from where it began by growing into nearby areas.     - Lymph system. The cancer spreads from where it began by getting into the lymph system. The cancer travels through the lymph vessels to other parts of the body.     - Blood. The cancer spreads from where it began by getting into the blood. The cancer travels through the blood vessels to other parts of the body.
                
                
                    Cancer may spread from where it began to other parts of the body.
                    When cancer spreads to another part of the body, it is called metastasis. Cancer cells break away from where they began (the primary tumor) and travel through the lymph system or blood.         - Lymph system. The cancer gets into the lymph system, travels through the lymph vessels, and forms a tumor (metastatic tumor) in another part of the body.    - Blood. The cancer gets into the blood, travels through the blood vessels, and forms a tumor (metastatic tumor) in another part of the body.        The metastatic tumor is the same type of tumor as the primary tumor. For example, if a gastrointestinal (GI) carcinoid tumor spreads to the liver, the tumor cells in the liver are actually GI carcinoid tumor cells. The disease is metastatic GI carcinoid tumor, not liver cancer.
                
                
                    The plan for cancer treatment depends on where the carcinoid tumor is found and whether it can be removed by surgery.
                    For many cancers it is important to know the stage of the cancer in order to plan treatment. However, the treatment of gastrointestinal carcinoid tumors is not based on the stage of the cancer. Treatment depends mainly on whether the tumor can be removed by surgery and if the tumor has spread.   Treatment is based on whether the tumor:         - Can be completely removed by surgery.    - Has spread to other parts of the body.    - Has come back after treatment. The tumor may come back in the stomach or intestines or in other parts of the body.    - Has not gotten better with treatment.","Gastrointestinal carcinoids (or gastrointestinal stromal tumors) are a group of neuroendocrine tumors that can occur anywhere along the digestive tract from the mouth to the anus. These tumors have various growth characteristics and can be classified into different stages based on their biological behavior, including whether they have spread beyond the original site or not.

The most widely used staging system for gastrointestinal carcinoids is the TNM classification system, which was adapted by the Union for International Cancer Control (UICC) and World Health Organization (WHO). Here are the key terms in the TNM system:

- **T (Primary Tumor):** Indicates the extent to which the tumor has grown into surrounding tissues. For carcinoids, ""TX"" means that the primary tumor cannot be assessed.
- **N (Regional Lymph Nodes):** Indicates whether cancer cells have spread from the original site to nearby lymph nodes. ""NX"" means that the regional lymph nodes cannot be evaluated.
- **M (Distant Metastasis):** Indicates whether cancer has metastasized (spread) to distant parts of the body such as lungs, liver, bones, etc. ""MX"" means that distant metastasis cannot be assessed.

Based on these three categories, carcinoids are further classified into stages 0"
What are the genetic changes related to Werner syndrome ?,"Mutations in the WRN gene cause Werner syndrome. The WRN gene provides instructions for producing the Werner protein, which is thought to perform several tasks related to the maintenance and repair of DNA. This protein also assists in the process of copying (replicating) DNA in preparation for cell division. Mutations in the WRN gene often lead to the production of an abnormally short, nonfunctional Werner protein. Research suggests that this shortened protein is not transported to the cell's nucleus, where it normally interacts with DNA. Evidence also suggests that the altered protein is broken down more quickly in the cell than the normal Werner protein. Researchers do not fully understand how WRN mutations cause the signs and symptoms of Werner syndrome. Cells with an altered Werner protein may divide more slowly or stop dividing earlier than normal, causing growth problems. Also, the altered protein may allow DNA damage to accumulate, which could impair normal cell activities and cause the health problems associated with this condition.","Werner syndrome is an autosomal recessive disorder that leads to premature aging and reduced lifespan. The syndrome is caused by mutations in the WRN (werner protein) gene, which is located on chromosome 8.

The primary genetic change associated with Werner syndrome involves defects or mutations in the WRN gene. This gene encodes a DNA helicase, an enzyme responsible for unwinding double-stranded DNA to allow replication and repair of damaged DNA. In individuals affected by Werner syndrome, there are typically mutations that affect either the function of this helicase protein or its stability.

Some common types of genetic changes include:

1. Point Mutations: These are alterations in a single nucleotide (base pair) within the sequence of the WRN gene.
2. Insertions and Deletions: Changes where one or more DNA bases, or entire segments of DNA are added to or removed from the genome.
3. Chromosomal Rearrangements: Such as deletions, duplications, or translocations involving parts of chromosome 8 or other regions that contain copies of the WRN gene.

These genetic changes lead to a dysfunctional Werner protein, which can have multiple effects:
- Reduced DNA repair capacity
- Impaired regulation of cell cycle checkpoints
- Altered expression of"
How many people are affected by Usher syndrome ?,"Usher syndrome is thought to be responsible for 3 percent to 6 percent of all childhood deafness and about 50 percent of deaf-blindness in adults. Usher syndrome type I is estimated to occur in at least 4 per 100,000 people. It may be more common in certain ethnic populations, such as people with Ashkenazi (central and eastern European) Jewish ancestry and the Acadian population in Louisiana. Type II is thought to be the most common form of Usher syndrome, although the frequency of this type is unknown. Type III Usher syndrome accounts for only a small percentage of all Usher syndrome cases in most populations. This form of the condition is more common in the Finnish population, however, where it accounts for about 40 percent of all cases.","Usher syndrome is one of the most common genetic syndromes affecting both hearing loss and vision loss. It typically affects 1 in every 20,000 to 35,000 newborns worldwide, depending on geographic and racial differences.

However, it's important to note that Usher syndrome can be difficult to diagnose accurately due to its complex inheritance patterns (autosomal recessive or dominant), which make precise figures challenging. Additionally, not all individuals with hearing loss have Usher syndrome, and many people with vision impairment do not have a genetic cause for their condition.

The exact number of people globally affected by Usher syndrome is difficult to determine precisely due to these factors. However, it represents an important health concern in the field of genetics and otolaryngology."
what research (or clinical trials) is being done for Small Cell Lung Cancer ?,"New types of treatment are being tested in clinical trials.
                    Information about clinical trials is available from the NCI website.
                
                
                    Patients may want to think about taking part in a clinical trial.
                    For some patients, taking part in a clinical trial may be the best treatment choice. Clinical trials are part of the cancer research process. Clinical trials are done to find out if new cancer treatments are safe and effective or better than the standard treatment.   Many of today's standard treatments for cancer are based on earlier clinical trials. Patients who take part in a clinical trial may receive the standard treatment or be among the first to receive a new treatment.   Patients who take part in clinical trials also help improve the way cancer will be treated in the future. Even when clinical trials do not lead to effective new treatments, they often answer important questions and help move research forward.
                
                
                    Patients can enter clinical trials before, during, or after starting their cancer treatment.
                    Some clinical trials only include patients who have not yet received treatment. Other trials test treatments for patients whose cancer has not gotten better. There are also clinical trials that test new ways to stop cancer from recurring (coming back) or reduce the side effects of cancer treatment.   Clinical trials are taking place in many parts of the country. See the Treatment Options section that follows for links to current treatment clinical trials. These have been retrieved from NCI's listing of clinical trials.","Small cell lung cancer (SCLC) and non-small cell lung cancer (NSCLC) are two main subtypes of lung cancer, but SCLC often has a more aggressive course. Research into SCLC includes both basic research and clinical trials aimed at improving the understanding and treatment options for this disease.

### Basic Research on Small Cell Lung Cancer

1. **Genetic Mutations**: Researchers have identified several genetic mutations that are commonly found in SCLC, including alterations in TP53, CDKN2A, and other genes involved in cell cycle regulation and DNA repair. Understanding these mutations is crucial for developing targeted therapies.

2. **Microenvironment**: The tumor microenvironment plays a significant role in SCLC progression. Research focuses on interactions between cancer cells and the immune system, as well as how this environment affects drug response and resistance mechanisms.

3. **Metastasis Mechanisms**: Investigating how SCLC metastasizes to distant sites is another area of focus, with research into factors such as vascularization and the role of specific proteins in facilitating metastatic spread.

### Clinical Trials for Small Cell Lung Cancer

1. **Immunotherapy**: Despite being a relatively uncommon subtype, immunotherapy remains an active area of investigation. Key clinical"
What is (are) Congenital chloride diarrhea ?,"Congenital chloride diarrhea is a condition characterized by large, watery stools containing an excess of chloride. Individuals have intrauterine (pre-birth) and lifelong diarrhea; infants with the condition are often premature. The excessive diarrhea causes electrolyte and water deficits, which in turn cause volume depletion, hyperreninemia (elevated levels of renin in the blood), hyperaldosteronism, renal potassium wasting, and sometimes nephropathy. Mutations in the SLC26A3 gene have been found to cause the condition. It is inherited in an autosomal recessive manner. Treatment generally focuses on the individual symptoms of the condition and typically includes taking oral supplements of sodium and potassium chloride.","Congenital chloride diarrhea is not a recognized or medically documented condition. It's possible you might be referring to congenital chloride-responsive diarrhea or other related conditions.

1. **Congenital Chloride-Responsive Diarrhea**: This is also known as Hirschsprung’s disease-associated diarrhea (HDD). Patients with Hirschsprung’s disease may have a defect in the bowel that causes it to absorb too much water and salt, leading to watery stools. It's important to note that this condition only occurs in patients who already have Hirschsprung’s disease, which is a congenital neurological disorder affecting the muscles of the colon.

2. **Congenital Chloride-Deficiency Diarrhea**: This is not a standard medical term and might be a confusion with chloride-sensitive diarrhea or other conditions where there's an issue with chloride absorption rather than excretion.

If you're looking for information on specific types of diarrhea related to chloride, the most relevant condition would be **Chloride-responsive diarrhea**, which typically results from deficiencies such as hypochloremia (low levels of chloride in blood and stool). Conditions like chronic kidney disease or certain gastrointestinal disorders can lead to this type of diarrhea.

Please clarify if you meant a specific condition or if there"
What are the treatments for Roberts syndrome ?,These resources address the diagnosis or management of Roberts syndrome:  - Gene Review: Gene Review: Roberts Syndrome  - Genetic Testing Registry: Roberts-SC phocomelia syndrome  - MedlinePlus Encyclopedia: Contracture deformity  - MedlinePlus Encyclopedia: Microcephaly   These resources from MedlinePlus offer information about the diagnosis and management of various health conditions:  - Diagnostic Tests  - Drug Therapy  - Surgery and Rehabilitation  - Genetic Counseling   - Palliative Care,"I'm sorry, but I couldn't find any specific information about ""Roberts Syndrome"" in medical literature or databases. It's possible there might be some confusion with terms related to genetic disorders or syndromes. 

Roberts Syndrome is not a widely recognized condition in the medical community. It could potentially refer to different ailments depending on context, such as:

1. Roberts syndrome (genetic disorder): Also known as Roberts' syndrome (or Roberts-Bucy syndrome), it's a rare congenital skin disorder with distinctive scarring and hyperpigmentation.
2. Roberts Syndrome (pediatric condition): It may be referring to a pediatric condition named after Robert Roberts, but without further context about the specific aspect of this syndrome, I can't provide more details.

If you are looking for information about a particular genetic disorder called Roberts Syndrome, it is essential to clarify whether you mean ""Roberts-Bucy syndrome"" or if there's another specific syndrome in mind. For accurate and up-to-date medical information regarding any condition, consulting healthcare professionals directly is recommended."
What causes Essential tremor ?,"What causes essential tremor? The causes of essential tremor are unknown. Researchers are studying several areas (loci) on particular chromosomes that may be linked to essential tremor, but no specific genetic associations have been confirmed. Several genes, as well as environmental factors, are likely involved in an individual's risk of developing this complex condition.","Essential tremor (ET) is a neurological disorder characterized by shaking or trembling of the hands, head, voice, or other parts of the body. The exact cause of essential tremor is not fully understood, but it is believed to be related to abnormalities in parts of the brain that control movement. Here are some factors associated with essential tremor:

1. **Genetics**: Essential tremor can run in families and has a genetic component. Mutations in certain genes have been identified as contributing to its development.

2. **Brain Structure**: People with essential tremor often have abnormalities in parts of the brain called the cerebellum, brainstem, or basal ganglia. These areas are involved in controlling movement coordination.

3. **Neurotransmitters**: Essential tremor may involve imbalances in certain chemicals in the brain that help transmit signals between nerve cells (neurotransmitters), specifically acetylcholine and dopamine.

4. **Environmental Factors**: While not directly causing essential tremor, environmental factors might play a role by exacerbating symptoms in individuals already genetically predisposed to develop ET.

5. **Stress and Fatigue**: Stress and fatigue can sometimes trigger or worsen the symptoms of essential tremor.

6. **Other Neurological Conditions**: Essential"
What is (are) Graves disease ?,"Graves disease is a condition that affects the function of the thyroid, which is a butterfly-shaped gland in the lower neck. The thyroid makes hormones that help regulate a wide variety of critical body functions. For example, thyroid hormones influence growth and development, body temperature, heart rate, menstrual cycles, and weight. In people with Graves disease, the thyroid is overactive and makes more hormones than the body needs. The condition usually appears in mid-adulthood, although it may occur at any age.  Excess thyroid hormones can cause a variety of signs and symptoms. These include nervousness or anxiety, extreme tiredness (fatigue), a rapid and irregular heartbeat, hand tremors, frequent bowel movements or diarrhea, increased sweating and difficulty tolerating hot conditions, trouble sleeping, and weight loss in spite of an increased appetite. Affected women may have menstrual irregularities, such as an unusually light menstrual flow and infrequent periods. Some people with Graves disease develop an enlargement of the thyroid called a goiter. Depending on its size, the enlarged thyroid can cause the neck to look swollen and may interfere with breathing and swallowing.  Between 25 and 50 percent of people with Graves disease have eye abnormalities, which are known as Graves ophthalmopathy. These eye problems can include swelling and inflammation, redness, dryness, puffy eyelids, and a gritty sensation like having sand or dirt in the eyes. Some people develop bulging of the eyes caused by inflammation of tissues behind the eyeball and ""pulling back"" (retraction) of the eyelids. Rarely, affected individuals have more serious eye problems, such as pain, double vision, and pinching (compression) of the optic nerve connecting the eye and the brain, which can cause vision loss.  A small percentage of people with Graves disease develop a skin abnormality called pretibial myxedema or Graves dermopathy. This abnormality causes the skin on the front of the lower legs and the tops of the feet to become thick, lumpy, and red. It is not usually painful.","Graves disease, also known as toxic multinodular goiter or diffuse toxic goiter, is an autoimmune disorder that affects the thyroid gland. In this condition, the immune system produces antibodies called thyroid-stimulating immunoglobulins (TSIs), which are similar to thyrotropin-releasing hormone (TRH) and stimulate the thyroid gland to produce excessive amounts of thyroid hormones.

The primary thyroid hormones affected are triiodothyronine (T3) and thyroxine (T4). When these hormones levels become too high, it leads to a condition called hyperthyroidism. Hyperthyroidism is characterized by symptoms such as weight loss despite increased appetite, anxiety, irritability, sweating, menstrual irregularities, hand tremors, thinning hair, sensitivity to heat, and an enlarged thyroid gland (goiter).

Graves disease can cause the appearance of goiter (enlarged thyroid), ophthalmopathy (eye problems or swelling around the eyes) in some cases, known as Graves' orbitopathy, and also skin changes such as a fine-grained skin condition called pretibial myxedema.

The exact cause of Graves disease is not yet fully understood, but it involves genetic susceptibility combined with environmental factors. Women are more commonly affected than"
What is (are) Restless Legs ?,"Restless legs syndrome (RLS) causes a powerful urge to move your legs. Your legs become uncomfortable when you are lying down or sitting. Some people describe it as a creeping, crawling, tingling, or burning sensation. Moving makes your legs feel better, but not for long. RLS can make it hard to fall asleep and stay asleep.    In most cases, there is no known cause for RLS. In other cases, RLS is caused by a disease or condition, such as anemia or pregnancy. Some medicines can also cause temporary RLS. Caffeine, tobacco, and alcohol may make symptoms worse.    Lifestyle changes, such as regular sleep habits, relaxation techniques, and moderate exercise during the day can help. If those don't work, medicines may reduce the symptoms of RLS.    Most people with RLS also have a condition called periodic limb movement disorder (PLMD). PLMD is a condition in which a person's legs twitch or jerk uncontrollably, usually during sleep. PLMD and RLS can also affect the arms.     NIH: National Heart, Lung, and Blood Institute","Restless legs syndrome (RLS), also known as Willis-Ekbom disease, is a neurological disorder characterized by an uncontrollable urge to move one's body to relieve uncomfortable sensations in the limbs, typically the legs. These sensations are often described as creeping, crawling, tingling, or painful sensations that occur primarily during periods of rest and can be triggered or worsened by physical movement.

The discomfort associated with RLS is usually felt in the legs but can also affect other parts of the body such as the arms, trunk, or face. The symptoms are often worse at night and can interfere significantly with sleep quality. This condition affects approximately 5-10% of adults globally.

While moving or changing position can provide temporary relief from these sensations, they return once movement stops. RLS is a chronic condition that can affect people of all ages; however, it most commonly begins in middle age and is more prevalent in women than men. 

The exact cause of restless legs syndrome is not fully understood but may be related to iron deficiency, genetic factors, and certain medical conditions like diabetes or rheumatoid arthritis. Treatments for RLS can include lifestyle changes, medication, or both, and aim at managing symptoms rather than curing the condition entirely."
what research (or clinical trials) is being done for Dysgraphia ?,"The National Institute of Neurological Disorders and Stroke (NINDS) and other institutes of the National Institutes of Health (NIH) support dysgraphia research through grants to major medical institutions across the country. Much of this research focuses on finding better ways to treat, and ultimately, prevent dysgraphia.","Dysgraphia, which is often referred to as writing disorder, is a learning disability that affects a person's ability to write legibly or express themselves through written language with the proper structure and organization. Research related to dysgraphia includes various studies aimed at understanding its causes, developing effective interventions, and improving educational outcomes for individuals who struggle with this condition.

### 1. **Neurobiological Studies**
   - Researchers are investigating how the brain functions in students with dysgraphia when they engage in writing tasks. This involves functional neuroimaging techniques such as MRI and EEG to better understand the structure and activity of the brain regions involved.
   
2. **Genetic Research**
   - Genetic studies aim to identify heritable factors that predispose individuals to dysgraphia. These studies often involve genome-wide association studies (GWAS) to find genetic markers associated with dysgraphia.

### 3. **Clinical Trials for Interventions**
   - Clinical trials are conducted to evaluate the efficacy of various interventions aimed at improving writing skills in students with dysgraphia. These trials may test different modalities such as:
     - **Orton-Gillingham Approach**: A structured, multisensory method that teaches handwriting and spelling through a step-by-step approach."
What is (are) Monkeypox Virus Infections ?,"Monkeypox is a rare viral disease. It occurs mostly in central and western Africa. Wild rodents and squirrels carry it, but it is called monkeypox because scientists saw it first in lab monkeys. In 2003, it was reported in prairie dogs and humans in the U.S.     Centers for Disease Control and Prevention","Monkeypox virus infections refer to infections caused by the monkeypox virus, which is a member of the Orthopoxvirus genus in the family Poxviridae. These viruses are known for causing disease in both humans and non-human primates such as monkeys.

### Key Points about Monkeypox Virus Infections:

1. **Transmission:** 
   - The virus can be transmitted to people through direct contact with the skin lesions or body fluids of infected persons, including blood, breast milk, and semen.
   - It can also spread via respiratory droplets (coughs, sneezes).
   - Less commonly, it may be transmitted by contaminated items such as bedding, clothing, or surgical instruments.

2. **Symptoms:**
   - Initial symptoms typically include fever, headache, muscle aches, back pain, exhaustion, and swollen lymph nodes.
   - A rash usually follows with the appearance of small, raised lesions that can develop into fluid-filled blisters. The lesions may appear anywhere on the body but are commonly found on the face, arms, and legs.
   - Symptoms typically last for about 2-4 weeks.

3. **Diagnosis:**
   - Diagnosis is made through laboratory testing using viral culture or molecular techniques such"
What is (are) megalencephaly-capillary malformation syndrome ?,"Megalencephaly-capillary malformation syndrome (MCAP) is a disorder characterized by overgrowth of several tissues in the body. Its primary features are a large brain (megalencephaly) and abnormalities of small blood vessels in the skin called capillaries (capillary malformations).  In individuals with MCAP, megalencephaly leads to an unusually large head size (macrocephaly), which is typically evident at birth. After birth, the brain and head continue to grow at a fast rate for the first few years of life; then, the growth slows to a normal rate, although the head remains larger than average. Additional brain abnormalities are common in people with MCAP; these can include excess fluid within the brain (hydrocephalus) and abnormalities in the brain's structure, such as those known as Chiari malformation and polymicrogyria. Abnormal brain development leads to intellectual disability in most affected individuals and can also cause seizures or weak muscle tone (hypotonia). In particular, polymicrogyria is associated with speech delays and difficulty chewing and swallowing.  The capillary malformations characteristic of MCAP are composed of enlarged capillaries that increase blood flow near the surface of the skin. These malformations usually look like pink or red spots on the skin. In most affected individuals, capillary malformations occur on the face, particularly the nose, the upper lip, and the area between the nose and upper lip (the philtrum). In other people with MCAP, the malformations appear as patches spread over the body or as a reddish net-like pattern on the skin (cutis marmorata).  In some people with MCAP, excessive growth affects not only the brain but other individual parts of the body, which is known as segmental overgrowth. This can lead to one arm or leg that is bigger or longer than the other or a few oversized fingers or toes. Some affected individuals have fusion of the skin between two or more fingers or toes (cutaneous syndactyly).  Additional features of MCAP can include flexible joints and skin that stretches easily. Some affected individuals are said to have doughy skin because the tissue under the skin is unusually thick and soft.  The gene involved in MCAP is also associated with several types of cancer. Although a small number of individuals with MCAP have developed tumors (in particular, a childhood form of kidney cancer known as Wilms tumor and noncancerous tumors in the nervous system known as meningiomas), people with MCAP do not appear to have a greater risk of developing cancer than the general population.","Megalencephaly-capillary malformation syndrome, also known as Maffucci-Soulier syndrome or Type 1 of Maffucci syndrome, is a rare genetic disorder characterized by the presence of both an enlarged brain (megalencephaly) and vascular abnormalities. Here are its key features:

### Key Characteristics:
1. **Megalencephaly**: This refers to abnormally large cerebral hemispheres. It can be caused by various factors including genetic mutations, but in Maffucci syndrome, it is usually sporadic rather than inherited.
2. **Capillary Malformations (Port-Wine Stains)**: Abnormalities of blood vessels that result in the appearance of port-wine stains or other vascular malformations on the skin and mucous membranes.

### Other Features:
- **Bone Dysplasia**: Often associated with abnormal bone development, leading to deformities.
- **Soft Tissue Sarcomas**: A significant risk factor is the presence of soft tissue sarcomas. These are often benign but can be malignant in rare cases.
- **Other Vascular Malformations**: Such as arteriovenous malformations or venous anomalies.

### Diagnosis and Management:
The diagnosis typically involves a combination of clinical observations, imaging"
What are the treatments for cerebral cavernous malformation ?,These resources address the diagnosis or management of cerebral cavernous malformation:  - Angioma Alliance: Imaging and Diagnostics  - Gene Review: Gene Review: Familial Cerebral Cavernous Malformation  - Genetic Testing Registry: Cerebral cavernous malformation  - Genetic Testing Registry: Cerebral cavernous malformations 1  - Genetic Testing Registry: Cerebral cavernous malformations 2  - Genetic Testing Registry: Cerebral cavernous malformations 3  - MedlinePlus Encyclopedia: Cerebral angiography   These resources from MedlinePlus offer information about the diagnosis and management of various health conditions:  - Diagnostic Tests  - Drug Therapy  - Surgery and Rehabilitation  - Genetic Counseling   - Palliative Care,"Cerebral cavernous malformations (CCM) are abnormal brain vessels that can be problematic due to their potential to bleed or cause other complications. However, there is currently no specific cure or treatment for CCMs as they cannot be ""cured"" like a viral infection. Treatment approaches depend on the severity and symptoms caused by the condition:

1. **Monitoring**: For small, asymptomatic cavernous malformations, doctors may recommend watching them over time to ensure they do not cause issues.

2. **Medications for Bleeding Risk**: Individuals with CCMs are at a higher risk of bleeding due to the fragile nature of these blood vessels. Anti-platelet medications (such as aspirin) or anti-coagulants might be prescribed to reduce the risk of stroke if they have had previous bleeds.

3. **Surgical Intervention**: In some cases, particularly when there is significant neurological impairment or recurrent bleeding, surgery may be considered. The goal of surgical intervention would be either to remove the CCM entirely (if it’s accessible and safe) or to minimize its impact by removing part of the affected brain region.

4. **Endovascular Therapy**: For certain types of cavernous malformations that bleed frequently, endovascular"
Is inclusion body myopathy 2 inherited ?,"This condition is inherited in an autosomal recessive pattern, which means both copies of the gene in each cell have mutations. The parents of an individual with an autosomal recessive condition each carry one copy of the mutated gene, but they typically do not show signs and symptoms of the condition.","Inclusion body myopathy (IBM) is a genetic disorder that can be inherited in an autosomal dominant pattern. This means that if one parent carries the mutated gene, there is a 50% chance of passing on this mutation to their offspring.

There are multiple types and subtypes of IBM, such as IBM1, IBM2, etc., each with its own genetic cause. The exact inheritance patterns can vary depending on which the specific type of IBM and whether or not it's autosomal dominant (most common) or another form of inheritance like autosomal recessive.

- **IBM1** is often inherited in an autosomal dominant pattern.
- IBM2, also known as Unverricht-Lundborg disease, has been associated with mutations affecting the *DUPC2* gene and can be either autosomal dominant or autosomal recessive, depending on the specific mutation. Some cases are seen to follow an autosomal recessive inheritance pattern.

It's important to note that while IBM is often inherited, it's not always fully clear-cut due to possible mutations in other genes involved in muscle health, especially in more complex forms like IBM2. 

For a precise and detailed understanding of an individual case’s inheritance patterns, consulting with a medical geneticist or a"
What are the genetic changes related to nonsyndromic hearing loss ?,"The causes of nonsyndromic hearing loss are complex. Researchers have identified more than 90 genes that, when altered, are associated with nonsyndromic hearing loss. Many of these genes are involved in the development and function of the inner ear. Mutations in these genes contribute to hearing loss by interfering with critical steps in processing sound. Different mutations in the same gene can be associated with different types of hearing loss, and some genes are associated with both syndromic and nonsyndromic forms. In many affected families, the factors contributing to hearing loss have not been identified.  Most cases of nonsyndromic hearing loss are inherited in an autosomal recessive pattern. About half of all severe-to-profound autosomal recessive nonsyndromic hearing loss results from mutations in the GJB2 gene; these cases are designated DFNB1. The GJB2 gene provides instructions for making a protein called connexin 26, which is a member of the connexin protein family. Mutations in another connexin gene, GJB6, can also cause DFNB1. The GJB6 gene provides instructions for making a protein called connexin 30. Connexin proteins form channels called gap junctions, which allow communication between neighboring cells, including cells in the inner ear. Mutations in the GJB2 or GJB6 gene alter their respective connexin proteins, which changes the structure of gap junctions and may affect the function or survival of cells that are needed for hearing.  The most common cause of moderate autosomal recessive nonsyndromic hearing loss is mutations in the STRC gene. These mutations cause a form of the condition known as DFNB16. Mutations in more than 60 other genes can also cause autosomal recessive nonsyndromic hearing loss. Many of these gene mutations have been found in one or a few families.  Nonsyndromic hearing loss can also be inherited in an autosomal dominant pattern. Mutations in at least 30 genes have been identified in people with autosomal dominant nonsyndromic hearing loss; mutations in some of these genes (including GJB2 and GJB6) can also cause autosomal recessive forms of the condition. Although no single gene is associated with a majority of autosomal dominant nonsyndromic hearing loss cases, mutations in a few genes, such as KCNQ4 and TECTA, are relatively common. Mutations in many of the other genes associated with autosomal dominant nonsyndromic hearing loss have been found in only one or a few families.  X-linked and mitochondrial forms of nonsyndromic hearing loss are rare. About half of all X-linked cases are caused by mutations in the POU3F4 gene. This form of the condition is designated DFNX2. Mutations in at least three other genes have also been identified in people with X-linked nonsyndromic hearing loss.  Mitochondrial forms of hearing loss result from changes in mitochondrial DNA (mtDNA). Mitochondria are structures within cells that convert the energy from food into a form that cells can use. Although most DNA is packaged in chromosomes within the nucleus, mitochondria also have a small amount of their own DNA. Only a few mutations in mtDNA have been associated with hearing loss, and their role in the condition is still being studied.  Mutations in some of the genes associated with nonsyndromic hearing loss can also cause syndromic forms of hearing loss, such as Usher syndrome (CDH23 and MYO7A, among others), Pendred syndrome (SLC26A4), Wolfram syndrome (WFS1), and Stickler syndrome (COL11A2). It is often unclear how mutations in the same gene can cause isolated hearing loss in some individuals and hearing loss with additional signs and symptoms in others.  In addition to genetic changes, hearing loss can result from environmental factors or a combination of genetic risk and a person's environmental exposures. Environmental causes of hearing loss include certain medications, specific infections before or after birth, and exposure to loud noise over an extended period. Age is also a major risk factor for hearing loss. Age-related hearing loss (presbyacusis) is thought to have both genetic and environmental influences.","Nonsyndromic hearing loss refers to conditions where there is hearing impairment without other accompanying physical or developmental abnormalities (as seen in syndromic hearing loss). Genetic mutations can be responsible for this type of hearing loss. Here are some key genetic changes and genes associated with nonsyndromic hearing loss:

1. **Genetic Mutations**: These can occur in many different genes, but the most common ones include:
   - **Nonsyndromic Hearing Loss 1 (DFNA)**: This is related to mutations in several DFNA genes such as *HLDO*, *HOXA*, and *HOXD*.
   
   - **GJB2**: This gene codes for a protein called gap junction beta-2. Mutations leading to this gene are the most common cause of nonsyndromic hearing loss, especially in populations from Northern Europe and North America.

   - **SLC26A4**: Also known as the *Pendred's Syndrome* gene, mutations in SLC26A4 can lead to a form of hearing loss that is associated with other symptoms like congenital thyroiditis.
   
   - **MTRI1 (also known as *KCNQ4*) and *KCNN3*:"
What is (are) Prostate Enlargement: Benign Prostatic Hyperplasia ?,"The prostate is a walnut-shaped gland that is part of the male reproductive system. The main function of the prostate is to make a fluid that goes into semen. Prostate fluid is essential for a mans fertility. The gland surrounds the urethra at the neck of the bladder. The bladder neck is the area where the urethra joins the bladder. The bladder and urethra are parts of the lower urinary tract. The prostate has two or more lobes, or sections, enclosed by an outer layer of tissue, and it is in front of the rectum, just below the bladder. The urethra is the tube that carries urine from the bladder to the outside of the body. In men, the urethra also carries semen out through the penis.","Prostate enlargement, also known as benign prostatic hyperplasia (BPH), refers to an abnormal growth of the cells in the prostate gland that leads to a non-cancerous increase in size. The prostate is a small walnut-shaped gland located just below the bladder in males. Its main function is to produce fluid for semen.

In men, BPH may cause various symptoms as the enlarged prostate presses on or irritates the urethra (the tube that carries urine from the bladder out of the body). These symptoms can include:

1. **Difficulty starting or stopping urination**
2. **Weak urinary stream**
3. **Frequent need to urinate, especially at night (nocturia)**
4. **Urinary hesitancy**: The feeling that you cannot begin urination
5. **Inability to completely empty the bladder** leading to a sense of incomplete voiding

BPH is very common in older men and affects about half of all men over 60 years old, though it may start earlier for some individuals. While BPH does not cause cancer or lead directly to prostate cancer, it can sometimes be confused with other conditions such as urinary tract infections (UTIs), bladder stones, or prostate cancer.

Treatment for BPH depends"
What are the symptoms of Doyne honeycomb retinal dystrophy ?,"What are the signs and symptoms of Doyne honeycomb retinal dystrophy? The Human Phenotype Ontology provides the following list of signs and symptoms for Doyne honeycomb retinal dystrophy. If the information is available, the table below includes how often the symptom is seen in people with this condition. You can use the MedlinePlus Medical Dictionary to look up the definitions for these medical terms. Signs and Symptoms Approximate number of patients (when available) Autosomal dominant inheritance - Reticular pigmentary degeneration - Retinal dystrophy - Visual impairment - The Human Phenotype Ontology (HPO) has collected information on how often a sign or symptom occurs in a condition. Much of this information comes from Orphanet, a European rare disease database. The frequency of a sign or symptom is usually listed as a rough estimate of the percentage of patients who have that feature. The frequency may also be listed as a fraction. The first number of the fraction is how many people had the symptom, and the second number is the total number of people who were examined in one study. For example, a frequency of 25/25 means that in a study of 25 people all patients were found to have that symptom. Because these frequencies are based on a specific study, the fractions may be different if another group of patients are examined. Sometimes, no information on frequency is available. In these cases, the sign or symptom may be rare or common.","Doyne honeycomb retinal dystrophy (DHRD), also known as Doyne honeycombing or Doyne's dystrophy, is a rare inherited condition affecting the retina. However, it does not have a recognized medical definition in the literature, and the term ""Doyne honeycomb retinal dystrophy"" might be an error or misnomer. The condition you are probably referring to could be Age-related Macular Degeneration (AMD), which is more commonly known for its symptoms.

Age-related macular degeneration (AMD) primarily affects older adults and causes damage to the macula, a small part of the retina responsible for sharp vision in the center of the visual field. Here are some common symptoms associated with AMD:

1. **Blurred or Distorted Vision**: Objects may appear blurry.
2. **Difficulty Reading or Focusing on Small Text**: Fine details might be hard to see clearly.
3. **Straight Lines Appearing Wavy**: Straight lines can seem wavy, crooked, or bent.
4. **Dark or Cloudy Spots in the Central Vision**: There may be dark or cloudy spots that reduce your ability to see fine detail.

If you are referring to a specific condition other than AMD, please provide more details"
What is (are) van der Woude syndrome ?,"Van der Woude syndrome is a condition that affects the development of the face. Many people with this disorder are born with a cleft lip, a cleft palate (an opening in the roof of the mouth), or both. Affected individuals usually have depressions (pits) near the center of the lower lip, which may appear moist due to the presence of salivary and mucous glands in the pits. Small mounds of tissue on the lower lip may also occur. In some cases, people with van der Woude syndrome have missing teeth.  People with van der Woude syndrome who have cleft lip and/or palate, like other individuals with these facial conditions, have an increased risk of delayed language development, learning disabilities, or other mild cognitive problems. The average IQ of individuals with van der Woude syndrome is not significantly different from that of the general population.","Van der Woude syndrome is a genetic disorder that affects the development of certain structures in and around the mouth and chin area. Here are some key points about Van der Woude syndrome:

1. Symptoms: The primary symptoms include cleft lip, cleft palate, or both. Facial asymmetry may also be present.

2. Location: It can affect any part of the oral cavity, including the lips, tongue, palate (the roof of the mouth), and chin area.

3. Causes: Van der Woude syndrome is caused by a mutation in one of several genes, most commonly the FGFR1, FGFR2, or PAX9 gene. These genes are involved in embryonic development, particularly facial formation.

4. Prevalence: It affects approximately 1 in every 5000 to 10,000 people and is more common in males than females.

5. Diagnosis: The diagnosis of Van der Woude syndrome typically occurs at birth or during early childhood through physical examination.

6. Treatment: Treatment varies depending on the severity of symptoms but often includes surgical intervention to address cleft lip and palate issues.

7. Other associated features: While primarily affecting the oral cavity, individuals with Van der Woude"
What is (are) Hypotension ?,"Hypotension (HI-po-TEN-shun) is abnormally low blood pressure. Blood pressure is the force of blood pushing against the walls of the arteries as the heart pumps out blood.
                
Blood pressure is measured as systolic (sis-TOL-ik) and diastolic (di-a-STOL-ik) pressures. ""Systolic"" refers to blood pressure when the heart beats while pumping blood. ""Diastolic"" refers to blood pressure when the heart is at rest between beats.
                
You most often will see blood pressure numbers written with the systolic number above or before the diastolic number, such as 120/80 mmHg. (The mmHg is millimeters of mercurythe units used to measure blood pressure.)
                
Normal blood pressure in adults is lower than 120/80 mmHg. Hypotension is blood pressure that's lower than 90/60 mmHg.
                
Overview
                
Blood pressure doesn't stay the same all the time. It lowers as you sleep and rises when you wake up. Blood pressure also rises when you're excited, nervous, or active.
                
Your body is very sensitive to changes in blood pressure. For example, if you stand up quickly, your blood pressure may drop for a short time. Your body adjusts your blood pressure to make sure enough blood and oxygen are flowing to your brain, kidneys, and other vital organs.
                
Most forms of hypotension happen because your body can't bring blood pressure back to normal or can't do it fast enough.
                
Some people have low blood pressure all the time. They have no signs or symptoms, and their low blood pressure is normal for them.
                
In other people, certain conditions or factors cause abnormally low blood pressure. As a result, less blood and oxygen flow to the body's organs.
                
For the most part, hypotension is a medical concern only if it causes signs or symptoms or is linked to a serious condition, such as heart disease. Signs and symptoms of hypotension may include dizziness, fainting, cold and sweaty skin, fatigue (tiredness), blurred vision, or nausea (feeling sick to your stomach).
                
In extreme cases, hypotension can lead to shock.
                
Outlook
                
In a healthy person, low blood pressure without signs or symptoms usually isn't a problem and needs no treatment. If it causes signs or symptoms, your doctor will try to find and treat the condition that's causing it.
                
Hypotension can be dangerous. It can make you fall because of dizziness or fainting. Shock, a severe form of hypotension, is a condition that's often fatal if not treated right away. With prompt and proper treatment, shock can be successfully treated.","Hypotension refers to abnormally low blood pressure, which can be categorized into two main types: 

1. **Orthostatic Hypotension**: This occurs when the blood pressure drops significantly upon standing up from a sitting or lying position, causing dizziness or fainting.

2. **Postural Hypotension**: Another term for orthostatic hypotension. The body's ability to respond quickly enough to changes in posture is impaired, resulting in a sudden drop in blood pressure.

Both types of hypotension can be caused by various factors such as dehydration, medications (especially antihypertensive and diuretics), neurological disorders, or anemia.

It's important to note that while low blood pressure (hypotension) generally refers to having blood pressure below the normal range when measured at your doctor’s office, it may not always indicate a medical problem. However, severe cases of hypotension can lead to dizziness, fainting, and in extreme situations, shock.

If you are experiencing symptoms related to low blood pressure or have concerns about your blood pressure levels, it's important to consult with a healthcare provider for an accurate diagnosis and appropriate treatment."
How many people are affected by juvenile myoclonic epilepsy ?,"Juvenile myoclonic epilepsy affects an estimated 1 in 1,000 people worldwide. Approximately 5 percent of people with epilepsy have juvenile myoclonic epilepsy.","Juvenile Myoclonic Epilepsy (JME) is a relatively uncommon form of childhood-onset epilepsy that typically begins between the ages of 10 and 20 years old. However, it's important to note that precise statistics about how many people are affected by JME can be difficult to obtain due to its rarity and variability in incidence rates.

Research estimates suggest JME affects approximately 1 in every 25,000 individuals worldwide. This means the number of people directly affected is relatively small but it's a significant condition when considering those who suffer from it.

It's also worth mentioning that while this figure can be used as a general guideline, actual numbers may vary based on different factors including geographical regions and populations studied.

If you need more specific information or have another type of epilepsy in mind, please let me know!"
what research (or clinical trials) is being done for Colon Cancer ?,"New types of treatment are being tested in clinical trials.
                    Information about clinical trials is available from the NCI website.
                
                
                    Patients may want to think about taking part in a clinical trial.
                    For some patients, taking part in a clinical trial may be the best treatment choice. Clinical trials are part of the cancer research process. Clinical trials are done to find out if new cancer treatments are safe and effective or better than the standard treatment.   Many of today's standard treatments for cancer are based on earlier clinical trials. Patients who take part in a clinical trial may receive the standard treatment or be among the first to receive a new treatment.   Patients who take part in clinical trials also help improve the way cancer will be treated in the future. Even when clinical trials do not lead to effective new treatments, they often answer important questions and help move research forward.
                
                
                    Patients can enter clinical trials before, during, or after starting their cancer treatment.
                    Some clinical trials only include patients who have not yet received treatment. Other trials test treatments for patients whose cancer has not gotten better. There are also clinical trials that test new ways to stop cancer from recurring (coming back) or reduce the side effects of cancer treatment.   Clinical trials are taking place in many parts of the country. See the Treatment Options section that follows for links to current treatment clinical trials. These have been retrieved from NCI's listing of clinical trials.","Research into colon cancer includes both basic and translational studies aimed at understanding the disease's biology, developing new treatment strategies, and improving patient outcomes. Here are some areas of active research:

### Basic Research:
1. **Genetic Studies**: Researchers are studying genetic mutations that contribute to the development of colon cancer. This includes identifying specific genes or gene alterations that can lead to tumor formation.
2. **Epigenetics**: The study of how chemical modifications to DNA (not altering its sequence) affect gene expression is also a focus area in understanding how certain cancers develop and progress.
3. **Microbiome Studies**: Understanding the role of gut microbiota in colon cancer development, as alterations in microbial composition can influence tumor growth.

### Pre-clinical Research:
1. **Vaccines**: Development of vaccines targeting colon cancer antigens to prevent or treat the disease is ongoing.
2. **Immuno-Oncology**: Researchers are exploring how to enhance a patient's immune system to recognize and attack colon cancer cells.
3. **Targeted Therapies**: Developing drugs that specifically target certain proteins or pathways associated with colon cancer.

### Clinical Trials:
1. **Immunotherapy Studies**: These include clinical trials testing checkpoint inhibitors like PD-1/PD-L1 antibodies,"
What are the treatments for acromicric dysplasia ?,These resources address the diagnosis or management of acromicric dysplasia:  - Genetic Testing Registry: Acromicric dysplasia   These resources from MedlinePlus offer information about the diagnosis and management of various health conditions:  - Diagnostic Tests  - Drug Therapy  - Surgery and Rehabilitation  - Genetic Counseling   - Palliative Care,"Acromicric dysplasia is a genetic skeletal disorder characterized by abnormalities in bone formation and growth. It affects both individuals with an autosomal dominant inheritance pattern and those who carry mutations, but it's important to note that symptoms can vary widely among affected individuals.

### Treatment for Acromicric Dysplasia:
- **Management of Symptoms**: Since acromicric dysplasia primarily affects bones, the goal of treatment is often focused on managing the associated symptoms rather than curing the condition. Common treatments include:

  - **Physical Therapy and Occupational Therapy**: These therapies can help manage joint pain and improve mobility.
  
  - **Orthopedic Treatments**: Depending on specific issues (like arthritis), orthopedic interventions such as surgical procedures might be necessary.

- **Genetic Counseling**: For individuals with acromicric dysplasia, genetic counseling is often recommended to understand the condition's inheritance pattern and risks of passing it on to offspring. Genetic counselors can also provide information about other related conditions and possible treatments for those.

- **Pain Management**: Pain relief may be necessary for some patients due to joint stiffness or arthritis-like symptoms. Over-the-counter pain relievers might help initially, but stronger medications could be needed in more severe cases.

- **Regular Medical"
Do you have information about Nutritional Support,"Summary : Nutritional support is therapy for people who cannot get enough nourishment by eating or drinking. You may need it if you        - Can't swallow    - Have problems with your appetite    - Are severely malnourished    - Can't absorb nutrients through your digestive system       You receive nutritional support through a needle or catheter placed in your vein or with a feeding tube, which goes into your stomach.","Yes, I can provide some general information about nutritional support.

Nutritional support refers to the process of providing nutrients and energy to individuals who cannot obtain sufficient nutrition from their diet alone or need additional support for specific health conditions. This can include people with certain medical conditions like malnutrition, gastrointestinal disorders, or those undergoing cancer treatment or critical illness.

There are several forms of nutritional support:

1. **Enteral Nutrition**: This involves feeding nutrients directly into the digestive system through tubes, typically either orally via a nasogastric or nasoduodenal tube or parenterally by inserting a central venous catheter and connecting it to an enteral nutrition formula (enteral nutrition formula is a nutrient-rich liquid that can be fed through a vein).

2. **Parenteral Nutrition**: This method involves administering nutrients directly into the bloodstream via intravenous lines for individuals who cannot take in food orally or have absorbed nutrition problems.

3. **Oral/Nutritional Support**: For those capable of taking in food and liquids by mouth, nutritional support might involve advice on diet, meal planning, and supplements to help meet their nutritional needs.

4. **Tube Feeding**: This can also be oral if the individual is able to take some form of liquid supplement or tube feeding through a nasoga"
What are the symptoms of Annular pancreas ?,"What are the signs and symptoms of Annular pancreas? The Human Phenotype Ontology provides the following list of signs and symptoms for Annular pancreas. If the information is available, the table below includes how often the symptom is seen in people with this condition. You can use the MedlinePlus Medical Dictionary to look up the definitions for these medical terms. Signs and Symptoms Approximate number of patients (when available) Abnormality of the pancreas 90% Duodenal stenosis 90% Abnormality of the gastric mucosa 50% Annular pancreas - Autosomal dominant inheritance - High intestinal obstruction - The Human Phenotype Ontology (HPO) has collected information on how often a sign or symptom occurs in a condition. Much of this information comes from Orphanet, a European rare disease database. The frequency of a sign or symptom is usually listed as a rough estimate of the percentage of patients who have that feature. The frequency may also be listed as a fraction. The first number of the fraction is how many people had the symptom, and the second number is the total number of people who were examined in one study. For example, a frequency of 25/25 means that in a study of 25 people all patients were found to have that symptom. Because these frequencies are based on a specific study, the fractions may be different if another group of patients are examined. Sometimes, no information on frequency is available. In these cases, the sign or symptom may be rare or common.","Annular pancreas is a congenital condition in which a narrow band of tissue forms around the lower part of the stomach and upper duodenum (the first section of the small intestine). This narrowing can lead to complications such as issues with digestion, especially if it affects the passage of food. Here are some common symptoms related to annular pancreas:

1. **Abdominal Pain**: Often described as a sharp or burning pain in the abdomen.

2. **Nausea and Vomiting**: Persistent nausea and frequent vomiting can be a symptom. The vomit may contain bile, which indicates reflux into the stomach from the duodenum.

3. **Recurrent Appendicitis-like Symptoms**: Pain that mimics appendicitis but does not respond to treatment as well as it should.

4. **Feeding Difficulties in Infants**: Difficulty feeding and regurgitation are common symptoms observed in infants with annular pancreas, often leading to failure-to-thrive syndrome.

5. **Eating Disorders**: Some people may develop restrictive eating habits due to the pain associated with certain foods or textures that cause discomfort.

6. **Abdominal Masses**: On physical examination, a palpable mass can be felt in the upper abdomen.

7. **"
What are the symptoms of Spinocerebellar ataxia 3 ?,"What are the signs and symptoms of Spinocerebellar ataxia 3? The Human Phenotype Ontology provides the following list of signs and symptoms for Spinocerebellar ataxia 3. If the information is available, the table below includes how often the symptom is seen in people with this condition. You can use the MedlinePlus Medical Dictionary to look up the definitions for these medical terms. Signs and Symptoms Approximate number of patients (when available) Dysautonomia 7.5% Ataxia 57/57 Gaze-evoked nystagmus 15/20 External ophthalmoplegia 34/57 Dysarthria 30/57 Spasticity 62/139 Dystonia 17/57 Fasciculations 12/57 Parkinsonism 3/57 Absent Achilles reflex - Autosomal dominant inheritance - Babinski sign - Bradykinesia - Cerebellar atrophy - Chronic pain - Dementia - Dilated fourth ventricle - Diplopia - Distal amyotrophy - Dysmetric saccades - Dysphagia - Facial-lingual fasciculations - Genetic anticipation - Gliosis - Impaired horizontal smooth pursuit - Limb ataxia - Muscle cramps - Postural instability - Progressive - Progressive cerebellar ataxia - Proptosis - Ptosis - Rigidity - Spinocerebellar tract degeneration - Supranuclear ophthalmoplegia - Truncal ataxia - Urinary bladder sphincter dysfunction - The Human Phenotype Ontology (HPO) has collected information on how often a sign or symptom occurs in a condition. Much of this information comes from Orphanet, a European rare disease database. The frequency of a sign or symptom is usually listed as a rough estimate of the percentage of patients who have that feature. The frequency may also be listed as a fraction. The first number of the fraction is how many people had the symptom, and the second number is the total number of people who were examined in one study. For example, a frequency of 25/25 means that in a study of 25 people all patients were found to have that symptom. Because these frequencies are based on a specific study, the fractions may be different if another group of patients are examined. Sometimes, no information on frequency is available. In these cases, the sign or symptom may be rare or common.","Spinocerebellar Ataxia Type 3 (SCA3) is caused by an abnormal expansion in the number of CAG repeats within the gene for the protein ataxin-3. This mutation tends to cause progressive neurological symptoms, which can include:

1. **Gait and Balance Problems**: One of the most common early signs might be a broad-based gait due to difficulty with balance.

2. **Muscle Weakness**: Issues like muscle weakness or spasticity may occur in various muscles throughout the body.

3. **Speech Difficulties**: Speech problems such as speech slurring can develop over time.

4. **Eye Movements**: Eye movements and eye disorders, including nystagmus (uncontrollable eye movement), can be seen.

5. **Coordination Issues**: Problems with fine motor skills like writing or buttoning clothes may occur.

6. **Intellectual Decline**: Some people may experience slow cognitive decline over time.

7. **Fatigue**: Persistent fatigue is another symptom that might appear as the disease progresses.

8. **Reflex Abnormalities**: Ataxia involving reflexes in the lower extremities can be observed.

It is important to note that SCA3 often presents with a combination of these symptoms"
"What are the symptoms of Macular dystrophy, concentric annular ?","What are the signs and symptoms of Macular dystrophy, concentric annular? The Human Phenotype Ontology provides the following list of signs and symptoms for Macular dystrophy, concentric annular. If the information is available, the table below includes how often the symptom is seen in people with this condition. You can use the MedlinePlus Medical Dictionary to look up the definitions for these medical terms. Signs and Symptoms Approximate number of patients (when available) Autosomal dominant inheritance - Dyschromatopsia - Foveal hyperpigmentation - Macular dystrophy - The Human Phenotype Ontology (HPO) has collected information on how often a sign or symptom occurs in a condition. Much of this information comes from Orphanet, a European rare disease database. The frequency of a sign or symptom is usually listed as a rough estimate of the percentage of patients who have that feature. The frequency may also be listed as a fraction. The first number of the fraction is how many people had the symptom, and the second number is the total number of people who were examined in one study. For example, a frequency of 25/25 means that in a study of 25 people all patients were found to have that symptom. Because these frequencies are based on a specific study, the fractions may be different if another group of patients are examined. Sometimes, no information on frequency is available. In these cases, the sign or symptom may be rare or common.","Macular dystrophies can involve various forms and presentations, but ""concentric annular"" is not a commonly used term in the medical literature for macular dystrophies. However, I will provide some general information about macular diseases that might be relevant.

Macular dystrophies are a group of conditions affecting the macula, which is part of the retina responsible for detailed vision and central vision. The most common form of macular dystrophy is age-related macular degeneration (AMD), although there are many other types including genetic, inflammatory, immune-mediated, or toxic forms.

Some conditions that involve concentric areas of abnormality in the macula include certain types of geographic atrophy (dry AMD) and some hereditary retinal dystrophies. However, the term ""concentric annular"" is not commonly used to describe these conditions.

If you're referring to a specific condition or disease pattern, it would be best to consult with an ophthalmologist for accurate diagnosis and treatment advice. They can provide a proper evaluation based on your symptoms and medical history.

Common symptoms associated with macular diseases include:

1. Blurred vision
2. Difficulty reading small print
3. Distorted central vision (wavy or curved lines)
4."
What are the genetic changes related to focal dermal hypoplasia ?,"Mutations in the PORCN gene cause focal dermal hypoplasia. This gene provides instructions for making a protein that is responsible for modifying other proteins, called Wnt proteins. Wnt proteins participate in chemical signaling pathways in the body that regulate development of the skin, bones, and other structures before birth.  Mutations in the PORCN gene appear to prevent the production of any functional PORCN protein. Researchers believe Wnt proteins cannot be released from the cell without the PORCN protein. When Wnt proteins are unable to leave the cell, they cannot participate in the chemical signaling pathways that are critical for normal development. The various signs and symptoms of focal dermal hypoplasia are likely due to abnormal Wnt signaling during early development.","Focal Dermal Hypoplasia (also known as Turneroid Syndrome or Vanishing Whitman Rehmann Syndrome) is an extremely rare congenital disorder that can be associated with various chromosomal anomalies and other genetic factors. However, it can sometimes occur due to mutations in the genes related to skin development and differentiation.

The condition is characterized by a wide variety of malformations affecting multiple systems within the body. These include abnormalities in the limbs, heart defects, renal abnormalities (like polycystic kidney disease), ear anomalies, genitalia anomalies, and dental anomalies.

Research into Focal Dermal Hypoplasia indicates that it can be associated with several chromosomal anomalies such as:

1. **45,X karyotype**: This is the most common cytogenetic abnormality associated with this condition.
2. **Genomic Deletions or Duplication on Chromosome 4**: Certain genomic deletions (e.g., 4q31) and duplications can be observed in some cases, though these are less frequent.

It's important to note that not all individuals with Focal Dermal Hypoplasia have a detectable chromosomal abnormality. Some may have normal karyotypes, while others might have smaller genetic changes like micro"
