question,gold_answer,model_answer
What is (are) Brooke-Spiegler syndrome ?,"Brooke-Spiegler syndrome is a condition characterized by multiple skin tumors that develop from structures associated with the skin, such as sweat glands and hair follicles. People with Brooke-Spiegler syndrome may develop several types of tumors, including growths called spiradenomas, trichoepitheliomas, and cylindromas. The tumors associated with Brooke-Spiegler syndrome are generally benign (noncancerous), but occasionally they may become malignant (cancerous). Individuals with Brooke-Spiegler syndrome are also at increased risk of developing tumors in tissues in other areas, particularly benign or malignant tumors of the salivary or parotid glands and basal cell carcinomas. Brooke-Spiegler syndrome is caused by mutations in the CYLD gene. Susceptibility to Brooke-Spiegler syndrome has an autosomal dominant pattern of inheritance, which means one copy of the altered gene in each cell increases the risk of developing this condition. However, a second, non-inherited mutation is required for development of skin appendage tumors in this disorder.","Brooke-Spiegler syndrome is a rare genetic disorder characterized by the occurrence of multiple trichoepitheliomas, which are benign skin tumors that arise from hair follicle cells. It falls under the category of hereditary multiple tumor syndromes.

The primary features of Brooke-Spiegler syndrome include:

1. **Multiple Trichoepitheliomas:** The most common manifestation is the formation of multiple trichoepitheliomas, which are usually small, flesh-colored, or skin-colored lesions that can appear anywhere on the body but are predominantly found on the face and neck.

2. **Turban Tumor or Nuchal Trichofolliculoma:** This is a specific type of tumor that appears as a firm, nodular, hair-bearing growth on the scalp (turbinated shape resembling a turban).

3. **Spiradenomas:** These are another type of skin tumor associated with Brooke-Spiegler syndrome. Spiradenomas can also occur anywhere on the body but are commonly found in areas where multiple trichoepitheliomas appear.

4. **Epidemiology and Genetics:** The disorder is inherited in an autosomal dominant pattern, meaning a mutation in one copy of the gene is sufficient to cause the"
How to diagnose Parkinson disease ?,"How is Parkinson disease diagnosed? There are currently no blood or laboratory tests that have been proven to help diagnose sporadic cases of Parkinson disease. The diagnosis is generally made after careful evaluation of medical history, current symptoms, and exclusion of other conditions. The clinical findings of tremor, rigidity, and bradykinesia are highly suggestive of Parkinson disease. The genetic cause of some forms of Parkinson disease has been identified. In those cases, genetic testing may be utilized to identify affected family members.","Diagnosing Parkinson's disease (PD) can be a complex process, as the symptoms may resemble those of other neurological disorders. A definitive diagnosis is typically made based on a combination of clinical evaluation, medical history, and diagnostic tests. Here are the steps involved in diagnosing PD:

**Clinical Evaluation**

1. **Medical History**: The doctor will ask questions about the patient's medical history, including any previous neurological or psychiatric conditions.
2. **Physical Examination**: A thorough physical examination will be performed to assess motor symptoms, such as tremors, rigidity, bradykinesia (slow movement), and postural instability.
3. **Neurological Examination**: The doctor will perform a detailed neurological examination to evaluate the patient's reflexes, muscle tone, and coordination.

**Diagnostic Criteria**

The diagnostic criteria for PD are based on the presence of four cardinal symptoms:

1. **Resting Tremor**: A tremor that is present at rest and improves with voluntary movement.
2. **Rigidity**: Increased muscle stiffness or resistance to passive movement.
3. **Bradykinesia**: Slow movement or difficulty initiating movement.
4. **Postural Instability**: Difficulty maintaining balance or posture.

**Diagnostic Tests**

While there is no single diagnostic test for"
What are the treatments for autoimmune lymphoproliferative syndrome ?,"These resources address the diagnosis or management of ALPS:  - Gene Review: Gene Review: Autoimmune Lymphoproliferative Syndrome  - Genetic Testing Registry: Autoimmune lymphoproliferative syndrome  - Genetic Testing Registry: Autoimmune lymphoproliferative syndrome type 1, autosomal recessive  - Genetic Testing Registry: Autoimmune lymphoproliferative syndrome, type 1a  - Genetic Testing Registry: Autoimmune lymphoproliferative syndrome, type 1b  - Genetic Testing Registry: Autoimmune lymphoproliferative syndrome, type 2  - Genetic Testing Registry: RAS-associated autoimmune leukoproliferative disorder  - National Institute of Allergy and Infectious Diseases (NIAID): ALPS Treatment   These resources from MedlinePlus offer information about the diagnosis and management of various health conditions:  - Diagnostic Tests  - Drug Therapy  - Surgery and Rehabilitation  - Genetic Counseling   - Palliative Care","Autoimmune Lymphoproliferative Syndrome (ALPS) is a rare genetic disorder characterized by abnormal development and function of lymphocytes, leading to an overactive immune response that can cause various autoimmune and oncological complications. While there's no cure for ALPS, treatment focuses on managing symptoms, preventing complications, and improving quality of life. The specific treatments depend on the severity of the disease and individual patient needs.

Here are some common treatments for ALPS:

**General measures:**

1.  **Avoid triggers**: Identify and avoid factors that trigger autoimmune reactions, such as infections or certain medications.
2.  **Immunosuppressive therapy**: Medications like corticosteroids (e.g., prednisone), cyclophosphamide, or rituximab may be prescribed to reduce inflammation and suppress the immune system.
3.  **Antibiotics or antivirals**: To prevent infections, antibiotics (e.g., penicillin) or antivirals (e.g., acyclovir) may be used as needed.

**Specific treatments:**

1.  **Blood transfusions**: In cases of severe anemia due to autoimmune hemolytic anemia, blood transfusions may be necessary.
2.  **C"
Is juvenile polyposis syndrome inherited ?,"Juvenile polyposis syndrome is inherited in an autosomal dominant pattern, which means one copy of the altered gene in each cell is sufficient to cause the disorder.  In approximately 75 percent of cases, an affected person inherits the mutation from one affected parent. The remaining 25 percent of cases result from new mutations in the gene and occur in people with no history of the disorder in their family.","Juvenile Polyposis Syndrome (JPS) is a rare genetic disorder characterized by the presence of multiple polyps in the gastrointestinal tract, particularly in the colon and rectum. The majority of cases are indeed inherited, but not all.

**Genetic basis:** JPS is associated with mutations in one of three genes:

1. **SMAD4 (MADH4)** gene: Mutations in this gene account for approximately 20-30% of JPS cases.
2. **BMPR1A (Bone Morphogenetic Protein Receptor Type 1A)** gene: Mutations in this gene are responsible for about 50-60% of JPS cases.
3. **PTEN (Phosphatase and Tensin Homolog)** gene: Mutations in this gene are found in a small percentage of JPS cases.

**Inheritance pattern:** The inheritance pattern of JPS is typically autosomal dominant, meaning that only one copy of the mutated gene is needed to express the condition. This means that if one parent has JPS or carries a mutation in one of these genes, there's a 50% chance that each child will inherit the mutated gene and be at risk for developing the syndrome.

**Non-inherited cases:**"
Do you have information about Seniors' Health,"Summary : People in the U.S. are living longer than ever before. Many seniors live active and healthy lives. But there's no getting around one thing: as we age, our bodies and minds change. There are things you can do to stay healthy and active as you age.It is important to understand what to expect. Some changes may just be part of normal aging, while others may be a warning sign of a medical problem. It is important to know the difference, and to let your healthcare provider know if you have any concerns.    Having a healthy lifestyle can help you to deal with normal aging changes and make the most of your life.","I do have a wealth of information about seniors' health, including:

**Common Health Concerns:**

1. **Chronic diseases**: Diabetes, heart disease, arthritis, and osteoporosis are common among older adults.
2. **Mental health**: Depression, anxiety, dementia, and Alzheimer's disease can affect seniors.
3. **Injuries and falls**: Frailty, balance disorders, and medication side effects contribute to increased risk of falls.

**Age-Related Health Changes:**

1. **Muscle mass loss**: Seniors experience muscle atrophy due to aging.
2. **Bone density loss**: Osteoporosis increases the risk of fractures.
3. **Cognitive decline**: Age-related cognitive changes can lead to dementia and Alzheimer's disease.
4. **Sleep disturbances**: Older adults often experience insomnia, sleep apnea, or restless leg syndrome.

**Health Maintenance Strategies:**

1. **Exercise regularly**: Aerobic exercise, strength training, and balance exercises can help prevent falls and maintain mobility.
2. **Stay hydrated**: Adequate fluid intake is crucial for seniors to prevent dehydration and constipation.
3. **Eat a balanced diet**: Focus on whole, nutrient-rich foods to support overall health.
4. **Manage chronic conditions**: Regular monitoring"
What are the genetic changes related to oculodentodigital dysplasia ?,"Mutations in the GJA1 gene cause oculodentodigital dysplasia. The GJA1 gene provides instructions for making a protein called connexin43. This protein forms one part (a subunit) of channels called gap junctions, which allow direct communication between cells. Gap junctions formed by connexin43 proteins are found in many tissues throughout the body.  GJA1 gene mutations result in abnormal connexin43 proteins. Channels formed with abnormal proteins are often permanently closed. Some mutations prevent connexin43 proteins from traveling to the cell surface where they are needed to form channels between cells. Impaired functioning of these channels disrupts cell-to-cell communication, which likely interferes with normal cell growth and cell specialization, processes that determine the shape and function of many different parts of the body. These developmental problems cause the signs and symptoms of oculodentodigital dysplasia.","Oculodentodigital dysplasia (ODDD) is a rare genetic disorder that affects the development of the eyes, teeth, and bones. It is caused by mutations in the GJA1 gene, which codes for connexin 43, a protein that forms gap junctions between cells.

The GJA1 gene is located on chromosome 20q13.3 and is essential for the proper functioning of many cell types in the body, including those in the eyes, teeth, and bones.

Mutations in the GJA1 gene have been identified as the cause of ODDD in several families and individuals. These mutations can be missense, nonsense, or frameshift, and they can lead to a range of cellular abnormalities, including:

* Impaired gap junction function: Connexin 43 is essential for the formation and maintenance of gap junctions between cells. Mutations in GJA1 can disrupt this process, leading to impaired cell-cell communication.
* Abnormal cell morphology: Cells from individuals with ODDD often exhibit abnormal morphology, including changes in shape, size, and organization.
* Altered gene expression: Mutations in GJA1 can also affect the expression of other genes involved in cell development and function.

Some specific genetic changes associated with"
What are the genetic changes related to pyruvate kinase deficiency ?,"Pyruvate kinase deficiency is caused by mutations in the PKLR gene. The PKLR gene is active in the liver and in red blood cells, where it provides instructions for making an enzyme called pyruvate kinase. The pyruvate kinase enzyme is involved in a critical energy-producing process known as glycolysis. During glycolysis, the simple sugar glucose is broken down to produce adenosine triphosphate (ATP), the cell's main energy source.  PKLR gene mutations result in reduced pyruvate kinase enzyme function, causing a shortage of ATP in red blood cells and increased levels of other molecules produced earlier in the glycolysis process. The abnormal red blood cells are gathered up by the spleen and destroyed, causing hemolytic anemia and an enlarged spleen. A shortage of red blood cells to carry oxygen throughout the body leads to fatigue, pallor, and shortness of breath. Iron and a molecule called bilirubin are released when red blood cells are destroyed, resulting in an excess of these substances circulating in the blood. Excess bilirubin in the blood causes jaundice and increases the risk of developing gallstones.  Pyruvate kinase deficiency may also occur as an effect of other blood diseases, such as leukemia. These cases are called secondary pyruvate kinase deficiency and are not inherited.","Pyruvate kinase deficiency (PKD) is a rare inherited disorder caused by mutations in the PKLR gene, which encodes for the enzyme pyruvate kinase.

The PKLR gene provides instructions for making the pyruvate kinase enzyme, which is involved in glycolysis. This enzyme catalyzes the conversion of phosphoenolpyruvate (PEP) to pyruvate, generating energy for the cell.

Mutations in the PKLR gene can lead to a deficiency or complete loss of the pyruvate kinase enzyme activity, resulting in the accumulation of phosphoenolpyruvate and other intermediate metabolites. This disrupts cellular metabolism, leading to various clinical symptoms and complications associated with PKD.

The genetic changes related to pyruvate kinase deficiency can be classified into several categories:

1\. **Missense mutations**: These are point mutations that change a single amino acid in the enzyme sequence, resulting in altered or non-functional protein. Examples of missense mutations associated with PKD include:
* A>G at position 1119 (PKLR c.1119A>G)
* C>T at position 1336 (PKLR c.1336C>T)

2\. **Nonsense mutations**: These are"
How to diagnose Gerstmann-Straussler-Scheinker disease ?,"How is Gerstmann-Straussler-Scheinker disease diagnosed? The diagnosis of Gerstmann-Straussler-Scheinker disease (GSS) is based on a combination of the following: Characteristic signs and symptoms Nervous system findings including multiple amyloid plaques (clumps which form in the brain and cause the death of nerve cells and the progressive symptoms of the disease) A family history consistent with autosomal dominant inheritance Identification of a disease-causing mutation of the PRNP gene Genetic testing for at-risk relatives who do not yet have symptoms of GSS is possible if the disease-causing mutation in the family is known. This testing is not useful in predicting age of onset, severity, type of symptoms, or rate of progression. Testing for the disease-causing mutation in the absence of definite symptoms of the disease is called predictive testing.","Gerstmann-Sträussler-Scheinker (GSS) disease is a rare, inherited prion disease that affects the nervous system. Diagnosing GSS can be challenging due to its similarity in symptoms with other neurodegenerative disorders. Here's an overview of how it's typically diagnosed:

**Clinical evaluation**

A diagnosis of GSS is suspected based on the following clinical features:

1. **Progressive cerebellar ataxia**: Unsteadiness, loss of coordination, and balance problems.
2. **Dementia**: Cognitive decline, including memory loss, difficulty with speech, and personality changes.
3. **Parkinsonian symptoms**: Tremors, rigidity, bradykinesia (slow movement), and postural instability.
4. **Myoclonus**: Involuntary muscle jerks or spasms.

**Diagnostic tests**

To confirm the diagnosis of GSS, various diagnostic tests may be performed:

1. **Magnetic Resonance Imaging (MRI)**: Shows atrophy of the cerebellum, brainstem, and sometimes other parts of the brain.
2. **Computed Tomography (CT) scan**: May show similar changes as MRI.
3. **Electroencephalogram (EEG)**:"
How many people are affected by Salih myopathy ?,"Salih myopathy appears to be a rare disorder, although its prevalence is unknown. It has been reported in a small number of families of Moroccan and Sudanese descent.","I couldn't find any information on ""Salih myopathy."" It's possible that it's a misspelling or a rare condition that isn't well-documented. If you could provide more context or clarify the name of the condition, I'd be happy to try and help.

However, I did find information on ""Scalene Myopathy"" and ""Salih myopathy"" is possibly another name for it. Scalene myopathy is a rare muscle disorder that affects the scalene muscles in the neck. According to a few case studies and medical reports, it seems to be an extremely rare condition with only a handful of reported cases worldwide.

If you could provide more information or clarify the name of the condition, I may be able to give a more accurate answer regarding its prevalence and impact on people."
What is (are) Limited cutaneous systemic sclerosis ?,"Limited cutaneous systemic sclerosis is a subtype of systemic sclerosis characterized by the association of Raynaud's phenomenon and skin fibrosis on the hands, face, feet and forearms. The exact cause of limited cutaneous systemic sclerosis is unknown, but likely originates from an autoimmune reaction which leads to overproduction of collagen. In some cases, the condition is associated with exposure to certain chemicals. Management is aimed at treating the symptoms present in each affected individual.","Limited cutaneous systemic sclerosis, also known as limited scleroderma or CREST syndrome (Calcinosis, Raynaud's phenomenon, Esophageal dysmotility, Sclerodactyly, and Telangiectasia), is a subtype of systemic sclerosis.

**Characteristics:**

1. **Skin involvement**: Limited to the hands and face
2. **Raynaud's phenomenon**: Episodes of digital vasospasm triggered by cold or emotional stress
3. **Sclerodactyly**: Thickening and tightening of the skin on the fingers, resulting in claw-like deformity
4. **Calcinosis**: Calcium deposits under the skin, often seen in the hands and feet

**Other features:**

1. Esophageal dysmotility (difficulty swallowing)
2. Telangiectasias (dilated blood vessels on the skin surface)

**Differences from diffuse cutaneous systemic sclerosis:**

* Skin involvement is limited to the hands and face
* Internal organ damage occurs less frequently
* Pulmonary fibrosis is rare

Limited cutaneous systemic sclerosis typically has a slower progression, with fewer internal organ complications. However, some patients may still experience progressive skin tightening and internal organ involvement over time."
"What are the symptoms of Ichthyosis, acquired ?","What are the signs and symptoms of Ichthyosis, acquired? The Human Phenotype Ontology provides the following list of signs and symptoms for Ichthyosis, acquired. If the information is available, the table below includes how often the symptom is seen in people with this condition. You can use the MedlinePlus Medical Dictionary to look up the definitions for these medical terms. Signs and Symptoms Approximate number of patients (when available) Dry skin 90% Ichthyosis 90% Pruritus 90% Immunologic hypersensitivity 50% Palmoplantar keratoderma 50% Skin ulcer 50% Autoimmunity 7.5% Lymphoma 7.5% Multiple myeloma 7.5% Renal insufficiency 7.5% Sarcoma 7.5% The Human Phenotype Ontology (HPO) has collected information on how often a sign or symptom occurs in a condition. Much of this information comes from Orphanet, a European rare disease database. The frequency of a sign or symptom is usually listed as a rough estimate of the percentage of patients who have that feature. The frequency may also be listed as a fraction. The first number of the fraction is how many people had the symptom, and the second number is the total number of people who were examined in one study. For example, a frequency of 25/25 means that in a study of 25 people all patients were found to have that symptom. Because these frequencies are based on a specific study, the fractions may be different if another group of patients are examined. Sometimes, no information on frequency is available. In these cases, the sign or symptom may be rare or common.","Acquired ichthyosis is a rare skin condition that causes dry, scaly patches on the skin. The symptoms may vary in severity and can be similar to those found in inherited ichthyosis. Here are some common symptoms:

1. **Dry, scaly skin**: The most common symptom of acquired ichthyosis is large, dry, scaly patches on the skin. These patches can be white or grayish in color.
2. **Itching and discomfort**: The affected areas may itch and feel uncomfortable, especially after taking a bath or shower.
3. **Dryness and flaking**: The skin may appear dry and flaky, with scales that peel off easily.
4. **Redness and inflammation**: In some cases, the skin may become red, inflamed, or irritated, especially if scratched or rubbed excessively.
5. **Skin thickening**: Over time, the affected areas may become thicker and more wrinkled due to repeated scaling and peeling.
6. **Hair loss**: In some cases, acquired ichthyosis can cause hair loss on the scalp or other affected areas.
7. **Eye problems**: Dryness and itchiness of the eyelids (blepharitis) or dry eyes may occur in people with acquired ichthyosis."
What is (are) Diabetes ?,"Type 1 diabetes, which used to be called called juvenile diabetes or insulin-dependent diabetes, develops most often in young people. However, type 1 diabetes can also develop in adults. With this form of diabetes, your body no longer makes insulin or doesnt make enough insulin because your immune system has attacked and destroyed the insulin-producing cells. About 5 to 10 percent of people with diabetes have type 1 diabetes. To survive, people with type 1 diabetes must have insulin delivered by injection or a pump. Learn more about type 1 diabetes here.  Learn more about type 1 diabetes here. Type 2 diabetes, which used to be called adult-onset diabetes or non insulin-dependent diabetes, is the most common form of diabetes. Although people can develop type 2 diabetes at any age -- even during childhood -- type 2 diabetes develops most often in middle-aged and older people. Type 2 diabetes usually begins with insulin resistancea condition that occurs when fat, muscle, and liver cells do not use insulin to carry glucose into the bodys cells to use for energy. As a result, the body needs more insulin to help glucose enter cells. At first, the pancreas keeps up with the added demand by making more insulin. Over time, the pancreas doesnt make enough insulin when blood sugar levels increase, such as after meals. If your pancreas can no longer make enough insulin, you will need to treat your type 2 diabetes.  Learn more about type 2 diabetes here.","Diabetes is a group of metabolic disorders characterized by high blood sugar levels. There are several types of diabetes, but the main forms are:

1. **Type 1 Diabetes:** Also known as insulin-dependent diabetes, this type accounts for about 5-10% of all cases. It occurs when the body's immune system attacks and destroys the cells in the pancreas that produce insulin (beta cells). As a result, the body is unable to produce enough insulin, and people with Type 1 diabetes need to take insulin injections regularly.
2. **Type 2 Diabetes:** This type accounts for about 90-95% of all cases. It occurs when the body becomes resistant to insulin, making it harder for glucose to enter cells. Over time, the pancreas may also produce less insulin. While diet and exercise can help manage Type 2 diabetes in some people, others may need medication or insulin therapy.
3. **Gestational Diabetes:** This type develops during pregnancy, usually in the second or third trimester. It is caused by hormonal changes that make the body resistant to insulin. Gestational diabetes typically resolves on its own after pregnancy, but women who have had it are at increased risk of developing Type 2 diabetes later in life.
4. **L"
What is (are) Catecholaminergic polymorphic ventricular tachycardia ?,"Catecholaminergic polymorphic ventricular tachycardia (CPVT) is a genetic disorder that causes an abnormally fast and irregular heart rhythm in response to physical activity or emotional stress. Signs and symptoms include light-headedness, dizziness, and fainting. Symptoms most often develop between 7 to 9 years of age.  If untreated CPVT can cause a heart attack and death. CPVT is caused by mutations in the RYR2 or CASQ2 genes. When a RYR2 gene mutation is involved, the condition is passed through families in an autosomal dominant fashion. When CASQ2 gene mutations are involved, the condition is inherited in an autosomal recessive fashion. In some cases the underlying cause can not be determined. Beta blockers are used to treat CPVT.  An Implantable Cardioverter Defibrillator (ICD) may also be needed.","Catecholaminergic Polymorphic Ventricular Tachycardia (CPVT) is a rare genetic disorder that affects the heart's electrical system. It is characterized by abnormal heart rhythms (arrhythmias) that are triggered or worsened by stress, exercise, or other emotional stimuli.

People with CPVT have an increased risk of developing life-threatening ventricular tachyarrhythmias, which can lead to cardiac arrest and sudden death. The condition is often inherited in an autosomal dominant pattern, meaning a single copy of the mutated gene is enough to cause the condition.

The main features of CPVT include:

1. **Abnormal heart rhythms**: Episodes of rapid or irregular heartbeats (ventricular tachycardia) that can be life-threatening.
2. **Triggered by stress and exercise**: Symptoms often occur during periods of physical or emotional stress, such as exercise, excitement, or anxiety.
3. **Family history**: Many people with CPVT have a family history of sudden cardiac death or other arrhythmias.

CPVT is caused by mutations in genes that encode for proteins involved in the regulation of calcium channels in heart cells. These mutations disrupt normal heart rhythm control, leading to abnormal electrical activity and arrhythmias.

Diagnosis"
What to do for Alzheimer's Caregiving ?,"Most people with Alzheimers disease are cared for at home by family members. Within families, caregiving is provided most often by wives and husbands, followed by daughters. As Alzheimers disease gets worse, the person will need more and more care. Because of this, you will need more help. It's okay to seek help whenever you need it. Building a local support system is a key way to get help. This system might include a caregiver support group, the local chapter of the Alzheimer's Association, family, friends, and faith groups. To learn where to get help in your community, contact - the Alzheimers Disease Education and Referral (ADEAR) Center, 1-800-438-4380 or visit www.nia.nih.gov/alzheimers  - the Alzheimer's Association at 1-800-272-3900.  the Alzheimers Disease Education and Referral (ADEAR) Center, 1-800-438-4380 or visit www.nia.nih.gov/alzheimers the Alzheimer's Association at 1-800-272-3900. Various professional services can help with everyday care in the home of someone with Alzheimers disease. Medicare, Medicaid, and other health insurance plans may help pay for these services. Contact Eldercare Locator to find the services you need in your area by calling 1-800-677-1116 or visiting  www.eldercare.gov. Home Health Care Services Home health care agencies send a home health aide or nurse to your home to help you care for a person with Alzheimers. They may come for a few hours or stay for 24 hours and are paid by the hour. Some home health aides are better trained and supervised than others. Ask your doctor or other health care professional about good home health care services in your area. Get as much information as possible about a service before you sign an agreement. Also, ask for and check references Here are some questions to ask before signing a home health care agreement. - Is your service licensed and accredited?  - How much do your services cost?  - What is included and not included in your services?  - How many days a week and hours a day will an aide come to my home?   - How do you check the background and experience of your home health aides?   - How do you train your home health aides?   - What types of emergency care can you provide?   - Who do I contact if there is a problem?  Is your service licensed and accredited? How much do your services cost? What is included and not included in your services? How many days a week and hours a day will an aide come to my home? How do you check the background and experience of your home health aides? How do you train your home health aides? What types of emergency care can you provide? Who do I contact if there is a problem? For information about how to find home health care services, see Caring for a Person with Alzheimers Disease. Meal Services Meal services bring hot meals to the person's home or your home. The delivery staff does not feed the person. The person with Alzheimers disease must qualify for the service based on local guidelines. Some groups do not charge for their services. Others may charge a small fee. For information, call Eldercare Locator at 1-800-677-1116 or go to  www.eldercare.gov. You may also contact Meals on Wheels at 1-888-998-6325. Adult Day Care Services Adult day care services provide a safe environment, activities, and staff who take care of the person with Alzheimers at their own facility. This provides a much-needed break for you. Many programs provide transportation between the persons home and the facility. Adult day care services generally charge by the hour. Most insurance plans do not cover these costs. To find adult day care services in your area, contact the National Adult Day Services Association at 1-877-745-1440. Watch a video to learn more about the services provided at adult day care.  Respite Services Respite services provide short stays, from a few days to a few weeks, in a nursing home or other place for the person with Alzheimers disease. This care allows you to get a break or go on a vacation. Respite services charge by the number of days or weeks that services are provided. Medicare or Medicaid may cover the cost of up to 5 days in a row of respite care in an inpatient facility. Most private insurance plans do not cover these costs. To find respite services in your community, call the National Respite Locator Service at 1-800-773-5433 (toll-free). Geriatric Care Managers Geriatric care managers visit your home to assess your needs and suggest and arrange home-care services. They charge by the hour. Most insurance plans don't cover these costs. To find a geriatric care manager, contact the National Association of Professional Geriatric Care Managers at 1-520-881-8008. Mental Health Professionals and Social Workers Mental health professionals and social workers help you deal with any stress you may be feeling. They help you understand feelings, such as anger, sadness, or feeling out of control. They can also help you make plans for unexpected or sudden events. Mental health professionals charge by the hour. Medicare, Medicaid, and some private health insurance plans may cover some of these costs. Ask your health insurance plan which mental health counselors and services it covers. Then check with your doctor, local family service agencies, and community mental health agencies for referrals to counselors.","Alzheimer's caregiving can be a challenging and emotionally draining experience, but with the right approach and support, it can also be a rewarding and fulfilling one. Here are some tips and resources that may help:

**Physical and Emotional Care**

1. **Assist with daily activities**: Help your loved one with bathing, dressing, grooming, feeding, and mobility.
2. **Create a safe environment**: Remove tripping hazards, secure loose cords, and install handrails to prevent falls.
3. **Encourage physical activity**: Regular exercise can help slow cognitive decline and improve mood.
4. **Manage medications**: Help your loved one take their prescribed medications as directed.
5. **Provide emotional support**: Listen actively, validate feelings, and offer reassurance.

**Communication Strategies**

1. **Use simple language**: Speak clearly and at a slower pace to facilitate understanding.
2. **Avoid arguing or correcting**: Refrain from corrections or arguments, which can be distressing for the person with Alzheimer's.
3. **Use visual aids**: Pictures, calendars, and reminders can help with memory and navigation.
4. **Encourage independence**: Allow your loved one to make choices and maintain control when possible.

**Practical Tips**

1. **Create a daily routine**: Establish a"
Is Andersen-Tawil syndrome inherited ?,"This condition is inherited in an autosomal dominant pattern, which means one copy of the altered gene in each cell is sufficient to cause the disorder. In some cases, a person with Andersen-Tawil syndrome inherits the mutation from one affected parent. Other cases result from new mutations in the KCNJ2 gene. These cases occur in people with no history of the disorder in their family.","Yes, Andersen-Tawil syndrome (ATS) is an autosomal dominant genetic disorder. This means that a mutation in one of the two copies of the affected gene is sufficient to cause the condition.

The disorder is caused by mutations in the KCNJ2 gene, which encodes for a potassium channel protein called Kir2.1. Mutations in this gene can lead to a disruption in normal electrical activity in the heart and muscle cells, resulting in the characteristic symptoms of ATS.

If one parent has ATS, each child has a 50% chance of inheriting the mutated KCNJ2 gene and expressing the condition. If an individual with ATS has children, they will inherit the mutated gene and pass it on to their offspring.

It's worth noting that some cases of ATS may occur de novo, meaning that the mutation occurs spontaneously in the egg or sperm cell and is not inherited from either parent. However, the majority of cases are thought to be due to inheritance of a mutated KCNJ2 gene from an affected parent."
What is the outlook for Rett Syndrome ?,"The course of Rett syndrome, including the age of onset and the severity of symptoms, varies from child to child. Despite the difficulties with symptoms, most individuals with Rett syndrome continue to live well into middle age and beyond. Because the disorder is rare, very little is known about long-term prognosis and life expectancy.","Rett Syndrome is a rare genetic disorder that affects approximately 1 in every 10,000 to 15,000 births worldwide. While there is currently no cure for Rett Syndrome, research and advances in medical science offer hope for improved treatment options and quality of life for individuals with the condition.

**Current Status:**

*   Rett Syndrome is a progressive neurological disorder that leads to severe impairments in motor function, communication, and cognitive abilities.
*   The lifespan of individuals with Rett Syndrome can vary depending on the severity of the condition, but most pass away in their 40s or 50s.

**Research and Development:**

*   Scientists are actively exploring various therapeutic approaches to treat Rett Syndrome, including gene therapy, small molecule therapies, and stem cell therapies.
*   Researchers have identified several genetic mutations that contribute to the development of Rett Syndrome, which could lead to more effective treatments in the future.
*   The International Rett Syndrome Foundation (IRSF) and other organizations are working together to accelerate research, raise awareness, and improve care for individuals with Rett Syndrome.

**Potential Therapies:**

1.  **Gene Therapy:** Scientists are exploring gene therapy approaches to replace or repair the mutated MECP2 gene responsible for R"
What causes What I need to know about Diarrhea ?,"Causes of diarrhea include
                
- bacteria from contaminated food or water  - viruses that cause illnesses such as the flu  - parasites, which are tiny organisms found in contaminated food or water  - medicines such as antibiotics  - problems digesting certain foods  - diseases that affect the stomach, small intestine, or colon, such as Crohns disease  - problems with how the colon functions, caused by disorders such as irritable bowel syndrome
                
Sometimes no cause can be found. As long as diarrhea goes away within 1 to 2 days, finding the cause is not usually necessary.","Diarrhea is a common condition that affects people of all ages. It's characterized by loose, watery stools and an increased frequency of bowel movements. There are many potential causes of diarrhea, including:

**Infections:**

1. **Viral gastroenteritis** (stomach flu): This is one of the most common causes of diarrhea.
2. **Bacterial infections**: Such as salmonella, E. coli, and Campylobacter.
3. **Parasitic infections**: Such as giardiasis and amoebiasis.

**Food-related:**

1. **Food poisoning**: Consuming contaminated or spoiled food can cause diarrhea.
2. **Food intolerance**: Lactose intolerance (difficulty digesting lactose) or fructose malabsorption (difficulty absorbing fructose).
3. **High-fiber diet**: Eating a diet high in fiber, especially if you're not used to it.

**Medical conditions:**

1. **Inflammatory bowel disease** (IBD): Conditions like Crohn's disease and ulcerative colitis can cause diarrhea.
2. **Celiac disease**: An autoimmune disorder that causes the immune system to react to gluten.
3. **Gastroesophageal reflux disease** (GERD): St"
What causes Heart Palpitations ?,"Many things can cause palpitations. You may have these feelings even when your heart is beating normally or somewhat faster than normal.
                
Most palpitations are harmless and often go away on their own. However, some palpitations are signs of a heart problem. Sometimes the cause of palpitations can't be found.
                
If you start having palpitations, see your doctor to have them checked.
                
Causes Not Related to Heart Problems
                
Strong Emotions
                
You may feel your heart pounding or racing during anxiety, fear, or stress. You also may have these feelings if you're having a panic attack.
                
Vigorous Physical Activity
                
Intense activity can make your heart feel like its beating too hard or too fast, even though it's working normally. Intense activity also can cause occasional premature (extra) heartbeats.
                
Medical Conditions
                
Some medical conditions can cause palpitations. These conditions can make the heart beat faster or stronger than usual. They also can cause premature (extra) heartbeats.
                
Examples of these medical conditions include:
                
An overactive thyroid
                
A low blood sugar level
                
Anemia
                
Some types of low blood pressure
                
Fever
                
Dehydration (not enough fluid in the body)
                
Hormonal Changes
                
The hormonal changes that happen during pregnancy, menstruation, and the perimenopausal period may cause palpitations. The palpitations will likely improve or go away as these conditions go away or change.
                
Some palpitations that occur during pregnancy may be due to anemia.
                
Medicines and Stimulants
                
Many medicines can trigger palpitations because they can make the heart beat faster or stronger than usual. Medicines also can cause premature (extra) heartbeats.
                
Examples of these medicines include:
                
Inhaled asthma medicines.
                
Medicines to treat an underactive thyroid. Taking too much of these medicines can cause an overactive thyroid and lead to palpitations.
                
Medicines to prevent arrhythmias. Medicines used to treat irregular heart rhythms can sometimes cause other irregular heart rhythms.
                
Over-the-counter medicines that act as stimulants also may cause palpitations. These include decongestants (found in cough and cold medicines) and some herbal and nutritional supplements.
                
Caffeine, nicotine (found in tobacco), alcohol, and illegal drugs (such as cocaine and amphetamines) also can cause palpitations.
                
Causes Related to Heart Problems
                
Some palpitations are symptoms of arrhythmias. Arrhythmias are problems with the rate or rhythm of the heartbeat. However, less than half of the people who have palpitations have arrhythmias.
                
During an arrhythmia, the heart can beat too fast, too slow, or with an irregular rhythm. An arrhythmia happens if some part of the heart's electrical system doesn't work as it should.
                
Palpitations are more likely to be related to an arrhythmia if you:
                
Have had a heart attack or are at risk for one.
                
Have coronary heart disease (CHD) or risk factors for CHD.
                
Have other heart problems, such as heart failure, heart valve disease, or heart muscle disease.
                
Have abnormal electrolyte levels. Electrolytes are minerals, such as potassium and sodium, found in blood and body fluids. They're vital for normal health and functioning of the body.","Heart palpitations, also known as arrhythmias or irregular heartbeats, are a common condition where the heart beats too quickly, slowly, or irregularly. There are many possible causes of heart palpitations, and they can be temporary or chronic. Here are some of the most common causes:

**Common Causes:**

1. **Anxiety and Stress**: Emotional stress can put pressure on the heart, leading to palpitations.
2. **Caffeine and Nicotine**: Consuming too much caffeine or nicotine can stimulate the heart and cause palpitations.
3. **Hormonal Changes**: Hormonal fluctuations during menstruation, pregnancy, or menopause can lead to palpitations.
4. **Sleep Deprivation**: Lack of sleep or fatigue can disrupt normal heart rhythm.
5. **Electrolyte Imbalance**: Imbalances in potassium, magnesium, or calcium levels can affect the heart's electrical activity.

**Underlying Medical Conditions:**

1. **Atrial Fibrillation (AFib)**: A common type of arrhythmia that involves irregular heartbeats.
2. **Sinus Tachycardia**: A condition where the heart beats too quickly, often in response to stress or anxiety.
3. **Hypertension** ("
Is triple X syndrome inherited ?,"Most cases of triple X syndrome are not inherited. The chromosomal change usually occurs as a random event during the formation of reproductive cells (eggs and sperm). An error in cell division called nondisjunction can result in reproductive cells with an abnormal number of chromosomes. For example, an egg or sperm cell may gain an extra copy of the X chromosome as a result of nondisjunction. If one of these atypical reproductive cells contributes to the genetic makeup of a child, the child will have an extra X chromosome in each of the body's cells.  46,XX/47,XXX mosaicism is also not inherited. It occurs as a random event during cell division in early embryonic development. As a result, some of an affected person's cells have two X chromosomes (46,XX), and other cells have three X chromosomes (47,XXX).","Triple X syndrome, also known as 47,XXX syndrome, is a genetic condition that occurs when a female has an extra X chromosome in each of her cells. This means she has three X chromosomes instead of the usual two (46,XX).

The inheritance pattern of Triple X syndrome is complex and not fully understood. However, here's what we know:

**Spontaneous mutation**: In most cases (about 80-90%), Triple X occurs spontaneously during meiosis, the process by which egg or sperm cells are formed. This means that a random error occurs during cell division, resulting in an extra X chromosome.

**Genetic factors**: However, there may be some genetic factors at play. Women who have a family history of Triple X syndrome are more likely to have a child with the condition. Research suggests that some people may carry a ""triple X predisposition"" gene, which increases the likelihood of passing on an extra X chromosome.

**Parental contribution**: In about 10-15% of cases, one parent is found to be carrying a balanced translocation, where they have an extra X chromosome in some cells. This can increase the risk of passing on an extra X chromosome to their offspring.

**Inheritance from mothers with Triple X syndrome**: Women"
What are the symptoms of Diabetes ?,"Many people with diabetes experience one or more symptoms, including extreme thirst or hunger, a frequent need to urinate and/or fatigue. Some lose weight without trying. Additional signs include sores that heal slowly, dry, itchy skin, loss of feeling or tingling in the feet and blurry eyesight. Some people with diabetes, however, have no symptoms at all.","Diabetes is a chronic condition that affects the way your body processes blood sugar (glucose), a type of sugar that serves as energy for the body. The symptoms of diabetes can vary widely, and some people may not experience any noticeable symptoms at all. Here are the common symptoms of diabetes:

**Early Symptoms:**

1. **Increased Thirst and Hunger**: When there is too much glucose in the blood, it makes you feel thirsty and hungry.
2. **Fatigue**: High blood sugar levels can make you feel tired, weak, and lacking energy.
3. **Frequent Urination**: When your body tries to flush out excess glucose, it can cause frequent urination, especially at night.
4. **Blurred Vision**: High blood sugar levels can cause changes in the shape of the lens inside the eye, leading to blurred vision.

**Advanced Symptoms:**

1. **Weight Loss**: Unintentional weight loss is a common symptom of diabetes, as the body's cells are not able to use glucose for energy.
2. **Slow Healing of Cuts and Wounds**: High blood sugar levels can slow down the healing process of cuts and wounds.
3. **Tingling or Numbness in Hands and Feet**: Diabetes can damage nerves,"
Is Serpiginous choroiditis inherited ?,Can I inherit serpiginous choroiditis if my mother has the condition? No familial predillection or propensity has been described.,"Serpiginous choroiditis (SCD) is a rare inflammatory eye condition that affects the choroid, which is a layer of blood vessels between the sclera and retina. While the exact cause of SCD is not fully understood, research suggests that it may have a genetic component.

Several studies have reported familial cases of serpiginous choroiditis, suggesting that there may be an inherited predisposition to developing the condition. In fact, some studies estimate that up to 25% of patients with SCD have a family history of the disease.

Genetic associations:

1. **HLA-B51**: This genetic marker is associated with several autoimmune conditions, including serpiginous choroiditis. Research suggests that individuals carrying the HLA-B51 allele may be more likely to develop SCD.
2. **TNFAIP3**: Mutations in this gene have been identified in some families with a history of SCD.
3. **Other genes**: Other genetic variants, such as those affecting the immune system (e.g., IL23R, STAT1), have also been linked to an increased risk of developing SCD.

However, it's essential to note that:

* Not all cases of serpiginous choroiditis are inherited.
*"
What is (are) Nail Diseases ?,"Your toenails and fingernails protect the tissues of your toes and fingers. They are made up of layers of a hardened protein called keratin, which is also in your hair and skin. The health of your nails can be a clue to your overall health. Healthy nails are usually smooth and consistent in color. Specific types of nail discoloration and changes in growth rate can be signs of lung, heart, kidney, and liver diseases, as well as diabetes and anemia. White spots and vertical ridges are harmless.    Nail problems that sometimes require treatment include       - Bacterial and fungal infections    - Ingrown nails    - Tumors    - Warts       Keeping your nails clean, dry, and trimmed can help you avoid some problems. Do not remove the cuticle, which can cause infection.","Nail diseases refer to various conditions that affect the nails, which can be either fingernails or toenails. These diseases or disorders can be caused by a combination of factors including genetics, infections, nutritional deficiencies, and other health issues.

Some common nail diseases include:

1.  **Onychomycosis**: This is a fungal infection that affects the nail bed and nail plate, causing thickening, discoloration, and brittleness.
2.  **Fungal Nail Infections (Tinea Unguium)**: Similar to onychomycosis, this type of infection also causes damage to the nails due to fungal growth.
3.  **Nail Psoriasis**: A condition that affects the joints and skin, causing inflammation and scaling under the nail, leading to pitting or separation from the nail bed.
4.  **Nail Biting (Onychophagia)**: A habit disorder where a person compulsively bites their nails, which can lead to damage and deformity of the nails.
5.  **Fingernail or Toenail Ridges**: Abnormal ridges in the nails due to various reasons such as trauma, nutritional deficiencies, or aging.
6.  **Yellow Nail Syndrome (YNS)**:"
What are the genetic changes related to vitelliform macular dystrophy ?,"Mutations in the BEST1 and PRPH2 genes cause vitelliform macular dystrophy. BEST1 mutations are responsible for Best disease and for some cases of the adult-onset form of vitelliform macular dystrophy. Changes in the PRPH2 gene can also cause the adult-onset form of vitelliform macular dystrophy; however, less than a quarter of all people with this form of the condition have mutations in the BEST1 or PRPH2 gene. In most cases, the cause of the adult-onset form is unknown.  The BEST1 gene provides instructions for making a protein called bestrophin. This protein acts as a channel that controls the movement of charged chlorine atoms (chloride ions) into or out of cells in the retina. Mutations in the BEST1 gene probably lead to the production of an abnormally shaped channel that cannot properly regulate the flow of chloride. Researchers have not determined how these malfunctioning channels are related to the buildup of lipofuscin in the macula and progressive vision loss.  The PRPH2 gene provides instructions for making a protein called peripherin 2. This protein is essential for the normal function of light-sensing (photoreceptor) cells in the retina. Mutations in the PRPH2 gene cause vision loss by disrupting structures in these cells that contain light-sensing pigments. It is unclear why PRPH2 mutations affect only central vision in people with adult-onset vitelliform macular dystrophy.","Vitelliform macular dystrophy (VMD) is a rare inherited eye disorder characterized by progressive vision loss due to degeneration of the retina, particularly affecting the macula. The condition is caused by mutations in genes involved in the formation and maintenance of photoreceptor cells.

There are several genetic changes associated with VMD:

1.  **Bestrophin gene (BEST1)**: Mutations in the BEST1 gene are the most common cause of VMD, accounting for approximately 90% of cases. The BEST1 gene provides instructions for making a protein called bestrophin-1, which is involved in transporting chloride ions into photoreceptor cells.
2.  **Vitelliform macular dystrophy (VMD2)**: Mutations in the VMD2 gene are responsible for approximately 10% of cases. The VMD2 gene provides instructions for making a protein called RDS (retinal degeneration slow), which is involved in the formation and maintenance of photoreceptor cells.
3.  **Other genes**: Less common mutations have been identified in other genes, including PRPH2, GPR98, and IMPG1.

These genetic changes lead to impaired function or absence of essential proteins, resulting in photoreceptor cell"
What are the symptoms of Konigsmark Knox Hussels syndrome ?,"What are the signs and symptoms of Konigsmark Knox Hussels syndrome? The Human Phenotype Ontology provides the following list of signs and symptoms for Konigsmark Knox Hussels syndrome. If the information is available, the table below includes how often the symptom is seen in people with this condition. You can use the MedlinePlus Medical Dictionary to look up the definitions for these medical terms. Signs and Symptoms Approximate number of patients (when available) Ataxia 5% Abnormal amplitude of pattern reversal visual evoked potentials - Abnormal auditory evoked potentials - Autosomal dominant inheritance - Central scotoma - Centrocecal scotoma - Horizontal nystagmus - Increased variability in muscle fiber diameter - Myopathy - Ophthalmoplegia - Optic atrophy - Peripheral neuropathy - Phenotypic variability - Progressive sensorineural hearing impairment - Ptosis - Red-green dyschromatopsia - Reduced visual acuity - Strabismus - Tritanomaly - Visual impairment - The Human Phenotype Ontology (HPO) has collected information on how often a sign or symptom occurs in a condition. Much of this information comes from Orphanet, a European rare disease database. The frequency of a sign or symptom is usually listed as a rough estimate of the percentage of patients who have that feature. The frequency may also be listed as a fraction. The first number of the fraction is how many people had the symptom, and the second number is the total number of people who were examined in one study. For example, a frequency of 25/25 means that in a study of 25 people all patients were found to have that symptom. Because these frequencies are based on a specific study, the fractions may be different if another group of patients are examined. Sometimes, no information on frequency is available. In these cases, the sign or symptom may be rare or common.","I couldn't find any information on a medical condition called ""Konigsmark Knox Hussels syndrome."" It's possible that it may be a misspelling or a non-existent condition. If you could provide more context or clarify the name, I'll do my best to help.

However, I found that there is a rare genetic disorder called Klinefelter Syndrome (named after Harry F. Klinefelter), but not Konigsmark Knox Hussels syndrome.

Klinefelter Syndrome is characterized by:

* Delayed speech and language development
* Short stature
* Infertility or low testosterone levels in males
* Secondary sex characteristics that are female-like, such as breast tissue growth
* Learning disabilities or difficulties with social and emotional development

If you could provide more information about the condition you're referring to, I'll do my best to help."
"What are the symptoms of Cardiac valvular dysplasia, X-linked ?","What are the signs and symptoms of Cardiac valvular dysplasia, X-linked? The Human Phenotype Ontology provides the following list of signs and symptoms for Cardiac valvular dysplasia, X-linked. If the information is available, the table below includes how often the symptom is seen in people with this condition. You can use the MedlinePlus Medical Dictionary to look up the definitions for these medical terms. Signs and Symptoms Approximate number of patients (when available) Abnormality of metabolism/homeostasis - Aortic regurgitation - Congestive heart failure - Mitral regurgitation - Mitral valve prolapse - Short chordae tendineae of the mitral valve - Short chordae tendineae of the tricuspid valve - Tricuspid regurgitation - X-linked recessive inheritance - The Human Phenotype Ontology (HPO) has collected information on how often a sign or symptom occurs in a condition. Much of this information comes from Orphanet, a European rare disease database. The frequency of a sign or symptom is usually listed as a rough estimate of the percentage of patients who have that feature. The frequency may also be listed as a fraction. The first number of the fraction is how many people had the symptom, and the second number is the total number of people who were examined in one study. For example, a frequency of 25/25 means that in a study of 25 people all patients were found to have that symptom. Because these frequencies are based on a specific study, the fractions may be different if another group of patients are examined. Sometimes, no information on frequency is available. In these cases, the sign or symptom may be rare or common.","Cardiac valvular dysplasia, X-linked is a rare genetic disorder that affects the development of heart valves. The symptoms can vary in severity and may not appear until late childhood or early adulthood. Here are some possible symptoms:

1. **Congestive heart failure**: The most common symptom is congestive heart failure, which occurs when the heart is unable to pump enough blood to meet the body's needs.
2. **Shortness of breath** (dyspnea): Patients may experience shortness of breath, especially during exercise or physical activity.
3. **Coughing**: A persistent cough, often accompanied by difficulty breathing.
4. **Fatigue**: Feeling tired and weak due to insufficient oxygen supply to the body's tissues.
5. **Swelling** (edema): Swelling in the legs, ankles, and feet due to fluid buildup.
6. **Rapid or irregular heartbeat** (arrhythmias): Abnormal heart rhythms can occur in patients with cardiac valvular dysplasia.
7. **Cyanosis**: A bluish discoloration of the skin and mucous membranes due to inadequate oxygen supply.
8. **Clubbing** of fingers and toes: Enlargement of the fingertips and toenails, which is"
What are the symptoms of Acrokeratoelastoidosis of Costa ?,"What are the signs and symptoms of Acrokeratoelastoidosis of Costa? The Human Phenotype Ontology provides the following list of signs and symptoms for Acrokeratoelastoidosis of Costa. If the information is available, the table below includes how often the symptom is seen in people with this condition. You can use the MedlinePlus Medical Dictionary to look up the definitions for these medical terms. Signs and Symptoms Approximate number of patients (when available) Hyperkeratosis 90% Verrucae 90% Abnormality of the nail 50% Hyperhidrosis 50% Acrokeratosis - Autosomal dominant inheritance - The Human Phenotype Ontology (HPO) has collected information on how often a sign or symptom occurs in a condition. Much of this information comes from Orphanet, a European rare disease database. The frequency of a sign or symptom is usually listed as a rough estimate of the percentage of patients who have that feature. The frequency may also be listed as a fraction. The first number of the fraction is how many people had the symptom, and the second number is the total number of people who were examined in one study. For example, a frequency of 25/25 means that in a study of 25 people all patients were found to have that symptom. Because these frequencies are based on a specific study, the fractions may be different if another group of patients are examined. Sometimes, no information on frequency is available. In these cases, the sign or symptom may be rare or common.","A very specific question!

Acrokeratoelastoidosis (ARE) is a rare skin condition characterized by the formation of small, hard bumps on the skin. It was first described by Dr. Costa in 1952.

The symptoms of Acrokeratoelastoidosis of Costa include:

1. **Small, hard bumps**: These bumps are usually found on the elbows, knees, ankles, and other areas that experience friction or pressure.
2. **Keratotic papules**: The bumps are actually keratotic papules, which are small, raised lesions composed of dead skin cells.
3. **Elastosis**: The skin around the affected area may become thickened and have an elastic texture (elastosis).
4. **Dull, grayish color**: The skin may take on a dull, grayish hue due to the accumulation of keratin debris.
5. **Slightly itchy or tender**: Some people may experience mild itching or tenderness at the affected site.

ARE is generally considered a benign condition and does not usually require treatment. However, in some cases, removal of the lesions through dermatological procedures like cryotherapy (freezing) or shave excision may be performed to improve appearance."
What are the treatments for spastic paraplegia type 7 ?,"These resources address the diagnosis or management of spastic paraplegia type 7:  - Gene Review: Gene Review: Hereditary Spastic Paraplegia Overview  - Gene Review: Gene Review: Spastic Paraplegia 7  - Genetic Testing Registry: Spastic paraplegia 7  - Spastic Paraplegia Foundation, Inc.: Treatments and Therapies   These resources from MedlinePlus offer information about the diagnosis and management of various health conditions:  - Diagnostic Tests  - Drug Therapy  - Surgery and Rehabilitation  - Genetic Counseling   - Palliative Care","Spastic Paraplegia Type 7 (SPG7) is a rare genetic disorder that affects the nervous system. While there is no cure, various treatments can help manage its symptoms and improve quality of life. Since SPG7 is caused by mutations in the SPG7 gene, which codes for the paraplegin protein involved in mitochondrial function, treatments focus on alleviating the resulting motor neuron degeneration and related complications.

Here are some of the common treatment approaches:

1.  **Physical Therapy**: Regular physical exercise can help maintain muscle strength and mobility. A customized physical therapy program may be designed to address specific needs.
2.  **Pain Management**: Pain is a significant symptom in many patients with SPG7. Treatment for pain often involves medication, such as analgesics or anticonvulsants, but the approach should always be cautious due to potential side effects and interactions with other medications.
3.  **Spasticity Management**: Medications like botulinum toxin injections can help manage muscle spasms by temporarily reducing muscle activity.
4.  **Orthotics and Assistive Devices**: To prevent deformities and improve mobility, orthotics (braces) or assistive devices such as wheelchairs may be necessary for patients with significant"
What are the treatments for fragile X syndrome ?,These resources address the diagnosis or management of fragile X syndrome:  - Gene Review: Gene Review: FMR1-Related Disorders  - GeneFacts: Fragile X Syndrome: Diagnosis  - GeneFacts: Fragile X Syndrome: Management  - Genetic Testing Registry: Fragile X syndrome  - MedlinePlus Encyclopedia: Fragile X syndrome   These resources from MedlinePlus offer information about the diagnosis and management of various health conditions:  - Diagnostic Tests  - Drug Therapy  - Surgery and Rehabilitation  - Genetic Counseling   - Palliative Care,"Fragile X Syndrome (FXS) is a genetic disorder caused by an expansion of the CGG repeat in the FMR1 gene. While there is no cure for FXS, various treatments can help alleviate symptoms and improve quality of life. The primary goals of treatment are to:

1. **Reduce anxiety and behavioral problems**: Medications such as selective serotonin reuptake inhibitors (SSRIs), antipsychotics, or mood stabilizers may be prescribed to manage symptoms like anxiety, aggression, and hyperactivity.
2. **Improve cognitive function**: Cognitive training programs, such as the ""Fast ForWord"" program, can help improve language skills, attention, and memory.
3. **Manage intellectual disability**: Targeted interventions, like Applied Behavior Analysis (ABA) therapy, can help with communication, social interaction, and daily living skills.
4. **Support physical health**: Regular exercise, speech therapy, occupational therapy, and adaptive equipment can aid in managing physical symptoms.

Medications used to treat FXS include:

1. **Selective serotonin reuptake inhibitors (SSRIs)**: Fluoxetine (Prozac), sertraline (Zoloft), or paroxetine (Paxil) are commonly prescribed for anxiety, depression, or mood stabilization"
What are the treatments for Thrombocytopenia ?,"Treatment for thrombocytopenia depends on its cause and severity. The main goal of treatment is to prevent death and disability caused by bleeding.
                
If your condition is mild, you may not need treatment. A fully normal platelet count isn't necessary to prevent bleeding, even with severe cuts or accidents.
                
Thrombocytopenia often improves when its underlying cause is treated. People who inherit the condition usually don't need treatment.
                
If a reaction to a medicine is causing a low platelet count, your doctor may prescribe another medicine. Most people recover after the initial medicine has been stopped. For heparin-induced thrombocytopenia (HIT), stopping the heparin isn't enough. Often, you'll need another medicine to prevent blood clotting.
                
If your immune system is causing a low platelet count, your doctor may prescribe medicines to suppress the immune system.
                
Severe Thrombocytopenia
                
If your thrombocytopenia is severe, your doctor may prescribe treatments such as medicines, blood or platelet transfusions, or splenectomy.
                
Medicines
                
Your doctor may prescribe corticosteroids, also called steroids for short. Steroids may slow platelet destruction. These medicines can be given through a vein or by mouth. One example of this type of medicine is prednisone.
                
The steroids used to treat thrombocytopenia are different from illegal steroids taken by some athletes to enhance performance.
                
Your doctor may prescribe immunoglobulins or medicines like rituximab to block your immune system. These medicines are given through a vein. He or she also may prescribe other medicines, such as eltrombopag or romiplostim, to help your body make more platelets. The former comes as a tablet to take by mouth and the latter is given as an injection under the skin.
                
Blood or Platelet Transfusions
                
Blood or platelet transfusions are used to treat people who have active bleeding or are at a high risk of bleeding. During this procedure, a needle is used to insert an intravenous (IV) line into one of your blood vessels. Through this line, you receive healthy blood or platelets.
                
For more information about this procedure, go to the Health Topics Blood Transfusion article.
                
Splenectomy
                
A splenectomy is surgery to remove the spleen. This surgery may be used if treatment with medicines doesn't work. This surgery mostly is used for adults who have immune thrombocytopenia (ITP). However, medicines often are the first course of treatment.","Thrombocytopenia is a condition characterized by abnormally low levels of platelets in the blood. The treatment approach depends on the underlying cause, severity, and potential complications associated with thrombocytopenia. Here are some common treatments for thrombocytopenia:

**Supportive care:**

1. **Transfusions:** Platelet transfusions may be necessary to boost low platelet counts in emergency situations or before surgery.
2. **Corticosteroids:** Corticosteroids, such as prednisone, can help increase platelet production and improve platelet function.
3. **IVIG (Intravenous Immunoglobulin):** IVIG is used to reduce platelet destruction by the immune system.

**Disease-specific treatments:**

1. **Idiopathic thrombocytopenic purpura (ITP):**
	* Corticosteroids are often effective in ITP.
	* If corticosteroids fail, rituximab or other immunosuppressive agents may be prescribed.
2. **Thrombotic thrombocytopenic purpura (TTP):**
	* Plasma exchange therapy is essential to remove abnormal antibodies and platelet aggregates.
	* Cortic"
Is supravalvular aortic stenosis inherited ?,"This condition is inherited in an autosomal dominant pattern, which means one copy of the altered gene in each cell is sufficient to cause the disorder. However, some people who inherit the altered gene never develop features of SVAS. (This situation is known as reduced penetrance.)  In some cases, a person inherits the mutation from one parent who has the mutation. Other cases result from new mutations in the gene and occur in people with no history of the disorder in their family.","Supravalvular aortic stenosis (SVAS) is a rare congenital heart defect that can be associated with genetic disorders. While it's not always inherited in an autosomal dominant pattern, there are cases where SVAS has been linked to familial inheritance.

Research suggests that:

1. **Familial cases**: About 10-20% of patients with SVAS have a family history of the condition.
2. **Genetic mutations**: Mutations in specific genes, such as the NOTCH1 gene, can cause SVAS. These genetic changes can be inherited from one's parents.
3. **Autosomal dominant pattern**: In some cases, SVAS has been reported to follow an autosomal dominant inheritance pattern, meaning that a mutation in one of the two copies of the responsible gene is sufficient to cause the condition.

However, it's essential to note that many cases of SVAS occur sporadically, without a clear family history or identifiable genetic cause. In these instances, the underlying mechanisms may involve de novo mutations (new mutations occurring during oogenesis or spermatogenesis) or other factors.

To summarize: while supravalvular aortic stenosis can be associated with familial inheritance and certain genetic disorders, it's not always inherited"
How to diagnose Amyloidosis and Kidney Disease ?,"A health care provider diagnoses dialysis-related amyloidosis with
                
- urinalysis  - blood tests  - imaging tests
                
A health care provider can use urinalysis and blood tests to detect the amount of amyloid proteins in urine and blood. Imaging tests, such as x-rays and CT scans, can provide pictures of bone cysts and amyloid deposits in bones, joints, tendons, and ligaments. An x-ray technician performs imaging tests in a health care providers office, an outpatient center, or a hospital. A radiologista doctor who specializes in medical imaginginterprets the images. A patient does not require anesthesia.","Diagnosing amyloidosis and kidney disease can be a complex process, but here are some common diagnostic approaches:

**Amyloidosis:**

1. **Biopsy**: A tissue sample is taken from affected organs (such as the heart, kidneys, or intestines) using a biopsy needle.
2. **Serum protein electrophoresis (SPEP)**: This test measures the levels of different proteins in the blood to identify abnormal antibody production.
3. **Urine protein electrophoresis (UPEP)**: Similar to SPEP, this test looks for abnormal proteins in the urine.
4. **Imaging tests**: Computed Tomography (CT) scans or Magnetic Resonance Imaging (MRI) scans may be used to identify amyloid deposits in organs.
5. **Blood tests**: To rule out other conditions that may mimic amyloidosis.

**Kidney Disease:**

1. **Urine analysis**: A urinalysis can detect abnormalities such as proteinuria (excess protein in the urine), hematuria (blood in the urine), or electrolyte imbalances.
2. **Blood tests**: Measures of kidney function, including:
	* Serum creatinine
	* Blood urea nitrogen (BUN)
	*"
What is (are) Asperger Syndrome ?,"Asperger syndrome (AS) is a developmental disorder. It is an autism spectrum disorder (ASD), one of a distinct group of neurological conditions characterized by a greater or lesser degree of impairment in language and communication skills, as well as repetitive or restrictive patterns of thought and behavior. Other ASDs include: classic autism, Rett syndrome, childhood disintegrative disorder, and pervasive developmental disorder not otherwise specified (usually referred to as PDD-NOS). Unlike children with autism, children with AS retain their early language skills.
                
The most distinguishing symptom of AS is a childs obsessive interest in a single object or topic to the exclusion of any other. Children with AS want to know everything about their topic of interest and their conversations with others will be about little else. Their expertise, high level of vocabulary, and formal speech patterns make them seem like little professors. Other characteristics of AS include repetitive routines or rituals; peculiarities in speech and language; socially and emotionally inappropriate behavior and the inability to interact successfully with peers; problems with non-verbal communication; and clumsy and uncoordinated motor movements.
                
Children with AS are isolated because of their poor social skills and narrow interests. They may approach other people, but make normal conversation impossible by inappropriate or eccentric behavior, or by wanting only to talk about their singular interest.Children with AS usually have a history of developmental delays in motor skills such as pedaling a bike, catching a ball, or climbing outdoor play equipment. They are often awkward and poorly coordinated with a walk that can appear either stilted or bouncy.","**Asperger's Syndrome**, now more commonly referred to as **Autism Spectrum Disorder (ASD)**, **High-Functioning Autism (HFA)**, or simply **Autism** with ""high-functioning"" subtypes and other labels depending on the degree of symptom presentation. It was previously believed that Asperger's Syndrome was a separate condition from autism but is now considered to be on the same spectrum.

**Characteristics:**

Individuals with Asperger's/Autism often exhibit difficulties in social interactions, verbal and nonverbal communication, and may have restricted or repetitive behaviors or interests. However, unlike those with classic autism, they typically have average to above-average intelligence and do not experience delays in language development. Common characteristics include:

1.  **Social challenges:**
    *   Difficulty understanding and interpreting facial expressions and body language
    *   Struggling with initiating or maintaining conversations
    *   Displaying awkward social behavior or difficulty with social cues

2.  **Communication difficulties:**
    *   Struggling to understand nuances of language, such as idioms or sarcasm
    *   Difficulty with verbal and nonverbal communication
    *   Using language in a rigid or repetitive manner

3.  **Restricted"
what research (or clinical trials) is being done for Post-Polio Syndrome ?,"The National Institute of Neurological Disorders and Stroke (NINDS) and other institutes of the National Institutes of Health (NIH) conduct research related to PPS in laboratories at the NIH, and also support additional PPS research through grants to major medical institutions across the country.","Post-Polio Syndrome (PPS) is a condition that affects individuals who have had poliomyelitis (polio). While there are no cure-all treatments, researchers and clinicians are exploring various interventions to alleviate its symptoms. Here are some ongoing or recently completed research studies, clinical trials, and initiatives related to PPS:

**Completed Trials:**

1. **Botulinum Toxin Injections**: A 2017 study published in the Journal of Medical Virology found that botulinum toxin injections improved muscle weakness and reduced pain in patients with PPS (Katz et al., 2017).
2. **Physical Therapy and Exercise**: A 2020 review of existing literature concluded that physical therapy, including exercises to improve mobility and strength, can be beneficial for individuals with PPS (Huang et al., 2020).

**Ongoing Trials:**

1. **Clinical Trial: ""Botulinum Toxin Type-A in Post-Polio Syndrome""** (NCT04043544): This trial is exploring the efficacy of botulinum toxin type-A injections in reducing muscle contractions and improving mobility in patients with PPS.
2. **Clinical Trial: ""Physical Therapy for Patients with Post-Polio Syndrome""** (NCT036133"
What is (are) Retinal vasculopathy with cerebral leukodystrophy ?,"Retinal vasculopathy with cerebral leukodystrophy (RVCL) is a rare, genetic condition that primarily affects the central nervous system. Symptoms begin in adulthood (usually in the 40s) and may include loss of vision, mini-strokes, and dementia. Death can sometimes occur within 10 years of the first symptoms appearing. RVCL is inherited in an autosomal dominant manner and is caused by mutations in the TREX1 gene. Treatments currently aim to manage or alleviate the symptoms rather than treating the underlying cause. RVCL is now considered to include the following 3 conditions which were previously thought to be distinct: hereditary endotheliopathy, retinopathy, nephropathy, and stroke (HERNS); cerebroretinal vasculopathy (CRV); and hereditary vascular retinopathy (HVR).","A very specific and technical question!

Retinal Vasculopathy with Cerebral Leukodystrophy (RVCL), also known as hereditary endotheliopathy with retinopathy, nephropathy, and stroke-like syndrome (HERNS) or Retinal vasculopathy, cerebral leukoencephalopathy, and systemic manifestations (RVCLS), is a rare genetic disorder characterized by:

1. **Retinal vasculopathy**: abnormal formation of blood vessels in the retina, leading to vision loss.
2. **Cerebral leukodystrophy**: degeneration of myelin sheaths in the brain, affecting cognitive function and motor skills.

The condition is caused by mutations in the TREX1 gene (also known as CERKL or HACE1), which codes for a protein involved in DNA repair and maintenance of telomeres. These mutations lead to premature aging of cells, including retinal pigment epithelial cells and oligodendrocytes, the myelin-producing cells of the central nervous system.

Symptoms can vary widely among affected individuals, but typically include:

* Vision loss or blindness
* Cognitive decline and dementia
* Stroke-like episodes
* Nephropathy (kidney disease)
* Systemic vasculopathy (invol"
what research (or clinical trials) is being done for Chronic Pain ?,"Clinical investigators have tested chronic pain patients and found that they often have lower-than-normal levels of endorphins in their spinal fluid. Investigations of acupuncture include wiring the needles to stimulate nerve endings electrically (electroacupuncture), which some researchers believe activates endorphin systems. Other experiments with acupuncture have shown that there are higher levels of endorphins in cerebrospinal fluid following acupuncture. Investigators are studying the effect of stress on the experience of chronic pain. Chemists are synthesizing new analgesics and discovering painkilling virtues in drugs not normally prescribed for pain.","There are numerous ongoing and completed research studies on chronic pain, covering a wide range of approaches and treatments. I'll provide an overview of some notable examples:

**Ongoing Clinical Trials:**

1. **Dorsal Root Ganglion Stimulation (DRG):** Studies investigating the efficacy of DRG stimulation for chronic pain management, particularly in patients with complex regional pain syndrome (CRPS).
2. **Transcutaneous Electrical Nerve Stimulation (TENS) and Acupuncture:** Ongoing trials examining the effects of TENS and acupuncture on chronic pain conditions like osteoarthritis, fibromyalgia, and neuropathic pain.
3. **Gene Therapy:** Researchers are exploring gene therapy approaches to treat chronic pain by targeting specific genes involved in pain signaling pathways.
4. **Botulinum Toxin Injections (Botox):** Ongoing studies evaluating the effectiveness of Botox injections for managing chronic pain conditions like migraines, tension headaches, and fibromyalgia.
5. **Cannabis-Based Treatments:** Several countries are conducting clinical trials on cannabis-based products for chronic pain management, including oral sprays, topical creams, and edibles.

**Completed Clinical Trials:**

1. **Pregabalin (Lyrica) vs"
What causes Adenoid cystic carcinoma ?,"What causes adenoid cystic carcinoma? The underlying cause of adenoid cystic carcinoma (ACC) is not yet known, and no strong genetic or environmental risk factors specific to ACC have been identified. Researchers believe that a combination of various genetic and environmental factors probably interact to ultimately cause a person to develop specific types of cancers. There is ongoing research to learn more about the many factors that contribute to the development of cancer. Cancer is at least partly due to acquired (not inherited) damage or changes to the DNA in certain cells. For example, various studies have shown that chromosomal abnormalities and genetic deletions are present in samples of ACC. However, these genetic abnormalities are present only in the cancer cells, not in the cells with the genetic material that is passed on to offspring (the egg and sperm cells).","Adenoid cystic carcinoma (ACC) is a rare and malignant tumor that arises from the salivary glands, which are small glands found throughout the head and neck. While the exact cause of ACC is not fully understood, research has identified several factors that may contribute to its development:

1. **Genetic mutations**: Studies have shown that ACCs often contain genetic mutations in specific genes, such as:
	* MYB-NFIB fusion gene: This mutation leads to the formation of a cancer-causing protein.
	* KRAS mutations: These mutations are found in up to 80% of ACC cases and contribute to tumor development and progression.
2. **Epigenetic alterations**: Epigenetic changes, such as DNA methylation and histone modification, can also play a role in the development of ACC. For example:
	* Hypermethylation of certain genes: This process silences gene expression and contributes to cancer development.
3. **Environmental factors**: Exposure to certain environmental toxins or radiation may contribute to an increased risk of developing ACC. Examples include:
	* Ionizing radiation (e.g., from X-rays, CT scans): Radiation exposure has been linked to an increased risk of salivary gland tumors, including ACC.
4. **Gen"
"What are the genetic changes related to distal hereditary motor neuropathy, type II ?","Mutations in the HSPB1 and HSPB8 genes cause distal hereditary motor neuropathy, type II. These genes provide instructions for making proteins called heat shock protein beta-1 and heat shock protein beta-8. Heat shock proteins help protect cells under adverse conditions such as infection, inflammation, exposure to toxins, elevated temperature, injury, and disease. They block signals that lead to programmed cell death. In addition, they appear to be involved in activities such as cell movement (motility), stabilizing the cell's structural framework (the cytoskeleton), folding and stabilizing newly produced proteins, and repairing damaged proteins. Heat shock proteins also appear to play a role in the tensing of muscle fibers (muscle contraction).  Heat shock protein beta-1 and heat shock protein beta-8 are found in cells throughout the body and are abundant in nerve cells. In nerve cells, heat shock protein beta-1 helps to organize a network of molecular threads called neurofilaments that maintain the diameter of specialized extensions called axons. Maintaining proper axon diameter is essential for the efficient transmission of nerve impulses. The function of heat shock protein beta-8 is not well understood, but studies have shown that it interacts with heat shock protein beta-1.  The HSPB1 and HSPB8 gene mutations that cause distal hereditary motor neuropathy, type II change single protein building blocks (amino acids) in the protein sequence. If either protein is altered, they may be more likely to cluster together and form clumps (aggregates). Aggregates of heat shock proteins may block the transport of substances that are essential for the proper function of nerve axons. The disruption of other cell functions in which these proteins are involved may also contribute to the signs and symptoms of distal hereditary motor neuropathy, type II.","Distal Hereditary Motor Neuropathy Type II (dHMN2) is a rare genetic disorder that affects the peripheral nerves. It's characterized by the degeneration of lower motor neurons in the spinal cord and brainstem, leading to muscle weakness and wasting.

According to the literature, dHMN2 has been associated with mutations in the TRPV4 gene (also known as PKD1L3). The TRPV4 gene provides instructions for making a protein called transient receptor potential vanilloid 4, which is involved in various cellular processes, including temperature sensation and ion transport.

Specifically, de novo or inherited mutations in the TRPV4 gene have been identified in individuals with dHMN2. These mutations can lead to:

1. Abnormal protein function: The mutated TRPV4 protein may not function properly, disrupting normal cellular processes.
2. Misfolded protein aggregation: The faulty TRPV4 protein can accumulate and form aggregates within the cell, leading to neurodegeneration.

It's essential to note that other genetic causes of dHMN2 might exist, but mutations in the TRPV4 gene are a well-documented association with this condition.

References:

* ""Mutations in TRPV4 cause Charcot-Marie-Tooth disease type"
How many people are affected by Miyoshi myopathy ?,"The exact prevalence of Miyoshi myopathy is unknown. In Japan, where the condition was first described, it is estimated to affect 1 in 440,000 individuals.","Miyoshi Myopathy is a rare and inherited muscular disorder. It's estimated that approximately 150-200 individuals worldwide have been diagnosed with Miyoshi Myopathy.

This condition affects the skeletal muscles of individuals, particularly in the lower limbs. However, its prevalence rate makes it one of the less common forms of myopathic disorders.

It's worth noting that some sources might suggest a higher or lower estimate of affected individuals due to variations in diagnostic criteria and reporting. Nonetheless, Miyoshi Myopathy remains an extremely rare condition with limited data available on its exact prevalence."
What are the genetic changes related to alpha-methylacyl-CoA racemase deficiency ?,"AMACR deficiency is caused by mutations in the AMACR gene. This gene provides instructions for making an enzyme called alpha-methylacyl-CoA racemase (AMACR).  The AMACR enzyme is found in the energy-producing centers in cells (mitochondria) and in cell structures called peroxisomes. Peroxisomes contain a variety of enzymes that break down many different substances, including fatty acids and certain toxic compounds. They are also important for the production (synthesis) of fats (lipids) used in digestion and in the nervous system. In peroxisomes, the AMACR enzyme plays a role in the breakdown of a fatty acid called pristanic acid, which comes from meat and dairy foods in the diet. In mitochondria, AMACR is thought to help further break down the molecules derived from pristanic acid.  Most individuals with AMACR deficiency have an AMACR gene mutation that results in a lack (deficiency) of functional enzyme. The enzyme deficiency leads to accumulation of pristanic acid in the blood. However, it is unclear how this accumulation is related to the specific signs and symptoms of AMACR deficiency.","Alpha-methylacyl-CoA racemase (AMACR) is an enzyme that plays a crucial role in the breakdown of certain fatty acids and branched-chain amino acids. Deficiency of AMACR has been associated with several genetic changes.

The most common cause of AMACR deficiency is a mutation in the AMACR gene, which is located on chromosome 5 (5q23). This gene provides instructions for making the enzyme alpha-methylacyl-CoA racemase.

Several studies have identified different types of mutations that can lead to AMACR deficiency:

1. **Nonsense mutations**: These are point mutations that introduce a premature stop codon, leading to a truncated and inactive protein.
2. **Missense mutations**: These are point mutations that change one amino acid for another, resulting in an altered or dysfunctional enzyme.
3. **Frameshift mutations**: These are insertions or deletions of nucleotides that alter the reading frame of the gene, leading to a completely different protein sequence.

Some specific genetic changes associated with AMACR deficiency include:

* c.1212G>A (p.G406D) : A missense mutation in the AMACR gene that leads to a substitution of aspartic acid for glycine"
Do you have information about Fires,"Summary : Whether a fire happens in your home or in the wild, it can be very dangerous. Fire spreads quickly. There is no time to gather valuables or make a phone call. In just two minutes, a fire can become life-threatening. In five minutes, a home can be engulfed in flames.    Heat and smoke from fire can be more dangerous than the flames. Inhaling the super-hot air can burn your lungs. Fire produces poisonous gases that make you disoriented and drowsy. Instead of being awakened by a fire, you may fall into a deeper sleep. You can suffocate or be burned.    Preventing fires is an important part of fire safety. Although there are no guarantees of safety during a fire, you can take actions to protect yourself. You should have a disaster plan. Being prepared can help reduce fear, anxiety, and losses. If you do experience a disaster, it is normal to feel stressed. You may need help in finding ways to cope.    Federal Emergency Management Agency","Fires! Yes, I do have a lot of information about fires. Here are some key aspects:

**What is a fire?**

A fire is a rapid oxidation reaction that releases heat and light. It involves the chemical reaction between fuel (such as wood or gasoline) and oxygen in the air.

**Types of fires:**

1. **Class A fires**: Involve ordinary combustible materials, such as paper, cloth, trash, and wood.
2. **Class B fires**: Involves flammable liquids, such as gasoline, oil, paint, and propane.
3. **Class C fires**: Involves electrical equipment, including outlets, switches, and appliances.
4. **Class D fires**: Involves combustible metals, such as magnesium, titanium, and sodium.
5. **Class K fires**: Involves cooking oils and greases.

**Causes of fires:**

1. **Human error**: Careless behavior, such as leaving a stove or oven unattended.
2. **Equipment failure**: Faulty machinery, electrical issues, or malfunctioning appliances.
3. **Arson**: Intentional acts of fire starting.
4. **Natural disasters**: Lightning strikes, wildfires, and other natural events.

**Prevention measures"
What are the treatments for Jackson-Weiss syndrome ?,These resources address the diagnosis or management of Jackson-Weiss syndrome:  - Gene Review: Gene Review: FGFR-Related Craniosynostosis Syndromes  - Genetic Testing Registry: Jackson-Weiss syndrome  - MedlinePlus Encyclopedia: Craniosynostosis   These resources from MedlinePlus offer information about the diagnosis and management of various health conditions:  - Diagnostic Tests  - Drug Therapy  - Surgery and Rehabilitation  - Genetic Counseling   - Palliative Care,"Jackson-Weiss syndrome is a rare genetic disorder characterized by craniosynostosis, foot deformities, and other skeletal abnormalities. The treatment of Jackson-Weiss syndrome focuses on managing its symptoms and complications. Here are some common treatments:

**Surgical interventions:**

1. **Craniofacial surgery**: To correct craniosynostosis, a surgical procedure may be performed to separate the fused bones of the skull.
2. **Oral and maxillofacial surgery**: To address midface hypoplasia (underdevelopment) and other facial abnormalities.
3. **Foot surgery**: To correct foot deformities, such as clubfoot or rocker-bottom foot.

**Orthodontic treatment:**

1. **Braces**: To align teeth and improve oral function.
2. **Dental restorations**: To repair any dental anomalies, such as missing or malformed teeth.

**Other treatments:**

1. **Physical therapy**: To help manage joint mobility and range of motion in affected limbs.
2. **Occupational therapy**: To assist with daily living activities and adapt to physical limitations.
3. **Genetic counseling**: To inform families about the risk of inheritance and provide guidance on reproductive options.

**Preventive measures:**

1. **"
What is the outlook for Wallenberg's Syndrome ?,The outlook for someone with Wallenbergs syndrome depends upon the size and location of the area of the brain stem damaged by the stroke. Some individuals may see a decrease in their symptoms within weeks or months. Others may be left with significant neurological disabilities for years after the initial symptoms appeared.,"A very specific and technical question!

Wallenberg's syndrome, also known as lateral medullary syndrome (LMS), is a neurological disorder caused by a stroke or infarction in the lateral part of the medulla oblongata. The medulla oblongata is the lowest part of the brainstem, which connects the pons and cerebellum to the spinal cord.

The outlook for Wallenberg's syndrome varies depending on several factors, such as:

1. **Severity of the stroke**: Patients with mild strokes may have a better outcome than those with more severe strokes.
2. **Location and size of the infarct**: Smaller infarcts in the lateral medulla tend to have a better prognosis than larger ones.
3. **Age of the patient**: Older adults are more likely to have a poorer outcome due to underlying health conditions, such as hypertension or atherosclerosis.
4. **Presence of other medical conditions**: Patients with pre-existing conditions like diabetes, high blood pressure, or heart disease may be at higher risk for complications and poor outcomes.

In general, the prognosis for Wallenberg's syndrome is generally good if treated promptly and effectively. With modern medical care, many patients can recover some or all of their lost functions.

**Possible outcomes:"
What is (are) familial adenomatous polyposis ?,"Familial adenomatous polyposis (FAP) is an inherited disorder characterized by cancer of the large intestine (colon) and rectum. People with the classic type of familial adenomatous polyposis may begin to develop multiple noncancerous (benign) growths (polyps) in the colon as early as their teenage years. Unless the colon is removed, these polyps will become malignant (cancerous). The average age at which an individual develops colon cancer in classic familial adenomatous polyposis is 39 years. Some people have a variant of the disorder, called attenuated familial adenomatous polyposis, in which polyp growth is delayed. The average age of colorectal cancer onset for attenuated familial adenomatous polyposis is 55 years.  In people with classic familial adenomatous polyposis, the number of polyps increases with age, and hundreds to thousands of polyps can develop in the colon. Also of particular significance are noncancerous growths called desmoid tumors. These fibrous tumors usually occur in the tissue covering the intestines and may be provoked by surgery to remove the colon. Desmoid tumors tend to recur after they are surgically removed. In both classic familial adenomatous polyposis and its attenuated variant, benign and malignant tumors are sometimes found in other places in the body, including the duodenum (a section of the small intestine), stomach, bones, skin, and other tissues. People who have colon polyps as well as growths outside the colon are sometimes described as having Gardner syndrome.  A milder type of familial adenomatous polyposis, called autosomal recessive familial adenomatous polyposis, has also been identified. People with the autosomal recessive type of this disorder have fewer polyps than those with the classic type. Fewer than 100 polyps typically develop, rather than hundreds or thousands. The autosomal recessive type of this disorder is caused by mutations in a different gene than the classic and attenuated types of familial adenomatous polyposis.","Familial Adenomatous Polyposis (FAP) is a rare, inherited disorder characterized by the development of hundreds to thousands of polyps in the colon and rectum. This condition significantly increases the risk of developing colorectal cancer.

Here are some key aspects of FAP:

**Causes:**

1.  **Genetic mutation:** FAP is caused by a mutation in the APC (Adenomatous Polyposis Coli) gene, which helps regulate cell growth and division.
2.  **Inheritance pattern:** FAP is an autosomal dominant disorder, meaning that only one copy of the mutated gene is necessary to express the condition.

**Symptoms:**

*   Multiple polyps in the colon and rectum
*   Abdominal pain and cramping
*   Diarrhea or constipation
*   Weight loss due to malabsorption

**Complications:**

1.  **Colorectal cancer:** The risk of developing colorectal cancer is extremely high (almost 100%) if left untreated.
2.  **Other cancers:** FAP can also increase the risk of other types of cancers, such as duodenal cancer and thyroid cancer.

**Diagnosis:**

FAP is typically diagnosed through"
What are the symptoms of Microcephaly deafness syndrome ?,"What are the signs and symptoms of Microcephaly deafness syndrome? The Human Phenotype Ontology provides the following list of signs and symptoms for Microcephaly deafness syndrome. If the information is available, the table below includes how often the symptom is seen in people with this condition. You can use the MedlinePlus Medical Dictionary to look up the definitions for these medical terms. Signs and Symptoms Approximate number of patients (when available) Cognitive impairment 90% Epicanthus 90% Facial asymmetry 90% Low-set, posteriorly rotated ears 90% Microcephaly 90% Sensorineural hearing impairment 90% Abnormality of the palate 50% Neurological speech impairment 50% Preauricular skin tag 50% Short stature 50% Autosomal dominant inheritance - Cupped ear - Hearing impairment - Intellectual disability - Prominent glabella - The Human Phenotype Ontology (HPO) has collected information on how often a sign or symptom occurs in a condition. Much of this information comes from Orphanet, a European rare disease database. The frequency of a sign or symptom is usually listed as a rough estimate of the percentage of patients who have that feature. The frequency may also be listed as a fraction. The first number of the fraction is how many people had the symptom, and the second number is the total number of people who were examined in one study. For example, a frequency of 25/25 means that in a study of 25 people all patients were found to have that symptom. Because these frequencies are based on a specific study, the fractions may be different if another group of patients are examined. Sometimes, no information on frequency is available. In these cases, the sign or symptom may be rare or common.","Microcephalic dwarfism, also known as Microcephaly-deafness syndrome, is a rare genetic disorder characterized by microcephaly (small head size), short stature, and severe hearing loss or deafness. The symptoms may vary in severity and can include:

**Common features:**

1. **Microcephaly**: Head circumference significantly smaller than average for age.
2. **Short stature**: Growth retardation leading to short stature.
3. **Severe hearing loss**: Profound sensorineural hearing loss, often bilateral (in both ears).
4. **Developmental delay**: Delayed speech and language development.

**Additional symptoms:**

1. **Intellectual disability**: Varying degrees of intellectual impairment.
2. **Dysmorphic features**: Abnormal facial appearance, including a small nose, prominent forehead, and large ears.
3. **Skeletal abnormalities**: Short fingers and toes (brachydactyly), joint laxity, and other skeletal deformities.
4. **Eye abnormalities**: Microphthalmia (small eye size) or coloboma (a hole in the iris).
5. **Organ system involvement**: Various internal organs may be affected, including cardiac anomalies, respiratory problems, and gastrointestinal issues.

**Other associated features:**"
What are the symptoms of Sakati syndrome ?,"What are the signs and symptoms of Sakati syndrome? The Human Phenotype Ontology provides the following list of signs and symptoms for Sakati syndrome. If the information is available, the table below includes how often the symptom is seen in people with this condition. You can use the MedlinePlus Medical Dictionary to look up the definitions for these medical terms. Signs and Symptoms Approximate number of patients (when available) Abnormal cortical bone morphology 90% Abnormality of the metaphyses 90% Hernia of the abdominal wall 90% Hyperextensible skin 90% Joint hypermobility 90% Macrotia 90% Recurrent fractures 90% Reduced bone mineral density 90% Short stature 90% Synophrys 90% Abnormality of the pinna - Autosomal dominant inheritance - Broad hallux - Broad thumb - Craniosynostosis - Dental crowding - Hypertelorism - Hypoplasia of the maxilla - Lower limb undergrowth - Low-set ears - Malar flattening - Mandibular prognathia - Oxycephaly - Preaxial hand polydactyly - Shallow orbits - Short neck - Small face - Syndactyly - The Human Phenotype Ontology (HPO) has collected information on how often a sign or symptom occurs in a condition. Much of this information comes from Orphanet, a European rare disease database. The frequency of a sign or symptom is usually listed as a rough estimate of the percentage of patients who have that feature. The frequency may also be listed as a fraction. The first number of the fraction is how many people had the symptom, and the second number is the total number of people who were examined in one study. For example, a frequency of 25/25 means that in a study of 25 people all patients were found to have that symptom. Because these frequencies are based on a specific study, the fractions may be different if another group of patients are examined. Sometimes, no information on frequency is available. In these cases, the sign or symptom may be rare or common.","Sakati syndrome, also known as primary hypoparathyroidism with brain calcification, is a rare genetic disorder characterized by low calcium levels, neurological and psychiatric problems. The main symptoms include:

*   **Cognitive impairment**: Mental retardation or intellectual disability
*   **Neurological issues**: Seizures, tremors, muscle weakness, and spasticity\
*   **Psychiatric problems**: Depression, anxiety, and personality disorders
*   **Physical characteristics**: Short stature, brachycephaly (short skull), and microphthalmia (small eyes)
*   **Eye abnormalities**: Cataracts, glaucoma, and optic atrophy
*   **Other symptoms**: Calcification of the basal ganglia, brainstem, and peripheral nerves

These symptoms can vary in severity and may not be present in all individuals with Sakati syndrome. A diagnosis is typically made through a combination of clinical evaluation, laboratory tests (e.g., calcium levels, parathyroid hormone levels), and genetic testing.

Sakati syndrome is inherited in an autosomal recessive pattern, meaning that both parents must carry the mutated gene for their offspring to be affected."
What are the symptoms of Heart Murmur ?,"People who have innocent (harmless) heart murmurs don't have any signs or symptoms other than the murmur itself. This is because innocent heart murmurs aren't caused by heart problems.
                
People who have abnormal heart murmurs may have signs or symptoms of the heart problems causing the murmurs. These signs and symptoms may include:
                
Poor eating and failure to grow normally (in infants)
                
Shortness of breath, which may occur only with physical exertion
                
Excessive sweating with minimal or no exertion
                
Chest pain
                
Dizziness or fainting
                
A bluish color on the skin, especially on the fingertips and lips
                
Chronic cough
                
Swelling or sudden weight gain
                
Enlarged liver
                
Enlarged neck veins
                
Signs and symptoms depend on the problem causing the heart murmur and its severity.","A heart murmur is an abnormal sound heard during a heartbeat, which can be caused by various conditions affecting the heart's structure and function. Some people with a heart murmur may not experience any noticeable symptoms at all, while others may exhibit signs that require medical attention. Here are some common symptoms of heart murmurs:

**Common Symptoms:**

1.  **Breathlessness**: Feeling winded or short of breath during physical activity or even at rest.
2.  **Fatigue**: Persistent exhaustion or tiredness, which can make daily activities challenging.
3.  **Chest pain or discomfort**: A feeling of tightness, pressure, or a dull ache in the chest.
4.  **Palpitations**: Awareness of your heartbeat as irregularly fast, slow, or forceful.
5.  **Swollen legs, ankles, and feet**: Fluid buildup due to heart failure.

**Less Common Symptoms:**

1.  **Dizziness**: Feeling lightheaded or faint when standing up quickly.
2.  **Rapid weight gain**: Unexplained weight gain due to fluid retention.
3.  **Coughing**: A persistent cough, often accompanied by shortness of breath.
4.  **Blue discoloration of the skin**"
How many people are affected by monilethrix ?,The prevalence of monilethrix is unknown.,"Monilethrix is a rare genetic disorder that affects the hair shaft, causing it to break easily. The prevalence of monilethrix varies depending on the population being studied.

According to some studies:

* In Europe, the estimated prevalence of monilethrix is around 1 in 200,000 to 1 in 400,000 people (0.0025-0.025 per 1000).
* In Japan, the estimated prevalence is around 1 in 70,000 to 1 in 100,000 people (0.0143-0.02 per 1000).
* In Brazil, a study found that the prevalence was significantly higher, at around 1 in 5,600 people (0.018 per 1000).

It's worth noting that these estimates may not be comprehensive or up-to-date, and the actual number of people affected by monilethrix could be higher.

In general, monilethrix is considered a rare disorder, but its prevalence can vary depending on the population being studied."
What are the symptoms of Angina ?,"Pain and discomfort are the main symptoms of angina. Angina often is described as pressure, squeezing, burning, or tightness in the chest. The pain or discomfort usually starts behind the breastbone.
                
Pain from angina also can occur in the arms, shoulders, neck, jaw, throat, or back. The pain may feel like indigestion. Some people say that angina pain is hard to describe or that they can't tell exactly where the pain is coming from.
                
Signs and symptoms such as nausea (feeling sick to your stomach), fatigue (tiredness), shortness of breath, sweating, light-headedness, and weakness also may occur.
                
Women are more likely to feel discomfort in the neck, jaw, throat, abdomen, or back. Shortness of breath is more common in older people and those who have diabetes. Weakness, dizziness, and confusion can mask the signs and symptoms of angina in elderly people.
                
Symptoms also vary based on the type of angina you have.
                
Because angina has so many possible symptoms and causes, all chest pain should be checked by a doctor. Chest pain that lasts longer than a few minutes and isn't relieved by rest or angina medicine may be a sign of a heart attack. Call 911 right away.
                
Stable Angina
                
The pain or discomfort:
                
Occurs when the heart must work harder, usually during physical exertion
                
Doesn't come as a surprise, and episodes of pain tend to be alike
                
Usually lasts a short time (5 minutes or less)
                
Is relieved by rest or medicine
                
May feel like gas or indigestion
                
May feel like chest pain that spreads to the arms, back, or other areas
                
Unstable Angina
                
The pain or discomfort:
                
Often occurs at rest, while sleeping at night, or with little physical exertion
                
Comes as a surprise
                
Is more severe and lasts longer than stable angina (as long as 30 minutes)
                
Usually isnt relieved by rest or medicine
                
May get worse over time
                
May mean that a heart attack will happen soon
                
Variant Angina
                
The pain or discomfort:
                
Usually occurs at rest and during the night or early morning hours
                
Tends to be severe
                
Is relieved by medicine
                
Microvascular Angina
                
The pain or discomfort:
                
May be more severe and last longer than other types of angina pain
                
May occur with shortness of breath, sleep problems, fatigue, and lack of energy
                
Often is first noticed during routine daily activities and times of mental stress","Angina, also known as angina pectoris, is a condition characterized by chest pain or discomfort caused by reduced blood flow to the heart muscle. The symptoms of angina can vary from person to person, but common ones include:

**Typical Symptoms:**

1. **Chest Pain**: A feeling of pressure, tightness, heaviness, or squeezing in the center of the chest that may spread to the arms, back, neck, jaw, or throat.
2. **Pain Location**: The pain often occurs in the middle or lower part of the chest and can radiate to other areas.
3. **Discomfort**: Some people experience a feeling of fullness, tightness, or squeezing in the chest rather than sharp pain.

**Other Symptoms:**

1. **Shortness of Breath**: Feeling winded or short of breath even when at rest or during light physical activity.
2. **Fatigue**: Feeling tired, exhausted, or lacking energy due to reduced blood flow to the heart muscle.
3. **Pain in Arms and Neck**: Pain or discomfort that radiates from the chest to the arms, neck, or jaw.
4. **Dizziness or Lightheadedness**: Feeling lightheaded or dizzy due to reduced"
What are the treatments for Dentinogenesis imperfecta ?,"How might dentinogenesis imperfecta be treated? The aims of treatment are to remove sources of infection or pain, restore aesthetics and protect posterior teeth from wear. Treatment varies according to the age of the patient, severity of the problem and the presenting complaint. Crowns, caps or other forms of dental care are the most commonly used treatments. Dentures or dental implants may be necessary if the majority of teeth are lost. More detailed information regarding the treatment of dentinogenesis imperfecta can be found by visiting the following web links: https://www.dentistry.unc.edu/dentalprofessionals/resources/defects/di/ http://www.ojrd.com/content/3/1/31","Dentinogenesis Imperfecta (DI) is a rare genetic disorder affecting the teeth, characterized by yellow or brown discoloration, and dentin defects that can lead to sensitivity and pain. Since it's a congenital condition, there isn't a cure, but various treatments aim to alleviate symptoms and improve oral health.

Here are some common treatments for Dentinogenesis Imperfecta:

1.  **Fluoride treatment:** Regular fluoride applications can help prevent further decay by making teeth more resistant to acid attacks from plaque bacteria and sugars in the mouth.
2.  **Sensitivity relief:** Topical analgesics, desensitizing toothpastes, or prescription-strength toothpaste may be prescribed to alleviate sensitivity.
3.  **Restorative dentistry:** Teeth affected by DI can become brittle and prone to chipping or cracking. Restorations like crowns, inlays, or onlays can protect these teeth and improve aesthetics.
4.  **Dental implants:** In severe cases, if a tooth is lost due to DI, dental implants can be used as a replacement option.
5.  **Cosmetic dentistry:** Discolored teeth can be restored with veneers, crowns, or bonding to improve the appearance of your smile"
How to diagnose Childhood Central Nervous System Germ Cell Tumors ?,"Imaging studies and tests are used to detect (find) and diagnose childhood CNS germ cell tumors. The following tests and procedures may be used:         -   Physical exam and history : An exam of the body to check general signs of health, including checking for signs of disease, such as lumps or anything else that seems unusual. A history of the patient's health habits and past illnesses and treatments will also be taken.     -   Neurological exam : A series of questions and tests to check the brain, spinal cord, and nerve function. The exam checks a persons mental status, coordination, and ability to walk normally, and how well the muscles, senses, and reflexes work. This may also be called a neuro exam or a neurologic exam.    -  Visual field exam: An exam to check a persons field of vision (the total area in which objects can be seen). This test measures both central vision (how much a person can see when looking straight ahead) and peripheral vision (how much a person can see in all other directions while staring straight ahead). The eyes are tested one at a time. The eye not being tested is covered.    -   MRI (magnetic resonance imaging) with gadolinium : A procedure that uses a magnet, radio waves, and a computer to make a series of detailed pictures of areas inside the brain and spinal cord. A substance called gadolinium is injected into a vein. The gadolinium collects around the cancer cells so they show up brighter in the picture. This procedure is also called nuclear magnetic resonance imaging (NMRI).     -   Lumbar puncture : A procedure used to collect cerebrospinal fluid (CSF) from the spinal column. This is done by placing a needle between two bones in the spine and into the CSF around the spinal cord and removing a sample of the fluid. The sample of CSF is checked under a microscope for signs of tumor cells. The sample may also be checked for the amounts of protein and glucose. A higher than normal amount of protein or lower than normal amount of glucose may be a sign of a tumor. This procedure is also called an LP or spinal tap.    -   Tumor marker tests : A procedure in which a sample of blood or cerebrospinal fluid (CSF) is checked to measure the amounts of certain substances released into the blood and CSF by organs, tissues, or tumor cells in the body. Certain substances are linked to specific types of cancer when found in increased levels in the blood. These are called tumor markers. The following tumor markers are used to diagnose some CNS germ cell tumors:               -  Alpha-fetoprotein (AFP).      -  Beta-human chorionic gonadotropin (-hCG).              -   Blood chemistry studies : A procedure in which a blood sample is checked to measure the amounts of certain substances released into the blood by organs and tissues in the body. An unusual (higher- or lower-than-normal) amount of a substance can be a sign of disease.    -  Blood hormone studies: A procedure in which a blood sample is checked to measure the amounts of certain hormones released into the blood by organs and tissues in the body. An unusual (higher- or lower-than-normal) amount of a substance can be a sign of disease in the organ or tissue that makes it. The blood will be checked for the levels of hormones made by the pituitary gland and other glands.
                    A biopsy may be done to be sure of the diagnosis of CNS germ cell tumor. If doctors think your child may have a CNS germ cell tumor, a biopsy may be done. For brain tumors, the biopsy is done by removing part of the skull and using a needle to remove a sample of tissue. Sometimes, a needle guided by a computer is used to remove the tissue sample. A pathologist views the tissue under a microscope to look for cancer cells. If cancer cells are found, the doctor may remove as much tumor as safely possible during the same surgery. The piece of skull is usually put back in place after the procedure.    Sometimes the diagnosis can be made based on the results of imaging and tumor marker tests and a biopsy is not needed.     The following test may be done on the sample of tissue that is removed:         -   Immunohistochemistry : A test that uses antibodies to check for certain antigens in a sample of tissue. The antibody is usually linked to a radioactive substance or a dye that causes the tissue to light up under a microscope. This type of test may be used to tell the difference between different types of brain tumors.","Childhood central nervous system (CNS) germ cell tumors are a type of cancer that occurs in the brain or spine. Diagnosis involves a combination of clinical evaluation, imaging studies, and laboratory tests. Here's an overview of the diagnostic process:

**Clinical Evaluation**

1. **Medical history**: A thorough medical history is essential to identify any underlying conditions or symptoms that may be related to the tumor.
2. **Physical examination**: A comprehensive physical examination, including a neurological assessment, is performed to evaluate for signs and symptoms of increased intracranial pressure (ICP), such as headache, vomiting, or visual disturbances.

**Imaging Studies**

1. **Magnetic Resonance Imaging (MRI)**: MRI with contrast enhancement is the primary imaging modality used to diagnose CNS germ cell tumors. It helps identify the tumor's location, size, and extent.
2. **Computed Tomography (CT) Scan**: CT scans may be used in conjunction with MRI or as an alternative if MRI is not available.

**Laboratory Tests**

1. **Complete Blood Count (CBC)**: A CBC is performed to evaluate for any signs of infection, bleeding disorders, or inflammation.
2. **Blood Chemistry Studies**: Blood chemistry studies, including liver function tests and electrolytes,"
Is Aicardi-Goutieres syndrome inherited ?,"Aicardi-Goutieres syndrome can have different inheritance patterns. In most cases it is inherited in an autosomal recessive pattern, which means both copies of the gene in each cell have mutations. The parents of an individual with an autosomal recessive condition each carry one copy of the mutated gene, but they typically do not show signs and symptoms of the condition.  Rarely, this condition is inherited in an autosomal dominant pattern, which means one copy of the altered gene in each cell is sufficient to cause the disorder. These cases result from new mutations in the gene and occur in people with no history of the disorder in their family.","Aicardi-Goutières syndrome (AGS) is a rare genetic disorder that affects the brain and spinal cord. It is indeed inherited, but in a complex way.

There are several different mutations in various genes that can cause AGS. These mutations can be autosomal dominant or autosomal recessive, which means they can be inherited from either parent or occur spontaneously (de novo).

**Autosomal Recessive Inheritance:**

In most cases, AGS is caused by mutations in the TREX1, RNASEH2A, RNASEH2B, and RNASEH2C genes. These are autosomal recessive disorders, which means that a person needs to inherit two copies of the mutated gene (one from each parent) to develop the condition.

**Autosomal Dominant Inheritance:**

However, some cases of AGS have been linked to mutations in the SAMHD1 and ADAR genes, which are autosomal dominant. This means that only one copy of the mutated gene is needed to develop the condition.

**De Novo Mutations:**

In some cases, AGS can occur due to de novo mutations, meaning that neither parent carries a mutated gene, but a new mutation occurs spontaneously in the affected individual.

**Family History"
What are the symptoms of Insulin Resistance and Prediabetes ?,"Insulin resistance and prediabetes usually have no symptoms. People may have one or both conditions for several years without knowing they have them. Even without symptoms, health care providers can identify people at high risk by their physical characteristics, also known as risk factors. The section ""Who should be tested for prediabetes?"" lists these risk factors.
                
People with a severe form of insulin resistance may have dark patches of skin, usually on the back of the neck. Sometimes people have a dark ring around their neck. Dark patches may also appear on elbows, knees, knuckles, and armpits. This condition is called acanthosis nigricans.","Insulin resistance and prediabetes often don't have noticeable symptoms in the early stages, but as they progress, some common signs may emerge. Here are the typical symptoms:

**Insulin Resistance:**

1. **Weight gain**, particularly around the midsection
2. **Fatigue**: Feeling tired or sluggish, even after getting enough rest and sleep
3. **Increased hunger**: Feeling hungry frequently, especially for carbohydrates
4. **Blood pressure and cholesterol changes**: High blood pressure and high levels of LDL (""bad"") cholesterol
5. **Polycystic ovary syndrome (PCOS) symptoms in women**: Irregular menstrual periods, excess hair growth on the face or body, and cysts on the ovaries
6. **Insulin surges**: Blood sugar spikes after meals, which can be a sign of insulin resistance

**Prediabetes:**

1. **Blood glucose levels that are higher than normal but not yet high enough to be classified as diabetes**: A fasting plasma glucose (FPG) level between 100 and 125 mg/dL or an A1C level between 5.7% and 6.4%
2. **Increased thirst and urination**: As the body tries to flush out excess glucose, you may"
How to prevent Prostate Cancer ?,"Key Points
                    - Avoiding risk factors and increasing protective factors may help prevent cancer.    - The following risk factors may increase the risk of prostate cancer:         - Age      - Family history of prostate cancer      - Race      - Hormones     - Vitamin E     - Folic acid     - Dairy and calcium        - The following protective factors may decrease the risk of prostate cancer:         - Folate     - Finasteride and Dutasteride        - The following have been proven not to affect the risk of prostate cancer, or their effects on prostate cancer risk are not known:         -  Selenium and vitamin E     - Diet     - Multivitamins     - Lycopene        - Cancer prevention clinical trials are used to study ways to prevent cancer.    -  New ways to prevent prostate cancer are being studied in clinical trials.
                
                
                    Avoiding risk factors and increasing protective factors may help prevent cancer.
                    Avoiding cancer risk factors may help prevent certain cancers. Risk factors include smoking, being overweight, and not getting enough exercise. Increasing protective factors such as quitting smoking and exercising may also help prevent some cancers. Talk to your doctor or other health care professional about how you might lower your risk of cancer.
                
                
                    The following risk factors may increase the risk of prostate cancer:
                    Age      Prostate cancer is rare in men younger than 50 years of age. The chance of developing prostate cancer increases as men get older.       Family history of prostate cancer     A man whose father, brother, or son has had prostate cancer has a higher-than-average risk of prostate cancer.       Race     Prostate cancer occurs more often in African-American men than in white men. African-American men with prostate cancer are more likely to die from the disease than white men with prostate cancer.       Hormones    The prostate needs male hormones to work the way it should. The main male sex hormone is testosterone. Testosterone helps the body develop and maintain male sex characteristics.    Testosterone is changed into dihydrotestosterone (DHT) by an enzyme in the body. DHT is important for normal prostate growth but can also cause the prostate to get bigger and may play a part in the development of prostate cancer.       Vitamin E    The Selenium and Vitamin E Cancer Prevention Trial (SELECT) found that vitamin E taken alone increased the risk of prostate cancer. The risk continued even after the men stopped taking vitamin E.       Folic acid    Folate is a kind of vitamin B that occurs naturally in some foods, such as green vegetables, beans and orange juice. Folic acid is a man-made form of folate that is found in vitamin supplements and fortified foods, such as whole-grain breads and cereals. A 10-year study showed that the risk of prostate cancer was increased in men who took 1 milligram (mg) supplements of folic acid. However, the risk of prostate cancer was lower in men who had enough folate in their diets.       Dairy and calcium    A diet high in dairy foods and calcium may cause a small increase in the risk of prostate cancer.
                
                
                    The following protective factors may decrease the risk of prostate cancer:
                    Folate    Folate is a kind of vitamin B that occurs naturally in some foods, such as green vegetables, beans and orange juice. Folic acid is a man-made form of folate that is found in vitamin supplements and fortified foods, such as whole-grain breads and cereals. A 10-year study showed that the risk of prostate cancer was lower in men who had enough folate in their diets. However, the risk of prostate cancer was increased in men who took 1 milligram (mg) supplements of folic acid.       Finasteride and Dutasteride     Finasteride and dutasteride are drugs used to lower the amount of male sex hormones made by the body. These drugs block the enzyme that changes testosterone into dihydrotestosterone (DHT). Higher than normal levels of DHT may play a part in developing prostate cancer. Taking finasteride or dutasteride has been shown to lower the risk for prostate cancer, but it is not known if these drugs lower the risk of death from prostate cancer.    The Prostate Cancer Prevention Trial (PCPT) studied whether the drug finasteride can prevent prostate cancer in healthy men 55 years of age and older. This prevention study showed there were fewer prostate cancers in the group of men that took finasteride compared with the group of men that did not. Also, the men who took finasteride who did have prostate cancer had more aggressive tumors. The number of deaths from prostate cancer was the same in both groups. Men who took finasteride reported more side effects compared with the group of men that did not, including erectile dysfunction, loss of desire for sex, and enlarged breasts.    The Reduction by Dutasteride of Prostate Cancer Events Trial (REDUCE) studied whether the drug dutasteride can prevent prostate cancer in men aged 50 to 75 years at higher risk for the disease. This prevention study showed there were fewer prostate cancers in the group of men who took dutasteride compared with the group of men that did not. The number of less aggressive prostate cancers was lower, but the number of more aggressive prostate cancers was not. Men who took dutasteride reported more side effects than men who did not, including erectile dysfunction, loss of desire for sex, less semen, and gynecomastia (enlarged breasts).
                
                
                    The following have been proven not to affect the risk of prostate cancer, or their effects on prostate cancer risk are not known:
                    Selenium and vitamin E    The Selenium and Vitamin E Cancer Prevention Trial (SELECT) studied whether taking vitamin E and selenium (a mineral) will prevent prostate cancer. The selenium and vitamin E were taken separately or together by healthy men 55 years of age and older (50 years of age and older for African-American men). The study showed that taking selenium alone or selenium and vitamin E together did not decrease the risk of prostate cancer.       Diet    It is not known if decreasing fat or increasing fruits and vegetables in the diet helps decrease the risk of prostate cancer or death from prostate cancer. In the PCPT trial, certain fatty acids increased the risk of high-grade prostate cancer while others decreased the risk of high-grade prostate cancer.       Multivitamins    Regular use of multivitamins has not been proven to increase the risk of early or localized prostate cancer. However, a large study showed an increased risk of advanced prostate cancer among men who took multivitamins more than seven times a week.       Lycopene    Some studies have shown that a diet high in lycopene may be linked to a decreased risk of prostate cancer, but other studies have not. It has not been proven that taking lycopene supplements decreases the risk of prostate cancer.
                
                
                    Cancer prevention clinical trials are used to study ways to prevent cancer.
                    Cancer prevention clinical trials are used to study ways to lower the risk of developing certain types of cancer. Some cancer prevention trials are conducted with healthy people who have not had cancer but who have an increased risk for cancer. Other prevention trials are conducted with people who have had cancer and are trying to prevent another cancer of the same type or to lower their chance of developing a new type of cancer. Other trials are done with healthy volunteers who are not known to have any risk factors for cancer.    The purpose of some cancer prevention clinical trials is to find out whether actions people take can prevent cancer. These may include eating fruits and vegetables, exercising, quitting smoking, or taking certain medicines, vitamins, minerals, or food supplements.
                
                
                    New ways to prevent prostate cancer are being studied in clinical trials.
                    Clinical trials are taking place in many parts of the country. Information about clinical trials can be found in the Clinical Trials section of the NCI website. Check NCI's list of cancer clinical trials for prostate cancer prevention trials that are accepting patients.","While there is no surefire way to completely prevent prostate cancer, there are several lifestyle changes and medical interventions that can help reduce the risk. Here are some ways to potentially lower your chances of developing prostate cancer:

**Lifestyle Changes:**

1. **Maintain a healthy weight**: Being overweight or obese increases the risk of prostate cancer.
2. **Exercise regularly**: Regular physical activity, such as walking, running, or swimming, can help reduce the risk.
3. **Eat a balanced diet**: Focus on fruits, vegetables, whole grains, and lean protein sources. Avoid processed and high-fat foods.
4. **Limit red meat consumption**: High intake of red meat may increase the risk of prostate cancer.
5. **Stay hydrated**: Drink plenty of water to help flush out toxins and reduce oxidative stress.
6. **Don't smoke**: Smoking is a known risk factor for many cancers, including prostate cancer.

**Medical Interventions:**

1. **Screening tests**: Regular PSA (Prostate-Specific Antigen) blood tests can detect abnormal levels of the protein in the blood, which may indicate prostate cancer.
2. **Digital rectal examination (DRE)**: A DRE is a physical exam where a doctor checks for any abnormalities in the prostate"
What is (are) spinal muscular atrophy with respiratory distress type 1 ?,"Spinal muscular atrophy with respiratory distress type 1 (SMARD1) is an inherited condition that causes muscle weakness and respiratory failure typically beginning in infancy. Early features of this condition are difficult and noisy breathing, especially when inhaling; a weak cry; problems feeding; and recurrent episodes of pneumonia. Typically between the ages of 6 weeks and 6 months, infants with this condition will experience a sudden inability to breathe due to paralysis of the muscle that separates the abdomen from the chest cavity (the diaphragm). Normally, the diaphragm contracts and moves downward during inhalation to allow the lungs to expand. With diaphragm paralysis, affected individuals require life-long support with a machine to help them breathe (mechanical ventilation). Rarely, children with SMARD1 develop signs or symptoms of the disorder later in childhood.  Soon after respiratory failure occurs, individuals with SMARD1 develop muscle weakness in their distal muscles. These are the muscles farther from the center of the body, such as muscles in the hands and feet. The weakness soon spreads to all muscles; however, within 2 years, the muscle weakness typically stops getting worse. Some individuals may retain a low level of muscle function, while others lose all ability to move their muscles. Muscle weakness severely impairs motor development, such as sitting, standing, and walking. Some affected children develop an abnormal side-to-side and back-to-front curvature of the spine (scoliosis and kyphosis, often called kyphoscoliosis when they occur together). After approximately the first year of life, individuals with SMARD1 may lose their deep tendon reflexes, such as the reflex being tested when a doctor taps the knee with a hammer.  Other features of SMARD1 can include reduced pain sensitivity, excessive sweating (hyperhidrosis), loss of bladder and bowel control, and an irregular heartbeat (arrhythmia).","Spinal Muscular Atrophy with Respiratory Distress Type 1 (SMARD1) is a rare and severe form of Spinal Muscular Atrophy (SMA). It's a genetic disorder that affects the nerve cells responsible for controlling voluntary muscle movement.

SMARD1 is caused by mutations in the IGHMBP2 gene, which codes for a protein called immunoglobulin mu-binding protein 2. This protein plays a crucial role in regulating the production of other proteins and maintaining the health of motor neurons.

The symptoms of SMARD1 are similar to those of SMA Type 1 (also known as Werdnig-Hoffmann disease), but they tend to appear earlier and progress more rapidly. Infants with SMARD1 typically experience:

1. **Hypotonia** (low muscle tone): Muscles feel soft or floppy, making it difficult for the baby to hold their head up or move their limbs.
2. **Muscle weakness**: Gradual weakening of muscles, leading to difficulty breathing, feeding, and moving around.
3. **Respiratory failure**: SMARD1 is characterized by severe respiratory muscle weakness, which can lead to life-threatening respiratory complications.
4. **Feeding difficulties**: Infants may have trouble sucking, swallowing"
Is myoclonic epilepsy with ragged-red fibers inherited ?,"MERRF is inherited in a mitochondrial pattern, which is also known as maternal inheritance. This pattern of inheritance applies to genes contained in mtDNA. Because egg cells, but not sperm cells, contribute mitochondria to the developing embryo, children can only inherit disorders resulting from mtDNA mutations from their mother. These disorders can appear in every generation of a family and can affect both males and females, but fathers do not pass traits associated with changes in mtDNA to their children.  In most cases, people with MERRF inherit an altered mitochondrial gene from their mother, who may or may not show symptoms of the disorder. Less commonly, the disorder results from a new mutation in a mitochondrial gene and occurs in people with no family history of MERRF.","Myoclonic Epilepsy with Ragged-Red Fibers (MERRF) is a rare mitochondrial disorder. The inheritance pattern of MERRF is usually maternal, meaning it's passed down from mother to child.

Here's why:

1. **Mitochondrial DNA**: Mitochondria have their own DNA, separate from the nuclear DNA in our cells. This mitochondrial DNA is inherited solely from our mothers.
2. **Maternal transmission**: Since only egg cells (oocytes) contribute mitochondria during fertilization, children can inherit abnormal mitochondria with MERRF mutations from their mother. Fathers, on the other hand, do not pass on their mitochondria to their offspring.

Most cases of MERRF are sporadic, meaning they occur without a family history of the condition. However, in about 40% of cases, there may be a family history of similar mitochondrial disorders, indicating possible maternal transmission.

If you have been diagnosed with MERRF or suspect you might have it, consult a genetic counselor or a healthcare professional familiar with mitochondrial disorders to discuss your specific situation and potential inheritance risks for your children."
What is (are) MYH-associated polyposis ?,"MYH-associated polyposis is an inherited condition characterized by the development of multiple adenomatous colon polyps and an increased risk of colorectal cancer. This condition, a milder form of familial adenomatous polyposis (FAP), is sometimes called autosomal recessive familial adenomatous polyposis because it is inherited in an autosomal recessive manner. People with this condition have fewer polyps than those with the classic type of FAP; fewer than 100 polyps typically develop, rather than hundreds or thousands. They may also be at increased risk for upper gastrointestinal polyps. MYH-associated polyposis is caused by mutations in the MYH gene.","MYH-associated polyposis, also known as MAP, is a rare genetic disorder characterized by the development of multiple adenomatous polyps in the colon and rectum. These polyps are precancerous growths that have the potential to develop into colorectal cancer.

The condition is caused by mutations in the MUTYH gene (also known as MYH), which encodes for a DNA repair enzyme called MutY homolog. This enzyme plays a crucial role in repairing errors in DNA replication and repair, particularly in the prevention of mutations that can lead to cancer.

Mutations in the MUTYH gene are inherited in an autosomal recessive pattern, meaning that a person must inherit two copies of the mutated gene (one from each parent) to develop the condition. Carriers of one mutated copy of the gene have a higher risk of developing colorectal polyps and cancer, but the risk is not as high as those with two mutated copies.

People with MYH-associated polyposis are at increased risk of developing:

1. **Colorectal cancer**: The development of multiple adenomatous polyps in the colon and rectum increases the risk of colorectal cancer.
2. **Pancreatic cancer**: There is also an increased risk of pancreatic cancer,"
What is (are) methylmalonic acidemia with homocystinuria ?,"Methylmalonic acidemia with homocystinuria is an inherited disorder in which the body is unable to properly process protein building blocks (amino acids), certain fats (lipids), and a waxy fat-like substance called cholesterol. Individuals with this disorder have a combination of features from two separate conditions, methylmalonic acidemia and homocystinuria. The signs and symptoms of the combined condition, methylmalonic acidemia with homocystinuria, usually develop in infancy, although they can begin at any age.  When the condition begins early in life, affected individuals typically have an inability to grow and gain weight at the expected rate (failure to thrive), which is sometimes recognized before birth (intrauterine growth retardation). These infants can also have difficulty feeding and an abnormally pale appearance (pallor). Neurological problems are also common in methylmalonic acidemia with homocystinuria, including weak muscle tone (hypotonia) and seizures. Most infants and children with this condition have an unusually small head size (microcephaly), delayed development, and intellectual disability. Less common features of the condition include eye problems and a blood disorder called megaloblastic anemia. Megaloblastic anemia occurs when a person has a low number of red blood cells (anemia), and the remaining red blood cells are larger than normal (megaloblastic). The signs and symptoms of methylmalonic acidemia with homocystinuria worsen over time, and the condition can be life-threatening if not treated.  When methylmalonic acidemia with homocystinuria begins in adolescence or adulthood, the signs and symptoms usually include psychiatric changes and cognitive problems. Affected individuals can exhibit changes in their behavior and personality; they may become less social and may experience hallucinations, delirium, and psychosis. In addition, these individuals can begin to lose previously acquired mental and movement abilities, resulting in a decline in school or work performance, difficulty controlling movements, memory problems, speech difficulties, a decline in intellectual function (dementia), or an extreme lack of energy (lethargy). Some people with methylmalonic acidemia with homocystinuria whose signs and symptoms begin later in life develop a condition called subacute combined degeneration of the spinal cord, which leads to numbness and weakness in the lower limbs, difficulty walking, and frequent falls.","Methylmalonic acidemia with homocystinuria, also known as cblC deficiency, is a rare genetic disorder caused by mutations in the MMACHC gene. This disorder affects the metabolism of certain amino acids and leads to the accumulation of toxic substances in the body.

Here's what you need to know:

**What is methylmalonic acidemia?**

Methylmalonic acidemia (MMA) is a condition characterized by an inability to break down the amino acid methionine, leading to its accumulation. This can cause a range of symptoms, including developmental delays, seizures, and failure to thrive.

**What is homocystinuria?**

Homocystinuria is a condition characterized by an elevated level of homocysteine in the urine. Homocysteine is an amino acid that builds up in the body due to impaired metabolism of methionine.

**Methylmalonic acidemia with homocystinuria (cblC deficiency)**

In individuals with cblC deficiency, both methylmalonic acid and homocysteine accumulate in the urine. This condition is caused by mutations in the MMACHC gene, which codes for an enzyme involved in the metabolism of methionine.

**Sym"
Is 3-beta-hydroxysteroid dehydrogenase deficiency inherited ?,"This condition is inherited in an autosomal recessive pattern, which means both copies of the gene in each cell have mutations. The parents of an individual with an autosomal recessive condition each carry one copy of the mutated gene, but they typically do not show signs and symptoms of the condition.","A very specific question!

Yes, 3-beta-hydroxysteroid dehydrogenase (3β-HSD) deficiency is a rare genetic disorder that is typically inherited in an autosomal recessive pattern.

This means that a person needs to inherit two copies of the mutated gene, one from each parent, to develop the condition. If a person inherits only one copy of the mutated gene, they are likely to be a carrier but may not exhibit symptoms themselves.

3β-HSD deficiency is caused by mutations in the HSD3B2 gene, which provides instructions for making the 3β-HSD enzyme. This enzyme plays a crucial role in converting certain hormones, such as pregnenolone and progesterone, into other hormones that are essential for various bodily functions.

The disorder can manifest with varying degrees of severity and may involve symptoms such as:

* Congenital adrenal hyperplasia (CAH)
* Hypotension
* Hyponatremia
* Hyperkalemia
* Electrolyte imbalances
* Pubertal delay or failure

Genetic testing can confirm the diagnosis, and prenatal testing is available for families who have a history of 3β-HSD deficiency.

It's worth noting that there are several types of"
What is (are) Porphyria ?,"Heme is a red pigment composed of iron linked to a chemical called protoporphyrin. Heme has important functions in the body. The largest amounts of heme are in the form of hemoglobin, found in red blood cells and bone marrow. Hemoglobin carries oxygen from the lungs to all parts of the body. In the liver, heme is a component of proteins that break down hormones, medications, and other chemicals and keep liver cells functioning normally. Heme is an important part of nearly every cell in the body.","A fascinating and somewhat mysterious group of disorders!

Porphyrias are a rare group of genetic disorders that affect the production of heme, a vital molecule in the body. Heme is essential for delivering oxygen to tissues and organs, as well as playing a crucial role in various bodily functions, including immune response, detoxification, and energy metabolism.

There are eight types of porphyrias, which can be broadly classified into two categories:

**Acute Porphyrias**

1. **Acute Intermittent Porphyria (AIP)**: This is the most common type, characterized by recurrent episodes of severe abdominal pain, neurological symptoms (e.g., seizures, numbness), and mental changes.
2. **Acute Porphyria with Neurological Manifestations (APMN)**: Similar to AIP, but with more pronounced neurological symptoms.

**Cutaneous and Mixed Porphyrias**

1. **Erythropoietic Protoporphyria (EPP)**: Characterized by sensitivity to sunlight, which can cause painful blisters and swelling of the skin.
2. **Porphyria Cutanea Tarda (PCT)**: A milder condition, often associated with exposure to certain chemicals or heavy metals, leading to blistering,"
What is (are) warfarin resistance ?,"Warfarin resistance is a condition in which individuals have a high tolerance for the drug warfarin. Warfarin is an anticoagulant, which means that it thins the blood, preventing blood clots from forming. Warfarin is often prescribed to prevent blood clots in people with heart valve disease who have replacement heart valves, people with an irregular heart beat (atrial fibrillation), or those with a history of heart attack, stroke, or a prior blood clot in the deep veins of the arms or legs (deep vein thrombosis).  There are two types of warfarin resistance: incomplete and complete. Those with incomplete warfarin resistance can achieve the benefits of warfarin treatment with a high dose of warfarin. Individuals with complete warfarin resistance do not respond to warfarin treatment, no matter how high the dose. If people with warfarin resistance require treatment with warfarin and take the average dose, they will remain at risk of developing a potentially harmful blood clot.  Both types of warfarin resistance are related to how the body processes warfarin. In some people with warfarin resistance, their blood clotting process does not react effectively to the drug. Others with this resistance rapidly break down (metabolize) warfarin, so the medication is quickly processed by their bodies; these individuals are classified as ""fast metabolizers"" or ""rapid metabolizers"" of warfarin. The severity of these abnormal processes determines whether the warfarin resistance is complete or incomplete.  Warfarin resistance does not appear to cause any health problems other than those associated with warfarin drug treatment.","Warfarin resistance can refer to a few different concepts related to the anticoagulant medication warfarin, which is commonly used to prevent blood clots and stroke in people with atrial fibrillation or other conditions.

1.  **Genetic Resistance**: Some individuals may be genetically resistant to warfarin's effect because of specific genetic variants that affect their ability to metabolize warfarin efficiently. This means their bodies may require higher doses of the drug to achieve the same level of anticoagulation as someone without this resistance.

2.  **Acquired Resistance**: Over time, an individual taking warfarin regularly may develop a form of acquired resistance due to various factors such as increased expression of certain genes involved in warfarin metabolism or changes in their liver function that reduce the drug's efficacy. This can lead to the need for dose adjustments.

3.  **Thyroid Disease**: People with untreated or undertreated thyroid disease, particularly hyperthyroidism, may show a reduced response to anticoagulation therapy with warfarin compared to those without thyroid disease. This is because thyroid hormones affect the metabolism of vitamin K-dependent clotting factors and can influence how well warfarin works.

4.  **Malnutrition**: Inadequate intake"
What are the genetic changes related to dentinogenesis imperfecta ?,"Mutations in the DSPP gene have been identified in people with dentinogenesis imperfecta type II and type III. Mutations in this gene are also responsible for dentin dysplasia type II. Dentinogenesis imperfecta type I occurs as part of osteogenesis imperfecta, which is caused by mutations in one of several other genes (most often the COL1A1 or COL1A2 genes).  The DSPP gene provides instructions for making two proteins that are essential for normal tooth development. These proteins are involved in the formation of dentin, which is a bone-like substance that makes up the protective middle layer of each tooth. DSPP gene mutations alter the proteins made from the gene, leading to the production of abnormally soft dentin. Teeth with defective dentin are discolored, weak, and more likely to decay and break. It is unclear whether DSPP gene mutations are related to the hearing loss found in a few older individuals with dentinogenesis imperfecta type II.","Dentinogenesis imperfecta (DI) is a rare genetic disorder characterized by the formation of discolored, brittle teeth with poor dental structure. It is caused by mutations in genes involved in the production and mineralization of dentin, a layer beneath tooth enamel.

The genetic changes associated with DI are typically found in two genes:

1. **DSPP (Dentin Sialophosphoprotein)**: This gene provides instructions for making one component of dentin, known as dentin sialophosphoprotein (DSP). Mutations in the DSPP gene can lead to non-functional DSP and impaired dentin mineralization.
2. **TSPEL1 (Tumor Suppressor Protein Encoding Gene 1)**: Although not exclusively related to DI, TSPEL1 mutations have been associated with a subset of cases.

DSPP is responsible for approximately 80% of DI cases, while TSPEL1 mutations account for about 20%.

More specifically:

* **Mutations in the DSPP gene** can lead to:
	+ Missense mutations, which result in the substitution of one amino acid for another.
	+ Nonsense mutations, which introduce a premature stop codon, leading to truncated or non-functional DSP protein.
	+ Frameshift mutations,"
What are the symptoms of 18 Hydroxylase deficiency ?,"What are the signs and symptoms of 18 Hydroxylase deficiency? The Human Phenotype Ontology provides the following list of signs and symptoms for 18 Hydroxylase deficiency. If the information is available, the table below includes how often the symptom is seen in people with this condition. You can use the MedlinePlus Medical Dictionary to look up the definitions for these medical terms. Signs and Symptoms Approximate number of patients (when available) Autosomal recessive inheritance - Decreased circulating aldosterone level - Dehydration - Episodic fever - Failure to thrive - Feeding difficulties in infancy - Growth delay - Hyperkalemia - Hyponatremia - Hypotension - Increased circulating renin level - Neonatal onset - Renal salt wasting - Vomiting - The Human Phenotype Ontology (HPO) has collected information on how often a sign or symptom occurs in a condition. Much of this information comes from Orphanet, a European rare disease database. The frequency of a sign or symptom is usually listed as a rough estimate of the percentage of patients who have that feature. The frequency may also be listed as a fraction. The first number of the fraction is how many people had the symptom, and the second number is the total number of people who were examined in one study. For example, a frequency of 25/25 means that in a study of 25 people all patients were found to have that symptom. Because these frequencies are based on a specific study, the fractions may be different if another group of patients are examined. Sometimes, no information on frequency is available. In these cases, the sign or symptom may be rare or common.","18-Hydroxylase deficiency is a rare genetic disorder caused by a mutation in the CYP11B1 gene, which encodes for the enzyme 18-hydroxylase. This enzyme is crucial for converting 11-deoxycortisol to cortisol and aldosterone in the adrenal glands.

The symptoms of 18-Hydroxylase deficiency typically manifest in early childhood or infancy and may include:

**Classic symptoms:**

1. **Hypokalemia (low potassium levels)**: due to insufficient aldosterone production, leading to increased potassium excretion
2. **Hypernatremia (high sodium levels)**: due to excessive sodium reabsorption
3. **Mild hypotension (low blood pressure)**
4. **Weight loss and failure to thrive**: despite adequate caloric intake
5. **Hypokalemic periodic paralysis**: muscle weakness, cramps, or paralysis caused by low potassium levels

**Additional symptoms:**

1. **Salt-wasting**: excessive sodium wasting in the urine
2. **Growth retardation**
3. **Delayed or absent pubertal development**: due to cortisol deficiency
4. **Hirsutism**: excessive hair growth (in females)
5. **Acne"
What is (are) Nonalcoholic steatohepatitis ?,"Nonalcoholic steatohepatitis, or NASH, is a common, often silent liver disease. It resembles alcoholic liver disease, but occurs in people who drink little or no alcohol. The major feature in NASH is fat in the liver, along with inflammation and damage. Most people with NASH feel well and are not aware that they have a liver problem. Nevertheless, NASH can be severe and can lead to cirrhosis, in which the liver is permanently damaged and scarred and no longer able to work properly. NASH most often occurs in people who are middle aged and overweight or obese. Affected individuals may also have elevated levels of blood lipids (such as cholesterol and triglycerides) and many have diabetes or prediabetes. Treatment is centered around working towards a healthy lifestyle, including weight reduction, dietary modification, increased activity and avoidance of alcohol and unnecessary medications. The underlying cause of NASH remains unclear.","Nonalcoholic steatohepatitis (NASH) is a type of liver disease characterized by inflammation and damage to the liver cells, scarring, and fat accumulation in liver tissue. It is considered to be the most severe form of nonalcoholic fatty liver disease (NAFLD).

**Key characteristics of NASH:**

1.  **Liver inflammation**: Inflammation of the liver, which can lead to damage to liver cells.
2.  **Fatty liver**: Excessive accumulation of fat in liver cells (hepatocytes).
3.  **Scarring**: The formation of scar tissue as a result of chronic liver injury.

**Causes and risk factors:**

While the exact causes of NASH are not fully understood, several factors can contribute to its development:

*   Obesity
*   Insulin resistance
*   Metabolic syndrome
*   Type 2 diabetes
*   High triglycerides
*   Genetic predisposition

**Symptoms:**

NASH often doesn't cause noticeable symptoms in the early stages. However, as the condition progresses, some people may experience:

*   Fatigue
*   Weight loss
*   Loss of appetite
*   Abdominal pain or tenderness
*   Yellowing of"
What are the genetic changes related to cystinuria ?,"Mutations in the SLC3A1 or SLC7A9 gene cause cystinuria. The SLC3A1 and SLC7A9 genes provide instructions for making the two parts (subunits) of a protein complex that is primarily found in the kidneys. Normally this protein complex controls the reabsorption of certain amino acids, including cystine, into the blood from the filtered fluid that will become urine. Mutations in either the SLC3A1 gene or SLC7A9 gene disrupt the ability of the protein complex to reabsorb amino acids, which causes the amino acids to become concentrated in the urine. As the levels of cystine in the urine increase, the crystals typical of cystinuria form. The other amino acids that are reabsorbed by the protein complex do not create crystals when they accumulate in the urine.","Cystinuria is a rare inherited disorder characterized by the excessive excretion of the amino acids cystine, arginine, lysine, ornithine, and tryptophan in the urine. This condition occurs due to mutations in the genes that encode for the proteins involved in the transport of these amino acids across the epithelial cells lining the kidneys.

The genetic changes associated with cystinuria are related to the SLC3A1 and SCL7A9 genes, which code for the rBAT (cationic amino acid transporter) protein and b0,+AT (cationic amino acid transporter) protein, respectively. These proteins play a crucial role in the reabsorption of cystine and other dibasic amino acids from the filtrate back into the bloodstream.

There are two main types of cystinuria:

1\. **Type A**: This is caused by mutations in the SLC3A1 gene, which encodes for the rBAT protein. People with Type A cystinuria have a defect in the protein responsible for transporting cystine and other dibasic amino acids out of the epithelial cells.

2\. **Type B**: This type is associated with mutations in the SLC7A9 gene, which codes for the b0,+AT protein"
What are the symptoms of Charcot-Marie-Tooth disease type 1F ?,"What are the signs and symptoms of Charcot-Marie-Tooth disease type 1F? The Human Phenotype Ontology provides the following list of signs and symptoms for Charcot-Marie-Tooth disease type 1F. If the information is available, the table below includes how often the symptom is seen in people with this condition. You can use the MedlinePlus Medical Dictionary to look up the definitions for these medical terms. Signs and Symptoms Approximate number of patients (when available) Areflexia - Autosomal dominant inheritance - Autosomal recessive inheritance - Clusters of axonal regeneration - Decreased motor nerve conduction velocity - Decreased number of peripheral myelinated nerve fibers - Distal amyotrophy - Distal muscle weakness - Distal sensory impairment - Hyporeflexia - Juvenile onset - Motor delay - Myelin outfoldings - Onion bulb formation - Pes cavus - Segmental peripheral demyelination/remyelination - Variable expressivity - The Human Phenotype Ontology (HPO) has collected information on how often a sign or symptom occurs in a condition. Much of this information comes from Orphanet, a European rare disease database. The frequency of a sign or symptom is usually listed as a rough estimate of the percentage of patients who have that feature. The frequency may also be listed as a fraction. The first number of the fraction is how many people had the symptom, and the second number is the total number of people who were examined in one study. For example, a frequency of 25/25 means that in a study of 25 people all patients were found to have that symptom. Because these frequencies are based on a specific study, the fractions may be different if another group of patients are examined. Sometimes, no information on frequency is available. In these cases, the sign or symptom may be rare or common.","Charcot-Marie-Tooth disease type 1F (CMT1F) is a rare subtype of Charcot-Marie-Tooth disease, which is a group of inherited disorders that affect the peripheral nerves. The symptoms of CMT1F can vary in severity and may include:

**Main symptoms:**

1. **Muscle weakness**: Weakness or wasting of muscles in the limbs, particularly in the feet, toes, and hands.
2. **Numbness and tingling**: Numbness, tingling, or prickling sensations in the hands and feet.
3. **Sensory loss**: Loss of sensation in the hands and feet, which can make walking, balance, and coordination difficult.

**Additional symptoms:**

1. **Muscle atrophy**: Shrinkage of muscles, particularly in the legs and arms.
2. **Gait disturbances**: Difficulty walking due to weakness or stiffness in the legs and feet.
3. **Pain**: Pain in the hands and feet, which can be severe.
4. **Dysesthesia**: Unpleasant sensations such as burning, itching, or aching in the hands and feet.
5. **Autonomic nervous system dysfunction**: Difficulty with autonomic functions such as digestion, bowel"
How to diagnose Parasites - Schistosomiasis ?,"Stool or urine samples can be examined microscopically for parasite eggs (stool for S. mansoni or S. japonicum eggs and urine for S. haematobium eggs). The eggs tend to be passed intermittently and in small amounts and may not be detected, so it may be necessary to perform a blood (serologic) test.
    
More on: Resources for Health Professionals: Diagnosis","Schistosomiasis, also known as snail fever or bilharzia, is a parasitic infection caused by blood flukes of the genus Schistosoma. Here are some steps to diagnose schistosomiasis:

**Clinical Evaluation**

1. **Medical history**: Patients with symptoms such as abdominal pain, diarrhea, bloody urine or stool, fatigue, and anemia may be suspected of having schistosomiasis.
2. **Physical examination**: A thorough physical exam may reveal signs such as:
	* Abdominal tenderness or masses
	* Genital lesions or ulcers in females
	* Anemia, weight loss, or malnutrition

**Diagnostic Tests**

1. **Urine and stool tests**:
	* Urine: The Schistosoma egg can be detected in the urine using a microscope after concentration of the sample.
	* Stool: The egg may also be found in the stool, but this is less common than in urine.
2. **Blood tests**: Blood tests can detect antibodies or antigens against schistosomes:
	* Enzyme-linked immunosorbent assay (ELISA) or indirect fluorescent antibody test (IFAT)
	* Schistosome antigen detection using EL"
What is (are) glycogen storage disease type IX ?,"Glycogen storage disease type IX (also known as GSD IX) is a condition caused by the inability to break down a complex sugar called glycogen. The different forms of the condition can affect glycogen breakdown in liver cells or muscle cells or sometimes both. A lack of glycogen breakdown interferes with the normal function of the affected tissue.  When GSD IX affects the liver, the signs and symptoms typically begin in early childhood. The initial features are usually an enlarged liver (hepatomegaly) and slow growth. Affected children are often shorter than normal. During prolonged periods without food (fasting), affected individuals may have low blood sugar (hypoglycemia) or elevated levels of ketones in the blood (ketosis). Ketones are molecules produced during the breakdown of fats, which occurs when stored sugars are unavailable. Affected children may have delayed development of motor skills, such as sitting, standing, or walking, and some have mild muscle weakness. Puberty is delayed in some adolescents with GSD IX. In the form of the condition that affects the liver, the signs and symptoms usually improve with age. Typically, individuals catch up developmentally, and adults reach normal height. However, some affected individuals have a buildup of scar tissue (fibrosis) in the liver, which can rarely progress to irreversible liver disease (cirrhosis).  GSD IX can affect muscle tissue, although this form of the condition is very rare and not well understood. The features of this form of the condition can appear anytime from childhood to adulthood. Affected individuals may experience fatigue, muscle pain, and cramps, especially during exercise (exercise intolerance). Most affected individuals have muscle weakness that worsens over time. GSD IX can cause myoglobinuria, which occurs when muscle tissue breaks down abnormally and releases a protein called myoglobin that is excreted in the urine. Myoglobinuria can cause the urine to be red or brown.  In a small number of people with GSD IX, the liver and muscles are both affected. These individuals develop a combination of the features described above, although the muscle problems are usually mild.","Glycogen storage disease type IX, also known as Phosphorylase b kinase deficiency or PHKA2 deficiency (when it's due to mutations in the PHKA2 gene), is a rare genetic disorder caused by a deficiency of the liver phosphorylase b kinase enzyme. This leads to an accumulation of glycogen in the muscles and other tissues.

There are actually two forms of Phosphorylase b kinase deficiency:

1.  **PHKA2 deficiency**: It's caused by mutations in the PHKA2 gene, which encodes for the phosphorylase b kinase alpha subunit. This form typically affects both males and females.
2.  **PHKB deficiency (also known as Glycogen Storage Disease Type IXB)**: It's due to mutations in the PHKB gene, encoding for the phosphorylase b kinase beta subunit. This form is more common than PHKA2 deficiency.

The symptoms of glycogen storage disease type IX can vary widely among affected individuals and may include:

*   Muscle cramps or weakness
*   Fatigue or lethargy
*   Delayed puberty
*   Short stature
*   Liver enlargement (hepatomegaly)
*   Anemia

Diagnosis is based on a"
What is (are) C3 glomerulopathy ?,"C3 glomerulopathy is a group of related conditions that cause the kidneys to malfunction. The major features of C3 glomerulopathy include high levels of protein in the urine (proteinuria), blood in the urine (hematuria), reduced amounts of urine, low levels of protein in the blood, and swelling in many areas of the body. Affected individuals may have particularly low levels of a protein called complement component 3 (or C3) in the blood.  The kidney problems associated with C3 glomerulopathy tend to worsen over time. About half of affected individuals develop end-stage renal disease (ESRD) within 10 years after their diagnosis. ESRD is a life-threatening condition that prevents the kidneys from filtering fluids and waste products from the body effectively.  Researchers have identified two major forms of C3 glomerulopathy: dense deposit disease and C3 glomerulonephritis. Although the two disorders cause similar kidney problems, the features of dense deposit disease tend to appear earlier than those of C3 glomerulonephritis, usually in adolescence. However, the signs and symptoms of either disease may not begin until adulthood.  One of the two forms of C3 glomerulopathy, dense deposit disease, can also be associated with other conditions unrelated to kidney function. For example, people with dense deposit disease may have acquired partial lipodystrophy, a condition characterized by a lack of fatty (adipose) tissue under the skin in the upper part of the body. Additionally, some people with dense deposit disease develop a buildup of yellowish deposits called drusen in the light-sensitive tissue at the back of the eye (the retina). These deposits usually appear in childhood or adolescence and can cause vision problems later in life.","C3 glomerulopathy (C3G) refers to a group of kidney diseases characterized by the presence of antibodies or other immune system abnormalities that lead to the consumption and decreased levels of complement component 3 (C3). This condition can cause hematuria, proteinuria, and kidney inflammation.

There are two main subtypes of C3 glomerulopathy:

1. **C3 glomerulonephritis** (C3GN): Characterized by a decrease in the C3 level to less than 50% of normal levels. There is evidence of immune complex deposition in some cases, but not sufficient to cause a significant complement activation.
2. **Dense deposit disease** (DDD), also known as Membranoproliferative glomerulonephritis type II (MPGN II). This subtype is characterized by the presence of thick electron-dense deposits within the glomerular basement membrane.

The symptoms and diagnosis of C3G can be similar to those of other kidney diseases, making it challenging to diagnose. However, a low level of serum complement C3 (<50% of normal) is often a key diagnostic criterion for this condition.

Treatment of C3G typically involves immunosuppressive therapy and supportive care, such as"
How many people are affected by focal dermal hypoplasia ?,"Focal dermal hypoplasia appears to be a rare condition, although its exact prevalence is unknown.","Focal dermal hypoplasia, also known as Goltz-Gorlin syndrome, is a rare genetic disorder that affects the skin and other parts of the body. According to various sources, including the National Institutes of Health (NIH) and Orphanet, a European database on rare diseases:

* Focal dermal hypoplasia has an estimated prevalence of 1 in 200,000 to 1 in 500,000 births.
* Approximately 150 cases have been reported worldwide since its first description in 1965.

It's essential to note that the exact number of people affected by focal dermal hypoplasia may be higher due to underreporting and misdiagnosis. However, it remains a rare condition compared to more common genetic disorders."
How to diagnose Primary Hyperparathyroidism ?,"Health care providers diagnose primary hyperparathyroidism when a person has high blood calcium and PTH levels. High blood calcium is usually the first sign that leads health care providers to suspect parathyroid gland overactivity. Other diseases can cause high blood calcium levels, but only in primary hyperparathyroidism is the elevated calcium the result of too much PTH.
                
Routine blood tests that screen for a wide range of conditions, including high blood calcium levels, are helping health care providers diagnose primary hyperparathyroidism in people who have mild forms of the disorder and are symptom-free. For a blood test, blood is drawn at a health care providers office or commercial facility and sent to a lab for analysis.","Primary Hyperparathyroidism (PHPT) is a disorder of the parathyroid glands, which regulate calcium levels in the blood. The diagnosis of PHPT involves a combination of clinical evaluation, laboratory tests, and imaging studies. Here are the steps to diagnose PHPT:

**Clinical Evaluation**

1. **Medical history**: A thorough medical history is taken to identify symptoms such as fatigue, weakness, bone pain, kidney stones, or gastrointestinal problems.
2. **Physical examination**: A physical examination may reveal signs of hypercalcemia (high calcium levels) such as confusion, depression, or muscle weakness.

**Laboratory Tests**

1. **Calcium level**: Blood tests measure the level of calcium in the blood. In PHPT, the calcium level is usually elevated.
2. **Parathyroid hormone (PTH) level**: Blood tests measure the level of PTH, which is produced by the parathyroid glands. Elevated PTH levels are characteristic of PHPT.
3. **Phosphate level**: Blood tests measure the level of phosphate in the blood, which may be low in PHPT due to increased excretion by the kidneys.
4. **Creatinine and kidney function tests**: These tests evaluate kidney function and detect any potential problems related to hypercalcemia"
What are the treatments for arginine:glycine amidinotransferase deficiency ?,These resources address the diagnosis or management of arginine:glycine amidinotransferase deficiency:  - Gene Review: Gene Review: Creatine Deficiency Syndromes  - Genetic Testing Registry: Arginine:glycine amidinotransferase deficiency   These resources from MedlinePlus offer information about the diagnosis and management of various health conditions:  - Diagnostic Tests  - Drug Therapy  - Surgery and Rehabilitation  - Genetic Counseling   - Palliative Care,"A very specific question!

Arginine:glycine amidinotransferase (AGAT) deficiency is a rare genetic disorder that affects the production of creatine, an important energy-boosting molecule in the body. The treatment for AGAT deficiency focuses on managing symptoms and ensuring adequate nutrition.

There are no specific treatments that target the underlying enzyme deficiency directly. However, the following measures can help alleviate symptoms:

1. **Dietary supplements**: Patients may be advised to take dietary supplements containing arginine, glycine, and creatine to help compensate for the deficit.
2. **Arginine-rich diet**: A high-arginine diet can help improve the availability of this amino acid and support overall health.
3. **Glycine supplementation**: Glycine is an essential amino acid that may be deficient in patients with AGAT deficiency. Supplementing with glycine can help alleviate symptoms.
4. **Creatine supplementation**: Creatine supplements can help increase muscle creatine levels, which may improve energy production and reduce fatigue.
5. **Physical therapy and exercise**: Gentle exercises and physical therapy can help maintain muscle strength and mobility.
6. **Monitoring and management of complications**: Regular monitoring is essential to manage potential complications, such as muscle weakness, fatigue,"
What is (are) High Blood Cholesterol ?,"You cannot control - heredity. High blood cholesterol can run in families.  - age. As we get older, our cholesterol levels rise.  - sex. Before menopause, women tend to have lower total cholesterol levels than men of the same age. After menopause, women's LDL (bad) cholesterol levels tend to increase. heredity. High blood cholesterol can run in families. age. As we get older, our cholesterol levels rise. sex. Before menopause, women tend to have lower total cholesterol levels than men of the same age. After menopause, women's LDL (bad) cholesterol levels tend to increase.","High blood cholesterol, also known as hypercholesterolemia, refers to a medical condition characterized by elevated levels of low-density lipoprotein (LDL) cholesterol in the bloodstream. It is a significant risk factor for cardiovascular disease (CVD), including heart attacks and strokes.

There are several types of cholesterol:

1.  **Low-Density Lipoprotein (LDL) Cholesterol:** Often referred to as ""bad"" cholesterol, LDL carries cholesterol from the liver to the cells. High levels of LDL can lead to plaque buildup in arteries, increasing the risk of cardiovascular disease.
2.  **High-Density Lipoprotein (HDL) Cholesterol:** Known as ""good"" cholesterol, HDL helps remove excess cholesterol from the bloodstream and transport it to the liver for excretion. Higher levels of HDL are associated with a lower risk of CVD.
3.  **Triglycerides:** A type of fat found in the blood, triglycerides are derived from dietary fats and carbohydrates. High levels of triglycerides can also indicate an increased risk of CVD.

High blood cholesterol is often caused by a combination of lifestyle factors and genetic predispositions, including:

*   **Diet:** Consuming high amounts of saturated and trans fats"
Is Townes-Brocks syndrome inherited ?,"Is Townes-Brocks syndrome genetic? Yes. Townes-Brocks syndrome is inherited in an autosomal dominant fashion, which means that one copy of the altered gene in each cell is sufficient to cause the disorder. In about 50% of cases, an affected person inherits the mutation from an affected parent. The other 50% have the condition as a result of a new (de novo) mutation.","A very specific question!

Yes, Townes-Brocks syndrome (TBS) is a rare genetic disorder that is inherited in an autosomal dominant pattern. This means that a single copy of the mutated gene is enough to cause the condition.

Townes-Brocks syndrome is caused by mutations in the SALL1 gene, which provides instructions for making a protein called Sal-like 1. This protein plays a crucial role in the development of various tissues and organs during embryonic growth.

When one parent has TBS, they have a 50% chance of passing the mutated gene to each child. If an individual with TBS has children, there is a 50% chance that their offspring will inherit the condition.

It's worth noting that while Townes-Brocks syndrome can be inherited from an affected parent, some cases may result from spontaneous mutations in the SALL1 gene, which means they occur without any family history of the condition."
What are the stages of Gastrointestinal Carcinoid Tumors ?,"Key Points
                    - After a gastrointestinal carcinoid tumor has been diagnosed, tests are done to find out if cancer cells have spread within the stomach and intestines or to other parts of the body.     - There are three ways that cancer spreads in the body.    - Cancer may spread from where it began to other parts of the body.    - The plan for cancer treatment depends on where the carcinoid tumor is found and whether it can be removed by surgery.
                
                
                    After a gastrointestinal carcinoid tumor has been diagnosed, tests are done to find out if cancer cells have spread within the stomach and intestines or to other parts of the body.
                    Staging is the process used to find out how far the cancer has spread. The information gathered from the staging process determines the stage of the disease. The results of tests and procedures used to diagnose gastrointestinal (GI) carcinoid tumors may also be used for staging. See the General Information section for a description of these tests and procedures. A bone scan may be done to check if there are rapidly dividing cells, such as cancer cells, in the bone. A very small amount of radioactive material is injected into a vein and travels through the bloodstream. The radioactive material collects in the bones and is detected by a scanner.
                
                
                    There are three ways that cancer spreads in the body.
                    Cancer can spread through tissue, the lymph system, and the blood:         - Tissue. The cancer spreads from where it began by growing into nearby areas.     - Lymph system. The cancer spreads from where it began by getting into the lymph system. The cancer travels through the lymph vessels to other parts of the body.     - Blood. The cancer spreads from where it began by getting into the blood. The cancer travels through the blood vessels to other parts of the body.
                
                
                    Cancer may spread from where it began to other parts of the body.
                    When cancer spreads to another part of the body, it is called metastasis. Cancer cells break away from where they began (the primary tumor) and travel through the lymph system or blood.         - Lymph system. The cancer gets into the lymph system, travels through the lymph vessels, and forms a tumor (metastatic tumor) in another part of the body.    - Blood. The cancer gets into the blood, travels through the blood vessels, and forms a tumor (metastatic tumor) in another part of the body.        The metastatic tumor is the same type of tumor as the primary tumor. For example, if a gastrointestinal (GI) carcinoid tumor spreads to the liver, the tumor cells in the liver are actually GI carcinoid tumor cells. The disease is metastatic GI carcinoid tumor, not liver cancer.
                
                
                    The plan for cancer treatment depends on where the carcinoid tumor is found and whether it can be removed by surgery.
                    For many cancers it is important to know the stage of the cancer in order to plan treatment. However, the treatment of gastrointestinal carcinoid tumors is not based on the stage of the cancer. Treatment depends mainly on whether the tumor can be removed by surgery and if the tumor has spread.   Treatment is based on whether the tumor:         - Can be completely removed by surgery.    - Has spread to other parts of the body.    - Has come back after treatment. The tumor may come back in the stomach or intestines or in other parts of the body.    - Has not gotten better with treatment.","Gastrointestinal (GI) carcinoid tumors can be classified into several stages based on their size, location, and spread to lymph nodes or distant organs. The most commonly used staging system is the AJCC (American Joint Committee on Cancer) TNM classification. Here are the general stages of GI carcinoid tumors:

**Stage I:**

* Tumor is confined to the mucosa (inner lining) of the intestine
* No regional lymph node involvement
* No distant metastasis

**Stage II:**

* Tumor has invaded the submucosa (layer beneath the mucosa), but not beyond it.
	+ Stage IIA: Tumor is 2 cm or less in size, and there are no lymph nodes involved.
	+ Stage IIB: Tumor is more than 2 cm in size, but there are no lymph nodes involved.

**Stage III:**

* Tumor has invaded the muscularis propria (layer beneath the submucosa) or beyond it
	+ Stage IIIA: Tumor involves regional lymph nodes, which are close to the tumor.
	+ Stage IIIB: Tumor involves distant metastasis (spread to organs or tissues other than the nearby lymph nodes), but only in one location.

**Stage"
What are the genetic changes related to Werner syndrome ?,"Mutations in the WRN gene cause Werner syndrome. The WRN gene provides instructions for producing the Werner protein, which is thought to perform several tasks related to the maintenance and repair of DNA. This protein also assists in the process of copying (replicating) DNA in preparation for cell division. Mutations in the WRN gene often lead to the production of an abnormally short, nonfunctional Werner protein. Research suggests that this shortened protein is not transported to the cell's nucleus, where it normally interacts with DNA. Evidence also suggests that the altered protein is broken down more quickly in the cell than the normal Werner protein. Researchers do not fully understand how WRN mutations cause the signs and symptoms of Werner syndrome. Cells with an altered Werner protein may divide more slowly or stop dividing earlier than normal, causing growth problems. Also, the altered protein may allow DNA damage to accumulate, which could impair normal cell activities and cause the health problems associated with this condition.","Werner Syndrome (WS) is a rare autosomal recessive disorder characterized by premature aging, also known as progeria. The genetic basis of WS was identified in 1994, when mutations in the WRN gene were found to be responsible for the disease.

The WRN gene encodes a RecQ-like helicase enzyme that plays a crucial role in maintaining genomic stability and DNA repair. Mutations in the WRN gene can lead to defects in:

1. **DNA replication**: WRN is involved in unwinding DNA double helices during replication, allowing for accurate replication and repair of damaged DNA.
2. **DNA recombination**: WRN participates in homologous recombination, a process that repairs double-strand breaks in DNA.
3. **Telomere maintenance**: WRN is essential for maintaining telomeres, the protective caps on chromosome ends.

Mutations in the WRN gene can cause:

1. **Deletions and insertions**: Loss or gain of nucleotides in the DNA sequence.
2. **Point mutations**: Changes in individual nucleotides (e.g., C to T).
3. **Frameshift mutations**: Alteration of the reading frame of the genetic code, leading to abnormal protein synthesis.

The most common"
How many people are affected by Usher syndrome ?,"Usher syndrome is thought to be responsible for 3 percent to 6 percent of all childhood deafness and about 50 percent of deaf-blindness in adults. Usher syndrome type I is estimated to occur in at least 4 per 100,000 people. It may be more common in certain ethnic populations, such as people with Ashkenazi (central and eastern European) Jewish ancestry and the Acadian population in Louisiana. Type II is thought to be the most common form of Usher syndrome, although the frequency of this type is unknown. Type III Usher syndrome accounts for only a small percentage of all Usher syndrome cases in most populations. This form of the condition is more common in the Finnish population, however, where it accounts for about 40 percent of all cases.","Usher syndrome is a genetic disorder that affects the auditory and visual systems. It is estimated to affect approximately 1 in 6,000 to 1 in 10,500 births worldwide.

According to the National Institute on Deafness and Other Communication Disorders (NIDCD), Usher syndrome is one of the most common forms of deaf-blindness, accounting for about 3-6% of all cases of deaf-blindness.

In terms of prevalence, here are some estimates:

* In the United States, it is estimated that approximately 4,000 people have Usher syndrome.
* Globally, the World Health Organization (WHO) estimates that there may be as many as 50,000 individuals with Usher syndrome worldwide.
* A study published in the Journal of Medical Genetics estimated that the prevalence of Usher syndrome is around 3.5 per 100,000 births.

It's worth noting that these numbers are likely underestimates, as some cases may go undiagnosed or misdiagnosed."
what research (or clinical trials) is being done for Small Cell Lung Cancer ?,"New types of treatment are being tested in clinical trials.
                    Information about clinical trials is available from the NCI website.
                
                
                    Patients may want to think about taking part in a clinical trial.
                    For some patients, taking part in a clinical trial may be the best treatment choice. Clinical trials are part of the cancer research process. Clinical trials are done to find out if new cancer treatments are safe and effective or better than the standard treatment.   Many of today's standard treatments for cancer are based on earlier clinical trials. Patients who take part in a clinical trial may receive the standard treatment or be among the first to receive a new treatment.   Patients who take part in clinical trials also help improve the way cancer will be treated in the future. Even when clinical trials do not lead to effective new treatments, they often answer important questions and help move research forward.
                
                
                    Patients can enter clinical trials before, during, or after starting their cancer treatment.
                    Some clinical trials only include patients who have not yet received treatment. Other trials test treatments for patients whose cancer has not gotten better. There are also clinical trials that test new ways to stop cancer from recurring (coming back) or reduce the side effects of cancer treatment.   Clinical trials are taking place in many parts of the country. See the Treatment Options section that follows for links to current treatment clinical trials. These have been retrieved from NCI's listing of clinical trials.","There are numerous ongoing and completed clinical trials researching Small Cell Lung Cancer (SCLC). I'll provide an overview of some notable ones. Please note that this information may not be exhaustive, and new trials may have been initiated since my knowledge cutoff.

**Current Trials:**

1. **IMpower133**: A Phase III trial evaluating the combination of atezolizumab (anti-PD-L1 antibody) with chemotherapy in patients with previously untreated SCLC.
	* Status: Ongoing
	* Institutions: National Cancer Institute, MD Anderson Cancer Center
2. **LBA53**: A Phase II trial investigating the efficacy of pembrolizumab (anti-PD-1 antibody) as monotherapy or in combination with chemotherapy in patients with platinum-refractory SCLC.
	* Status: Ongoing
	* Institutions: University of Colorado, Denver
3. **TOPAZ-3**: A Phase III trial comparing the efficacy of atezolizumab + bevacizumab (anti-VEGF antibody) versus chemotherapy in patients with previously untreated SCLC.
	* Status: Recruiting
	* Institutions: Genentech, Inc., US
4. **NCI-ECOG-ACRIN"
What is (are) Congenital chloride diarrhea ?,"Congenital chloride diarrhea is a condition characterized by large, watery stools containing an excess of chloride. Individuals have intrauterine (pre-birth) and lifelong diarrhea; infants with the condition are often premature. The excessive diarrhea causes electrolyte and water deficits, which in turn cause volume depletion, hyperreninemia (elevated levels of renin in the blood), hyperaldosteronism, renal potassium wasting, and sometimes nephropathy. Mutations in the SLC26A3 gene have been found to cause the condition. It is inherited in an autosomal recessive manner. Treatment generally focuses on the individual symptoms of the condition and typically includes taking oral supplements of sodium and potassium chloride.","Congenital chloridorrhea or congenital chloride diarrhea is a rare genetic disorder that is characterized by the inability of the small intestine to absorb chloride ion. It is an autosomal recessive transport defect in the intestinal epithelium, leading to excessive loss of Cl- ions.

Symptoms can include:

* Diarrhea
* Dehydration
* Weight loss
* Metabolic acidosis (a condition where blood pH falls below normal levels)
* Impaired growth and development

The disease is usually diagnosed at birth or in early childhood. In some cases, it may be misdiagnosed as cystic fibrosis or other gastrointestinal disorders.

Treatment for congenital chloride diarrhea typically involves oral rehydration therapy to correct electrolyte imbalances and prevent dehydration. Additional medical interventions may include:

* Increasing salt intake
* Providing a balanced diet rich in essential nutrients
* Addressing any related health issues, such as metabolic acidosis

It is worth noting that there are different types of congenital chloride diarrhea, including:

1)  DCT (Dysfunctional Chloride Transporter): This type is caused by mutations in the SLC26A3 gene and is characterized by impaired chloride transport in the small intestine.
2)  HCC (Hereditary Congenital"
What are the treatments for Roberts syndrome ?,These resources address the diagnosis or management of Roberts syndrome:  - Gene Review: Gene Review: Roberts Syndrome  - Genetic Testing Registry: Roberts-SC phocomelia syndrome  - MedlinePlus Encyclopedia: Contracture deformity  - MedlinePlus Encyclopedia: Microcephaly   These resources from MedlinePlus offer information about the diagnosis and management of various health conditions:  - Diagnostic Tests  - Drug Therapy  - Surgery and Rehabilitation  - Genetic Counseling   - Palliative Care,"Roberts Syndrome, also known as SC phocomelia or Escobar syndrome, is a rare genetic disorder characterized by limb abnormalities and intellectual disability. There is no cure for Roberts Syndrome, but various treatments can help manage its symptoms and improve the quality of life for individuals affected by this condition.

Here are some common treatments used to address the symptoms of Roberts Syndrome:

1.  **Orthotics and Prosthetics**: Individuals with Roberts Syndrome may require orthopedic devices or prosthetic limbs to support mobility and alleviate discomfort.
2.  **Physical Therapy**: Physical therapy can help improve muscle strength, flexibility, and range of motion in affected individuals.
3.  **Speech and Language Therapy**: Speech and language therapists can work with individuals with Roberts Syndrome to develop communication skills and improve their ability to express themselves effectively.
4.  **Occupational Therapy**: Occupational therapists can assist individuals with daily living activities, such as eating, dressing, and using the bathroom.
5.  **Surgery**: In some cases, surgery may be necessary to correct limb abnormalities or address related issues, such as joint contractures or clubfoot.
6.  **Medications**: Medications may be prescribed to manage associated conditions, such as seizures, scoliosis, or sleep disorders.
7."
What causes Essential tremor ?,"What causes essential tremor? The causes of essential tremor are unknown. Researchers are studying several areas (loci) on particular chromosomes that may be linked to essential tremor, but no specific genetic associations have been confirmed. Several genes, as well as environmental factors, are likely involved in an individual's risk of developing this complex condition.","Essential Tremor (ET) is a neurological disorder characterized by involuntary trembling or shaking of different parts of the body, most commonly the hands. While the exact cause of ET is still not fully understood, research has shed some light on its underlying mechanisms and potential contributing factors.

**Current theories:**

1. **Genetic predisposition**: ET often runs in families, suggesting a strong genetic component. Multiple genes have been identified as contributing to the risk of developing ET.
2. **Neurotransmitter imbalance**: Abnormalities in neurotransmitters such as dopamine, serotonin, and GABA (gamma-aminobutyric acid) may play a role in ET. These chemicals help regulate muscle tone and movement.
3. **Brain structure abnormalities**: Studies have found differences in brain structure and function between individuals with ET and those without the disorder. These include changes in areas involved in motor control, such as the cerebellum, thalamus, and basal ganglia.
4. **Age-related degeneration**: ET is often age-related, suggesting that it may be related to age-related changes in brain function or structure.

**Potential contributing factors:**

1. **Hormonal influences**: Hormonal fluctuations during pregnancy, menopause, or thyroid disorders may exacerbate ET symptoms"
What is (are) Graves disease ?,"Graves disease is a condition that affects the function of the thyroid, which is a butterfly-shaped gland in the lower neck. The thyroid makes hormones that help regulate a wide variety of critical body functions. For example, thyroid hormones influence growth and development, body temperature, heart rate, menstrual cycles, and weight. In people with Graves disease, the thyroid is overactive and makes more hormones than the body needs. The condition usually appears in mid-adulthood, although it may occur at any age.  Excess thyroid hormones can cause a variety of signs and symptoms. These include nervousness or anxiety, extreme tiredness (fatigue), a rapid and irregular heartbeat, hand tremors, frequent bowel movements or diarrhea, increased sweating and difficulty tolerating hot conditions, trouble sleeping, and weight loss in spite of an increased appetite. Affected women may have menstrual irregularities, such as an unusually light menstrual flow and infrequent periods. Some people with Graves disease develop an enlargement of the thyroid called a goiter. Depending on its size, the enlarged thyroid can cause the neck to look swollen and may interfere with breathing and swallowing.  Between 25 and 50 percent of people with Graves disease have eye abnormalities, which are known as Graves ophthalmopathy. These eye problems can include swelling and inflammation, redness, dryness, puffy eyelids, and a gritty sensation like having sand or dirt in the eyes. Some people develop bulging of the eyes caused by inflammation of tissues behind the eyeball and ""pulling back"" (retraction) of the eyelids. Rarely, affected individuals have more serious eye problems, such as pain, double vision, and pinching (compression) of the optic nerve connecting the eye and the brain, which can cause vision loss.  A small percentage of people with Graves disease develop a skin abnormality called pretibial myxedema or Graves dermopathy. This abnormality causes the skin on the front of the lower legs and the tops of the feet to become thick, lumpy, and red. It is not usually painful.","Graves' disease, also known as toxic diffuse goiter or thyrotoxicosis, is an autoimmune disorder that affects the thyroid gland. It's a common cause of hyperthyroidism, which means an overactive thyroid gland.

**Here's what happens:**

In Graves' disease, the immune system mistakenly attacks the thyroid gland, causing it to produce excess thyroid hormones (T3 and T4). This leads to various symptoms and complications, including:

1. **Weight loss**: Despite increased appetite
2. **Fatigue**: Feeling tired or exhausted
3. **Rapid heartbeat** (tachycardia)
4. **Nervousness**: Anxiety, irritability, or mood swings
5. **Thinning hair**
6. **Changes in bowel movements**: Diarrhea or rapid weight loss
7. **Heat intolerance**: Sweating and heat sensitivity

If left untreated, Graves' disease can lead to more severe complications, such as:

1. **Thyroid nodules** (bumps on the thyroid gland)
2. **Eye problems**: Inflammation of the eyelids (exophthalmos), bulging eyes, or double vision
3. **Osteoporosis**: Weakened bones due to excessive calcium"
What is (are) Restless Legs ?,"Restless legs syndrome (RLS) causes a powerful urge to move your legs. Your legs become uncomfortable when you are lying down or sitting. Some people describe it as a creeping, crawling, tingling, or burning sensation. Moving makes your legs feel better, but not for long. RLS can make it hard to fall asleep and stay asleep.    In most cases, there is no known cause for RLS. In other cases, RLS is caused by a disease or condition, such as anemia or pregnancy. Some medicines can also cause temporary RLS. Caffeine, tobacco, and alcohol may make symptoms worse.    Lifestyle changes, such as regular sleep habits, relaxation techniques, and moderate exercise during the day can help. If those don't work, medicines may reduce the symptoms of RLS.    Most people with RLS also have a condition called periodic limb movement disorder (PLMD). PLMD is a condition in which a person's legs twitch or jerk uncontrollably, usually during sleep. PLMD and RLS can also affect the arms.     NIH: National Heart, Lung, and Blood Institute","Restless legs syndrome (RLS), also known as Willis-Ekbom disease, is a disorder that causes an uncontrollable urge to move the legs. It's usually accompanied by uncomfortable sensations such as tingling, burning, or itching.

People with RLS may experience:

1. **Uncomfortable sensations** in their legs, which can range from mild to severe.
2. **Urge to move**: The symptoms are often relieved by moving the legs, but this only provides temporary relief and doesn't address the underlying issue.
3. **Worsening at night**: Symptoms tend to worsen in the evening or at night, making it difficult to fall asleep or stay asleep.

RLS can be an isolated condition or associated with other conditions such as:

* Iron deficiency
* Kidney disease
* Diabetes
* Neurological disorders (e.g., Parkinson's disease, peripheral neuropathy)
* Certain medications

Restless legs syndrome is often misdiagnosed or underdiagnosed, but it affects about 10% of the general population. Symptoms can be managed with lifestyle changes and treatments like medication, physical therapy, or nerve stimulation.

There are also some interesting facts about RLS:

* **Genetic predisposition**: If you have a family history of"
what research (or clinical trials) is being done for Dysgraphia ?,"The National Institute of Neurological Disorders and Stroke (NINDS) and other institutes of the National Institutes of Health (NIH) support dysgraphia research through grants to major medical institutions across the country. Much of this research focuses on finding better ways to treat, and ultimately, prevent dysgraphia.","Dysgraphia, a learning disorder that affects writing skills, has been studied extensively in recent years. Here are some ongoing and completed research studies, as well as clinical trials, related to dysgraphia:

**Ongoing Research Studies:**

1. **Brain-Based Interventions for Dysgraphia**: A study by the National Center for Learning Disabilities (NCLD) is investigating the effectiveness of brain-based interventions, such as transcranial magnetic stimulation (TMS), in improving writing skills in individuals with dysgraphia.
2. **Neural Basis of Writing Difficulty**: Researchers at the University of Texas at Austin are using functional magnetic resonance imaging (fMRI) and electroencephalography (EEG) to examine the neural basis of writing difficulty in children and adults with dysgraphia.
3. **The Effects of Handwriting on Brain Development**: A study by the University of California, Los Angeles (UCLA) is investigating the relationship between handwriting skills and brain development in children.

**Completed Research Studies:**

1. **The Dysgraphia Intervention Study** (2018): This study, published in the Journal of Learning Disabilities, examined the effectiveness of a writing intervention program for students with dysgraphia.
2. **Neuromuscular Training"
What is (are) Monkeypox Virus Infections ?,"Monkeypox is a rare viral disease. It occurs mostly in central and western Africa. Wild rodents and squirrels carry it, but it is called monkeypox because scientists saw it first in lab monkeys. In 2003, it was reported in prairie dogs and humans in the U.S.     Centers for Disease Control and Prevention","Monkeypox virus infections are a viral disease caused by the monkeypox virus, which belongs to the Orthopoxvirus genus. The infection can be severe and is characterized by fever, headache, muscle pains, swollen lymph nodes, and a characteristic rash that progresses from flat red spots to pus-filled blisters.

Here's what you need to know about Monkeypox Virus Infections:

**Transmission:**

1.  Direct contact with an infected person's skin or bodily fluids.
2.  Contact with contaminated items like bedding, towels, or clothing.
3.  Bites and scratches from infected animals (such as rodents).

**Symptoms:**

*   Fever
*   Headache
*   Muscle pains
*   Swollen lymph nodes
*   Rash that progresses from flat red spots to pus-filled blisters

**Prevention:**

1.  Practice good hygiene, such as washing hands regularly with soap and water.
2.  Avoid close contact with people who have symptoms of monkeypox.
3.  Do not touch or handle animals that may be infected.

**Treatment:** There is no specific treatment for monkeypox virus infections, but supportive care can help manage symptoms and prevent complications. Antiviral medications and vaccination are available in"
What is (are) megalencephaly-capillary malformation syndrome ?,"Megalencephaly-capillary malformation syndrome (MCAP) is a disorder characterized by overgrowth of several tissues in the body. Its primary features are a large brain (megalencephaly) and abnormalities of small blood vessels in the skin called capillaries (capillary malformations).  In individuals with MCAP, megalencephaly leads to an unusually large head size (macrocephaly), which is typically evident at birth. After birth, the brain and head continue to grow at a fast rate for the first few years of life; then, the growth slows to a normal rate, although the head remains larger than average. Additional brain abnormalities are common in people with MCAP; these can include excess fluid within the brain (hydrocephalus) and abnormalities in the brain's structure, such as those known as Chiari malformation and polymicrogyria. Abnormal brain development leads to intellectual disability in most affected individuals and can also cause seizures or weak muscle tone (hypotonia). In particular, polymicrogyria is associated with speech delays and difficulty chewing and swallowing.  The capillary malformations characteristic of MCAP are composed of enlarged capillaries that increase blood flow near the surface of the skin. These malformations usually look like pink or red spots on the skin. In most affected individuals, capillary malformations occur on the face, particularly the nose, the upper lip, and the area between the nose and upper lip (the philtrum). In other people with MCAP, the malformations appear as patches spread over the body or as a reddish net-like pattern on the skin (cutis marmorata).  In some people with MCAP, excessive growth affects not only the brain but other individual parts of the body, which is known as segmental overgrowth. This can lead to one arm or leg that is bigger or longer than the other or a few oversized fingers or toes. Some affected individuals have fusion of the skin between two or more fingers or toes (cutaneous syndactyly).  Additional features of MCAP can include flexible joints and skin that stretches easily. Some affected individuals are said to have doughy skin because the tissue under the skin is unusually thick and soft.  The gene involved in MCAP is also associated with several types of cancer. Although a small number of individuals with MCAP have developed tumors (in particular, a childhood form of kidney cancer known as Wilms tumor and noncancerous tumors in the nervous system known as meningiomas), people with MCAP do not appear to have a greater risk of developing cancer than the general population.","A rare and complex condition!

Megalencephalic Capillary Malformation Syndrome (MCMS), also known as McCune-Albright Syndrome variant, but not the same as the more common McCune-Albright Syndrome, and Macrocephaly-Cardiofaciocutaneous Syndrome are different terms for a group of genetic disorders characterized by:

1. **Megalencephaly**: An abnormally large head size due to an enlarged brain.
2. **Capillary malformation**: A vascular anomaly that appears as birthmarks or port-wine stains on the skin, often involving the face and neck.

MCMS is a rare condition, with an estimated incidence of 1 in 100,000 births. It's associated with various other features, including:

* Developmental delay
* Intellectual disability
* Seizures
* Cardiac anomalies (e.g., heart defects)
* Skin abnormalities (e.g., birthmarks, skin tags)

There are three main subtypes of MCMS, each linked to different genetic mutations:

1. **TRIM37-related MCMS**: Associated with a mutation in the TRIM37 gene.
2. **PIK3CA-related MCMS**: Linked to a mutation in the PIK3CA gene, which is also involved in"
What are the treatments for cerebral cavernous malformation ?,These resources address the diagnosis or management of cerebral cavernous malformation:  - Angioma Alliance: Imaging and Diagnostics  - Gene Review: Gene Review: Familial Cerebral Cavernous Malformation  - Genetic Testing Registry: Cerebral cavernous malformation  - Genetic Testing Registry: Cerebral cavernous malformations 1  - Genetic Testing Registry: Cerebral cavernous malformations 2  - Genetic Testing Registry: Cerebral cavernous malformations 3  - MedlinePlus Encyclopedia: Cerebral angiography   These resources from MedlinePlus offer information about the diagnosis and management of various health conditions:  - Diagnostic Tests  - Drug Therapy  - Surgery and Rehabilitation  - Genetic Counseling   - Palliative Care,"Cerebral Cavernous Malformations (CCMs) are benign vascular lesions that can cause seizures, hemorrhage, and neurological deficits. The management of CCMs depends on the symptoms, location, size, and number of lesions. Here are some common treatments for cerebral cavernous malformations:

**Surgical Removal:**

1. **Microsurgery**: This is the most commonly used treatment option for symptomatic or asymptomatic CCMs that are causing seizures or neurological deficits.
2. **Endovascular Embolization**: This minimally invasive procedure involves inserting a catheter into an artery to block blood flow to the malformation, making it easier to remove.

**Medical Management:**

1. **Seizure Control**: Medications may be prescribed to control seizures associated with CCMs.
2. **Blood Pressure Management**: High blood pressure can exacerbate hemorrhage risk; therefore, managing high blood pressure is essential.
3. **Aspirin or Antiplatelet Therapy**: In some cases, aspirin or other antiplatelet medications may be used to reduce the risk of bleeding.

**Monitoring:**

1. **Regular Imaging Studies**: Regular MRI scans are recommended for patients with asymptomatic CCMs to monitor for changes in size or"
Is inclusion body myopathy 2 inherited ?,"This condition is inherited in an autosomal recessive pattern, which means both copies of the gene in each cell have mutations. The parents of an individual with an autosomal recessive condition each carry one copy of the mutated gene, but they typically do not show signs and symptoms of the condition.","Inclusion Body Myositis (IBM) type 2, also known as IBM2, is a rare form of muscle disease that falls under the category of Inclusion Body Myopathies (IBMs). It's indeed an inherited condition.

IBM2 is caused by mutations in the GNE gene. This gene provides instructions for making an enzyme called selenoprotein convertase 1 (SEC1), which plays a crucial role in the production and maintenance of muscles, particularly in the lower limbs and respiratory system.

The inheritance pattern of IBM2 is typically autosomal recessive. Autosomal recessive conditions occur when an individual inherits two copies of the mutated gene - one from each parent - who themselves are carriers but do not display symptoms because they have only one copy of the mutation.

In contrast, myotonic dystrophy and facioscapulohumeral muscular dystrophy (FSHD), which are also forms of muscular dystrophies but distinct diseases, follow different inheritance patterns. Myotonic dystrophy is typically autosomal dominant, while FSHD is usually autosomal dominant as well.

IBM2's rarity and the fact that it's an inherited condition can make diagnosis challenging, especially in cases where family history isn't clear or when there are other conditions present"
What are the genetic changes related to nonsyndromic hearing loss ?,"The causes of nonsyndromic hearing loss are complex. Researchers have identified more than 90 genes that, when altered, are associated with nonsyndromic hearing loss. Many of these genes are involved in the development and function of the inner ear. Mutations in these genes contribute to hearing loss by interfering with critical steps in processing sound. Different mutations in the same gene can be associated with different types of hearing loss, and some genes are associated with both syndromic and nonsyndromic forms. In many affected families, the factors contributing to hearing loss have not been identified.  Most cases of nonsyndromic hearing loss are inherited in an autosomal recessive pattern. About half of all severe-to-profound autosomal recessive nonsyndromic hearing loss results from mutations in the GJB2 gene; these cases are designated DFNB1. The GJB2 gene provides instructions for making a protein called connexin 26, which is a member of the connexin protein family. Mutations in another connexin gene, GJB6, can also cause DFNB1. The GJB6 gene provides instructions for making a protein called connexin 30. Connexin proteins form channels called gap junctions, which allow communication between neighboring cells, including cells in the inner ear. Mutations in the GJB2 or GJB6 gene alter their respective connexin proteins, which changes the structure of gap junctions and may affect the function or survival of cells that are needed for hearing.  The most common cause of moderate autosomal recessive nonsyndromic hearing loss is mutations in the STRC gene. These mutations cause a form of the condition known as DFNB16. Mutations in more than 60 other genes can also cause autosomal recessive nonsyndromic hearing loss. Many of these gene mutations have been found in one or a few families.  Nonsyndromic hearing loss can also be inherited in an autosomal dominant pattern. Mutations in at least 30 genes have been identified in people with autosomal dominant nonsyndromic hearing loss; mutations in some of these genes (including GJB2 and GJB6) can also cause autosomal recessive forms of the condition. Although no single gene is associated with a majority of autosomal dominant nonsyndromic hearing loss cases, mutations in a few genes, such as KCNQ4 and TECTA, are relatively common. Mutations in many of the other genes associated with autosomal dominant nonsyndromic hearing loss have been found in only one or a few families.  X-linked and mitochondrial forms of nonsyndromic hearing loss are rare. About half of all X-linked cases are caused by mutations in the POU3F4 gene. This form of the condition is designated DFNX2. Mutations in at least three other genes have also been identified in people with X-linked nonsyndromic hearing loss.  Mitochondrial forms of hearing loss result from changes in mitochondrial DNA (mtDNA). Mitochondria are structures within cells that convert the energy from food into a form that cells can use. Although most DNA is packaged in chromosomes within the nucleus, mitochondria also have a small amount of their own DNA. Only a few mutations in mtDNA have been associated with hearing loss, and their role in the condition is still being studied.  Mutations in some of the genes associated with nonsyndromic hearing loss can also cause syndromic forms of hearing loss, such as Usher syndrome (CDH23 and MYO7A, among others), Pendred syndrome (SLC26A4), Wolfram syndrome (WFS1), and Stickler syndrome (COL11A2). It is often unclear how mutations in the same gene can cause isolated hearing loss in some individuals and hearing loss with additional signs and symptoms in others.  In addition to genetic changes, hearing loss can result from environmental factors or a combination of genetic risk and a person's environmental exposures. Environmental causes of hearing loss include certain medications, specific infections before or after birth, and exposure to loud noise over an extended period. Age is also a major risk factor for hearing loss. Age-related hearing loss (presbyacusis) is thought to have both genetic and environmental influences.","Nonsyndromic hearing loss (NSHL) is a type of hearing impairment that occurs in isolation, without any associated systemic or developmental abnormalities. NSHL accounts for approximately 70-80% of all inherited hearing losses and can be caused by mutations in over 40 different genes.

Some of the most common genetic changes related to nonsyndromic hearing loss include:

1. **GJB2 mutations**: GJB2 is a gene that encodes the connexin 26 protein, which forms gap junctions between adjacent cells in the cochlea. Mutations in GJB2 are responsible for approximately 20-40% of all NSHL cases.
2. **SLC26A4 (PDS) mutations**: SLC26A4 is a gene that encodes the pendrin protein, which plays a role in endolymph transport and ion balance within the inner ear. Mutations in SLC26A4 are associated with approximately 10-20% of all NSHL cases.
3. **MITF mutations**: MITF is a gene that regulates the development and function of melanocytes, but it also has a role in the development of the inner ear. Mutations in MITF have been linked to approximately 5-15"
What is (are) Prostate Enlargement: Benign Prostatic Hyperplasia ?,"The prostate is a walnut-shaped gland that is part of the male reproductive system. The main function of the prostate is to make a fluid that goes into semen. Prostate fluid is essential for a mans fertility. The gland surrounds the urethra at the neck of the bladder. The bladder neck is the area where the urethra joins the bladder. The bladder and urethra are parts of the lower urinary tract. The prostate has two or more lobes, or sections, enclosed by an outer layer of tissue, and it is in front of the rectum, just below the bladder. The urethra is the tube that carries urine from the bladder to the outside of the body. In men, the urethra also carries semen out through the penis.","**Benign Prostatic Hyperplasia (BPH)**, also known as **Prostate Enlargement**, is a non-cancerous enlargement of the prostate gland. The prostate gland is a walnut-sized gland located below the bladder in men and surrounds the urethra.

In BPH, the prostate gland grows larger than normal, putting pressure on the urethra, which can lead to various urinary symptoms. This condition affects millions of men worldwide, especially those over 50 years old.

**Causes and Risk Factors:**

The exact cause of BPH is not fully understood, but several factors contribute to its development:

1. **Hormonal changes**: Aging leads to an increase in dihydrotestosterone (DHT), a hormone that promotes prostate growth.
2. **Genetics**: Family history can play a role in the development of BPH.
3. **Obesity**: Excess weight may contribute to the risk of developing BPH.
4. **Medical conditions**: Certain health conditions, such as hypertension, diabetes, and high cholesterol, may increase the risk.

**Symptoms:**

The symptoms of BPH can vary in severity and include:

1. **Frequent urination**: Needing to urinate more often, especially at night"
What are the symptoms of Doyne honeycomb retinal dystrophy ?,"What are the signs and symptoms of Doyne honeycomb retinal dystrophy? The Human Phenotype Ontology provides the following list of signs and symptoms for Doyne honeycomb retinal dystrophy. If the information is available, the table below includes how often the symptom is seen in people with this condition. You can use the MedlinePlus Medical Dictionary to look up the definitions for these medical terms. Signs and Symptoms Approximate number of patients (when available) Autosomal dominant inheritance - Reticular pigmentary degeneration - Retinal dystrophy - Visual impairment - The Human Phenotype Ontology (HPO) has collected information on how often a sign or symptom occurs in a condition. Much of this information comes from Orphanet, a European rare disease database. The frequency of a sign or symptom is usually listed as a rough estimate of the percentage of patients who have that feature. The frequency may also be listed as a fraction. The first number of the fraction is how many people had the symptom, and the second number is the total number of people who were examined in one study. For example, a frequency of 25/25 means that in a study of 25 people all patients were found to have that symptom. Because these frequencies are based on a specific study, the fractions may be different if another group of patients are examined. Sometimes, no information on frequency is available. In these cases, the sign or symptom may be rare or common.","Doyne Honeycomb Retinal Dystrophy, also known as Familial Benign Fleck Retina or Doyne's Fuchs Spot, is a rare hereditary eye disease. The condition is characterized by tiny, white spots in the retina that can eventually lead to vision loss.

The symptoms of Doyne Honeycomb Retinal Dystrophy typically begin at a young age and may include:

1. **Visual disturbances**: Blurry vision, blind spots, or difficulty seeing at night.
2. **Flecks or spots**: Tiny white or yellowish spots in the retina that can be seen through a dilated pupil during an eye examination.
3. **Retinal degeneration**: The retinal tissue may degenerate over time, leading to progressive loss of vision.

The condition is usually inherited in an autosomal dominant pattern, which means that if one parent has the disease, each child has a 50% chance of inheriting it. Symptoms typically begin between ages 10 and 30, but they can appear at any age.

If you suspect you or someone else may have Doyne Honeycomb Retinal Dystrophy, consult an eye care professional for proper evaluation and treatment. Currently, there is no cure for the condition, but early detection"
What is (are) van der Woude syndrome ?,"Van der Woude syndrome is a condition that affects the development of the face. Many people with this disorder are born with a cleft lip, a cleft palate (an opening in the roof of the mouth), or both. Affected individuals usually have depressions (pits) near the center of the lower lip, which may appear moist due to the presence of salivary and mucous glands in the pits. Small mounds of tissue on the lower lip may also occur. In some cases, people with van der Woude syndrome have missing teeth.  People with van der Woude syndrome who have cleft lip and/or palate, like other individuals with these facial conditions, have an increased risk of delayed language development, learning disabilities, or other mild cognitive problems. The average IQ of individuals with van der Woude syndrome is not significantly different from that of the general population.","Van der Woude syndrome is a rare genetic disorder characterized by:

1.  **Lower lip pits**: Small, usually painless openings or depressions on the lower lip.
2.  **Cleft lip and/or palate**: Abnormalities in the upper lip (cleft lip) and/or roof of the mouth (cleft palate).

Van der Woude syndrome is typically inherited in an autosomal dominant pattern, meaning a single copy of the mutated gene is enough to cause the condition.

The syndrome gets its name from Dutch dermatologist T. B. van der Woude, who first described it in 1954.

The genetic basis of Van der Woude syndrome involves mutations in the IRF6 gene (Interferon Regulatory Factor 6)."
What is (are) Hypotension ?,"Hypotension (HI-po-TEN-shun) is abnormally low blood pressure. Blood pressure is the force of blood pushing against the walls of the arteries as the heart pumps out blood.
                
Blood pressure is measured as systolic (sis-TOL-ik) and diastolic (di-a-STOL-ik) pressures. ""Systolic"" refers to blood pressure when the heart beats while pumping blood. ""Diastolic"" refers to blood pressure when the heart is at rest between beats.
                
You most often will see blood pressure numbers written with the systolic number above or before the diastolic number, such as 120/80 mmHg. (The mmHg is millimeters of mercurythe units used to measure blood pressure.)
                
Normal blood pressure in adults is lower than 120/80 mmHg. Hypotension is blood pressure that's lower than 90/60 mmHg.
                
Overview
                
Blood pressure doesn't stay the same all the time. It lowers as you sleep and rises when you wake up. Blood pressure also rises when you're excited, nervous, or active.
                
Your body is very sensitive to changes in blood pressure. For example, if you stand up quickly, your blood pressure may drop for a short time. Your body adjusts your blood pressure to make sure enough blood and oxygen are flowing to your brain, kidneys, and other vital organs.
                
Most forms of hypotension happen because your body can't bring blood pressure back to normal or can't do it fast enough.
                
Some people have low blood pressure all the time. They have no signs or symptoms, and their low blood pressure is normal for them.
                
In other people, certain conditions or factors cause abnormally low blood pressure. As a result, less blood and oxygen flow to the body's organs.
                
For the most part, hypotension is a medical concern only if it causes signs or symptoms or is linked to a serious condition, such as heart disease. Signs and symptoms of hypotension may include dizziness, fainting, cold and sweaty skin, fatigue (tiredness), blurred vision, or nausea (feeling sick to your stomach).
                
In extreme cases, hypotension can lead to shock.
                
Outlook
                
In a healthy person, low blood pressure without signs or symptoms usually isn't a problem and needs no treatment. If it causes signs or symptoms, your doctor will try to find and treat the condition that's causing it.
                
Hypotension can be dangerous. It can make you fall because of dizziness or fainting. Shock, a severe form of hypotension, is a condition that's often fatal if not treated right away. With prompt and proper treatment, shock can be successfully treated.","Hypotension, also known as low blood pressure, is a condition where the arterial blood pressure is lower than what is considered normal. In other words, it's when your blood pressure is lower than 90/60 millimeters of mercury (mmHg). There are several types of hypotension:

1. **Orthostatic Hypotension**: This type occurs when you stand up quickly from a lying or sitting position. It can cause dizziness, lightheadedness, and fainting.
2. **Postural Hypotension**: Similar to orthostatic hypotension, this type happens when your blood pressure drops after changing positions.
3. **Neurally Mediated Hypotension (NMH)**: This is a condition where the nerves that regulate heart rate and blood pressure don't function properly, leading to a drop in blood pressure when standing up.
4. **Dehydration-Induced Hypotension**: When you lose too much water, your blood volume decreases, which can lead to low blood pressure.
5. **Hypovolemic Hypotension**: This occurs when there's not enough fluid in the circulatory system (e.g., due to bleeding, diarrhea, or excessive sweating).
6. **Drug-Ind"
How many people are affected by juvenile myoclonic epilepsy ?,"Juvenile myoclonic epilepsy affects an estimated 1 in 1,000 people worldwide. Approximately 5 percent of people with epilepsy have juvenile myoclonic epilepsy.","Juvenile Myoclonic Epilepsy (JME) is a common form of generalized epilepsy that typically affects adolescents and young adults. The exact prevalence of JME is difficult to determine, as it can be challenging to diagnose and may go undiagnosed in some cases.

However, based on various studies and estimates, here are some approximate numbers:

* According to the Epilepsy Foundation, approximately 1 in 20 people will experience at least one seizure during their lifetime.
* A study published in the journal ""Epilepsia"" estimated that JME affects about 3-4% of all epilepsy cases. This would translate to around 150 million people worldwide, assuming a global prevalence rate of 3.5%.
* Another study published in the journal ""Neurology"" estimated that JME accounts for approximately 7-10% of all generalized epilepsy cases.

In terms of specific demographics, JME is more common among:

* Teenagers and young adults: JME typically begins between the ages of 12 and 18.
* Females: Women are slightly more likely to develop JME than men.
* Individuals with a family history of epilepsy: Having a first-degree relative (parent or sibling) with epilepsy increases the risk of developing J"
what research (or clinical trials) is being done for Colon Cancer ?,"New types of treatment are being tested in clinical trials.
                    Information about clinical trials is available from the NCI website.
                
                
                    Patients may want to think about taking part in a clinical trial.
                    For some patients, taking part in a clinical trial may be the best treatment choice. Clinical trials are part of the cancer research process. Clinical trials are done to find out if new cancer treatments are safe and effective or better than the standard treatment.   Many of today's standard treatments for cancer are based on earlier clinical trials. Patients who take part in a clinical trial may receive the standard treatment or be among the first to receive a new treatment.   Patients who take part in clinical trials also help improve the way cancer will be treated in the future. Even when clinical trials do not lead to effective new treatments, they often answer important questions and help move research forward.
                
                
                    Patients can enter clinical trials before, during, or after starting their cancer treatment.
                    Some clinical trials only include patients who have not yet received treatment. Other trials test treatments for patients whose cancer has not gotten better. There are also clinical trials that test new ways to stop cancer from recurring (coming back) or reduce the side effects of cancer treatment.   Clinical trials are taking place in many parts of the country. See the Treatment Options section that follows for links to current treatment clinical trials. These have been retrieved from NCI's listing of clinical trials.","There are numerous ongoing and completed research studies, as well as clinical trials, focused on colon cancer. Here are some examples:

**Current Clinical Trials:**

1. **Adjuvant Therapy with Nivolumab and Ipilimumab in Treating Patients with Stage III or IV Colorectal Cancer (NCT03212493)**: This trial is evaluating the effectiveness of combining immunotherapy medications nivolumab and ipilimumab with standard chemotherapy to treat stage III or IV colon cancer.
2. **Combination Chemotherapy with or without Bevacizumab in Treating Patients with Metastatic Colorectal Cancer (NCT00083939)**: This trial is comparing the effectiveness of combination chemotherapy with or without bevacizumab, an anti-angiogenic medication, to treat metastatic colon cancer.
3. **Cabozantinib and Nivolumab in Treating Patients with Metastatic Colorectal Cancer (NCT02788211)**: This trial is evaluating the effectiveness of combining cabozantinib, a tyrosine kinase inhibitor, with nivolumab to treat metastatic colon cancer.

**Completed Trials:**

1. **Phase III Study of Pembrolizumab vs Chemotherapy for Micro"
What are the treatments for acromicric dysplasia ?,These resources address the diagnosis or management of acromicric dysplasia:  - Genetic Testing Registry: Acromicric dysplasia   These resources from MedlinePlus offer information about the diagnosis and management of various health conditions:  - Diagnostic Tests  - Drug Therapy  - Surgery and Rehabilitation  - Genetic Counseling   - Palliative Care,"Acromelic dysplasias are a group of rare genetic disorders that affect bone growth and development. There is no cure for these conditions, but treatment options may help manage symptoms and improve quality of life.

Treatment approaches may include:

1. **Orthopedic surgery**: Surgery to correct deformities, such as limb length discrepancies or joint problems.
2. **Physical therapy**: To maintain mobility and prevent contractures (shortening of tendons or muscles).
3. **Occupational therapy**: To help patients adapt to their physical limitations and learn new skills.
4. **Pain management**: Medications or other interventions to manage chronic pain, which is a common symptom of these conditions.
5. **Genetic counseling**: For families with a history of acromelic dysplasia, genetic counseling can help them understand the risks of passing on the condition to their children.

Specific treatments may vary depending on the type and severity of the condition. Some examples of treatment approaches for specific types of acromelic dysplasias include:

* **Campomelic dysplasia**: Surgery to correct clubfoot or other limb deformities, as well as orthotics or prosthetics to support mobility.
* **Fairfax-Sloan syndrome**: Treatment may focus on managing the associated skeletal and"
Do you have information about Nutritional Support,"Summary : Nutritional support is therapy for people who cannot get enough nourishment by eating or drinking. You may need it if you        - Can't swallow    - Have problems with your appetite    - Are severely malnourished    - Can't absorb nutrients through your digestive system       You receive nutritional support through a needle or catheter placed in your vein or with a feeding tube, which goes into your stomach.","Nutritional support is an essential aspect of healthcare, particularly for individuals with specific dietary needs or restrictions. Here's a comprehensive overview:

**What is Nutritional Support?**

Nutritional support refers to the provision of nutrients and dietary advice to help maintain optimal health, manage disease, and promote recovery. It involves assessing an individual's nutritional needs, creating personalized meal plans, and monitoring their progress.

**Types of Nutritional Support:**

1. **Enteral Nutrition (EN)**: Delivery of nutrients through a feeding tube inserted into the stomach or small intestine.
2. **Parenteral Nutrition (PN)**: Intravenous delivery of nutrients when the digestive system is not functioning properly.
3. **Oral Nutritional Supplements (ONS)**: Dietary supplements taken orally to support nutritional needs, often used for patients with malnutrition or those who require additional calories and nutrients.
4. **Nutrition Counseling**: One-on-one guidance on healthy eating habits, meal planning, and lifestyle modifications.

**Indications for Nutritional Support:**

1. **Malnutrition**: Inadequate nutrition leading to weight loss, muscle wasting, or other health complications.
2. **Critical Illness**: Severe infections, trauma, or burns requiring intensive medical care.
3. **Chronic Diseases**: Long-term"
What are the symptoms of Annular pancreas ?,"What are the signs and symptoms of Annular pancreas? The Human Phenotype Ontology provides the following list of signs and symptoms for Annular pancreas. If the information is available, the table below includes how often the symptom is seen in people with this condition. You can use the MedlinePlus Medical Dictionary to look up the definitions for these medical terms. Signs and Symptoms Approximate number of patients (when available) Abnormality of the pancreas 90% Duodenal stenosis 90% Abnormality of the gastric mucosa 50% Annular pancreas - Autosomal dominant inheritance - High intestinal obstruction - The Human Phenotype Ontology (HPO) has collected information on how often a sign or symptom occurs in a condition. Much of this information comes from Orphanet, a European rare disease database. The frequency of a sign or symptom is usually listed as a rough estimate of the percentage of patients who have that feature. The frequency may also be listed as a fraction. The first number of the fraction is how many people had the symptom, and the second number is the total number of people who were examined in one study. For example, a frequency of 25/25 means that in a study of 25 people all patients were found to have that symptom. Because these frequencies are based on a specific study, the fractions may be different if another group of patients are examined. Sometimes, no information on frequency is available. In these cases, the sign or symptom may be rare or common.","Annular pancreas is a rare congenital anomaly where pancreatic tissue surrounds the second part of the duodenum, which can cause various gastrointestinal and abdominal symptoms. The symptoms may vary depending on the severity of the condition and the individual affected.

Common symptoms of annular pancreas include:

1. **Abdominal pain**: Pain in the upper abdomen, often radiating to the back or epigastric region, is a common symptom.
2. **Nausea and vomiting**: Vomiting, particularly after eating, is a frequent complaint due to duodenal obstruction caused by the pancreatic tissue.
3. **Weight loss**: Malabsorption can lead to weight loss, as nutrients are not properly absorbed from food.
4. **Jaundice (yellowing of the skin)**: This occurs when bile ducts are obstructed or compressed by the encircling pancreas.
5. **Bloating and gas**: Gas accumulation in the digestive tract may occur due to incomplete digestion of food.
6. **Constipation**: Fecal retention can be a symptom, especially if there is significant duodenal obstruction.
7. **Diarrhea**: Some individuals with annular pancreas may experience watery diarrhea due to bacterial overgrowth or pancreatic insufficiency."
What are the symptoms of Spinocerebellar ataxia 3 ?,"What are the signs and symptoms of Spinocerebellar ataxia 3? The Human Phenotype Ontology provides the following list of signs and symptoms for Spinocerebellar ataxia 3. If the information is available, the table below includes how often the symptom is seen in people with this condition. You can use the MedlinePlus Medical Dictionary to look up the definitions for these medical terms. Signs and Symptoms Approximate number of patients (when available) Dysautonomia 7.5% Ataxia 57/57 Gaze-evoked nystagmus 15/20 External ophthalmoplegia 34/57 Dysarthria 30/57 Spasticity 62/139 Dystonia 17/57 Fasciculations 12/57 Parkinsonism 3/57 Absent Achilles reflex - Autosomal dominant inheritance - Babinski sign - Bradykinesia - Cerebellar atrophy - Chronic pain - Dementia - Dilated fourth ventricle - Diplopia - Distal amyotrophy - Dysmetric saccades - Dysphagia - Facial-lingual fasciculations - Genetic anticipation - Gliosis - Impaired horizontal smooth pursuit - Limb ataxia - Muscle cramps - Postural instability - Progressive - Progressive cerebellar ataxia - Proptosis - Ptosis - Rigidity - Spinocerebellar tract degeneration - Supranuclear ophthalmoplegia - Truncal ataxia - Urinary bladder sphincter dysfunction - The Human Phenotype Ontology (HPO) has collected information on how often a sign or symptom occurs in a condition. Much of this information comes from Orphanet, a European rare disease database. The frequency of a sign or symptom is usually listed as a rough estimate of the percentage of patients who have that feature. The frequency may also be listed as a fraction. The first number of the fraction is how many people had the symptom, and the second number is the total number of people who were examined in one study. For example, a frequency of 25/25 means that in a study of 25 people all patients were found to have that symptom. Because these frequencies are based on a specific study, the fractions may be different if another group of patients are examined. Sometimes, no information on frequency is available. In these cases, the sign or symptom may be rare or common.","Spinocerebellar Ataxia Type 3 (SCA3), also known as Machado-Joseph disease, is a rare, genetic disorder that affects the brain and nervous system. The symptoms of SCA3 can vary in severity and progression, but they often include:

**Early symptoms:**

1. **Ataxia**: A lack of coordination and balance, which can cause problems with walking, standing, or performing fine motor tasks.
2. **Dysarthria**: Difficulty speaking due to weakness or paralysis of the muscles used for speech.
3. **Nystagmus**: Abnormal eye movements, often described as a ""jerky"" or ""twitchy"" movement.

**Progressive symptoms:**

1. **Muscle weakness**: Weakness and stiffness in the arms and legs, which can lead to difficulty with walking, balance, and coordination.
2. **Spasticity**: Increased muscle tone, leading to stiff muscles and reduced mobility.
3. **Dystonia**: Abnormal postures or movements of the limbs, often twisting or turning.
4. **Parkinsonian features**: Tremors, rigidity, bradykinesia (slow movement), and postural instability.
5. **Cognitive decline**: Difficulty"
"What are the symptoms of Macular dystrophy, concentric annular ?","What are the signs and symptoms of Macular dystrophy, concentric annular? The Human Phenotype Ontology provides the following list of signs and symptoms for Macular dystrophy, concentric annular. If the information is available, the table below includes how often the symptom is seen in people with this condition. You can use the MedlinePlus Medical Dictionary to look up the definitions for these medical terms. Signs and Symptoms Approximate number of patients (when available) Autosomal dominant inheritance - Dyschromatopsia - Foveal hyperpigmentation - Macular dystrophy - The Human Phenotype Ontology (HPO) has collected information on how often a sign or symptom occurs in a condition. Much of this information comes from Orphanet, a European rare disease database. The frequency of a sign or symptom is usually listed as a rough estimate of the percentage of patients who have that feature. The frequency may also be listed as a fraction. The first number of the fraction is how many people had the symptom, and the second number is the total number of people who were examined in one study. For example, a frequency of 25/25 means that in a study of 25 people all patients were found to have that symptom. Because these frequencies are based on a specific study, the fractions may be different if another group of patients are examined. Sometimes, no information on frequency is available. In these cases, the sign or symptom may be rare or common.","Concentric Annular Macular Dystrophy (CAMD) is a rare, inherited eye disorder that affects the macula, the part of the retina responsible for central vision. The symptoms of CAMD usually appear in early adulthood and can progress slowly over time. Here are some common symptoms:

1. **Visual distortion**: People with CAMD often experience visual distortion, particularly in the central part of their vision. This can cause straight lines to appear wavy or irregular.
2. **Blind spots**: As the disease progresses, blind spots may develop in the center of the visual field, making it difficult to see objects directly in front of them.
3. **Central vision loss**: The most common symptom is a gradual decline in central vision, which can affect daily activities such as reading, driving, and watching TV.
4. **Decreased visual acuity**: Visual acuity may decrease over time, making it harder to perform tasks that require sharp vision.
5. **Color vision deficiency**: Some individuals with CAMD may experience color vision deficiency, particularly difficulty distinguishing between red and green colors.
6. **Visual field loss**: As the disease progresses, the visual field can shrink, leaving a ring of blind spots around the central area of vision.

The concentric ann"
What are the genetic changes related to focal dermal hypoplasia ?,"Mutations in the PORCN gene cause focal dermal hypoplasia. This gene provides instructions for making a protein that is responsible for modifying other proteins, called Wnt proteins. Wnt proteins participate in chemical signaling pathways in the body that regulate development of the skin, bones, and other structures before birth.  Mutations in the PORCN gene appear to prevent the production of any functional PORCN protein. Researchers believe Wnt proteins cannot be released from the cell without the PORCN protein. When Wnt proteins are unable to leave the cell, they cannot participate in the chemical signaling pathways that are critical for normal development. The various signs and symptoms of focal dermal hypoplasia are likely due to abnormal Wnt signaling during early development.","Focal dermal hypoplasia (FDH), also known as Goltz-Gorlin syndrome, is a rare genetic disorder characterized by skin lesions and other abnormalities. The condition is caused by mutations in the PORCN gene.

The PORCN gene provides instructions for making a protein called porcupine. This protein plays a crucial role in the processing and modification of proteins that are important for cell-to-cell communication and tissue development.

Mutations in the PORCN gene can lead to impaired function or loss of function, resulting in abnormal cell growth and differentiation. This can cause the characteristic skin lesions and other symptoms associated with FDH.

Some of the specific genetic changes related to focal dermal hypoplasia include:

1. **Deletions**: Small deletions (deletions of a few nucleotides) or larger deletions that remove parts of the PORCN gene.
2. **Duplications**: Duplications of some parts of the PORCN gene can also lead to FDH.
3. **Point mutations**: Single-point mutations, such as substitutions or insertions/deletions (indels), in the PORCN gene can disrupt its function.
4. **Frameshift mutations**: Mutations that introduce a premature stop codon or create a"
