question,answer,meta_json
What is (are) Brooke-Spiegler syndrome ?,"Brooke-Spiegler syndrome is a condition characterized by multiple skin tumors that develop from structures associated with the skin, such as sweat glands and hair follicles. People with Brooke-Spiegler syndrome may develop several types of tumors, including growths called spiradenomas, trichoepitheliomas, and cylindromas. The tumors associated with Brooke-Spiegler syndrome are generally benign (noncancerous), but occasionally they may become malignant (cancerous). Individuals with Brooke-Spiegler syndrome are also at increased risk of developing tumors in tissues in other areas, particularly benign or malignant tumors of the salivary or parotid glands and basal cell carcinomas. Brooke-Spiegler syndrome is caused by mutations in the CYLD gene. Susceptibility to Brooke-Spiegler syndrome has an autosomal dominant pattern of inheritance, which means one copy of the altered gene in each cell increases the risk of developing this condition. However, a second, non-inherited mutation is required for development of skin appendage tumors in this disorder.",{}
How to diagnose Parkinson disease ?,"How is Parkinson disease diagnosed? There are currently no blood or laboratory tests that have been proven to help diagnose sporadic cases of Parkinson disease. The diagnosis is generally made after careful evaluation of medical history, current symptoms, and exclusion of other conditions. The clinical findings of tremor, rigidity, and bradykinesia are highly suggestive of Parkinson disease. The genetic cause of some forms of Parkinson disease has been identified. In those cases, genetic testing may be utilized to identify affected family members.",{}
What are the treatments for autoimmune lymphoproliferative syndrome ?,"These resources address the diagnosis or management of ALPS:  - Gene Review: Gene Review: Autoimmune Lymphoproliferative Syndrome  - Genetic Testing Registry: Autoimmune lymphoproliferative syndrome  - Genetic Testing Registry: Autoimmune lymphoproliferative syndrome type 1, autosomal recessive  - Genetic Testing Registry: Autoimmune lymphoproliferative syndrome, type 1a  - Genetic Testing Registry: Autoimmune lymphoproliferative syndrome, type 1b  - Genetic Testing Registry: Autoimmune lymphoproliferative syndrome, type 2  - Genetic Testing Registry: RAS-associated autoimmune leukoproliferative disorder  - National Institute of Allergy and Infectious Diseases (NIAID): ALPS Treatment   These resources from MedlinePlus offer information about the diagnosis and management of various health conditions:  - Diagnostic Tests  - Drug Therapy  - Surgery and Rehabilitation  - Genetic Counseling   - Palliative Care",{}
Is juvenile polyposis syndrome inherited ?,"Juvenile polyposis syndrome is inherited in an autosomal dominant pattern, which means one copy of the altered gene in each cell is sufficient to cause the disorder.  In approximately 75 percent of cases, an affected person inherits the mutation from one affected parent. The remaining 25 percent of cases result from new mutations in the gene and occur in people with no history of the disorder in their family.",{}
Do you have information about Seniors' Health,"Summary : People in the U.S. are living longer than ever before. Many seniors live active and healthy lives. But there's no getting around one thing: as we age, our bodies and minds change. There are things you can do to stay healthy and active as you age.It is important to understand what to expect. Some changes may just be part of normal aging, while others may be a warning sign of a medical problem. It is important to know the difference, and to let your healthcare provider know if you have any concerns.    Having a healthy lifestyle can help you to deal with normal aging changes and make the most of your life.",{}
What are the genetic changes related to oculodentodigital dysplasia ?,"Mutations in the GJA1 gene cause oculodentodigital dysplasia. The GJA1 gene provides instructions for making a protein called connexin43. This protein forms one part (a subunit) of channels called gap junctions, which allow direct communication between cells. Gap junctions formed by connexin43 proteins are found in many tissues throughout the body.  GJA1 gene mutations result in abnormal connexin43 proteins. Channels formed with abnormal proteins are often permanently closed. Some mutations prevent connexin43 proteins from traveling to the cell surface where they are needed to form channels between cells. Impaired functioning of these channels disrupts cell-to-cell communication, which likely interferes with normal cell growth and cell specialization, processes that determine the shape and function of many different parts of the body. These developmental problems cause the signs and symptoms of oculodentodigital dysplasia.",{}
What are the genetic changes related to pyruvate kinase deficiency ?,"Pyruvate kinase deficiency is caused by mutations in the PKLR gene. The PKLR gene is active in the liver and in red blood cells, where it provides instructions for making an enzyme called pyruvate kinase. The pyruvate kinase enzyme is involved in a critical energy-producing process known as glycolysis. During glycolysis, the simple sugar glucose is broken down to produce adenosine triphosphate (ATP), the cell's main energy source.  PKLR gene mutations result in reduced pyruvate kinase enzyme function, causing a shortage of ATP in red blood cells and increased levels of other molecules produced earlier in the glycolysis process. The abnormal red blood cells are gathered up by the spleen and destroyed, causing hemolytic anemia and an enlarged spleen. A shortage of red blood cells to carry oxygen throughout the body leads to fatigue, pallor, and shortness of breath. Iron and a molecule called bilirubin are released when red blood cells are destroyed, resulting in an excess of these substances circulating in the blood. Excess bilirubin in the blood causes jaundice and increases the risk of developing gallstones.  Pyruvate kinase deficiency may also occur as an effect of other blood diseases, such as leukemia. These cases are called secondary pyruvate kinase deficiency and are not inherited.",{}
How to diagnose Gerstmann-Straussler-Scheinker disease ?,"How is Gerstmann-Straussler-Scheinker disease diagnosed? The diagnosis of Gerstmann-Straussler-Scheinker disease (GSS) is based on a combination of the following: Characteristic signs and symptoms Nervous system findings including multiple amyloid plaques (clumps which form in the brain and cause the death of nerve cells and the progressive symptoms of the disease) A family history consistent with autosomal dominant inheritance Identification of a disease-causing mutation of the PRNP gene Genetic testing for at-risk relatives who do not yet have symptoms of GSS is possible if the disease-causing mutation in the family is known. This testing is not useful in predicting age of onset, severity, type of symptoms, or rate of progression. Testing for the disease-causing mutation in the absence of definite symptoms of the disease is called predictive testing.",{}
How many people are affected by Salih myopathy ?,"Salih myopathy appears to be a rare disorder, although its prevalence is unknown. It has been reported in a small number of families of Moroccan and Sudanese descent.",{}
What is (are) Limited cutaneous systemic sclerosis ?,"Limited cutaneous systemic sclerosis is a subtype of systemic sclerosis characterized by the association of Raynaud's phenomenon and skin fibrosis on the hands, face, feet and forearms. The exact cause of limited cutaneous systemic sclerosis is unknown, but likely originates from an autoimmune reaction which leads to overproduction of collagen. In some cases, the condition is associated with exposure to certain chemicals. Management is aimed at treating the symptoms present in each affected individual.",{}
"What are the symptoms of Ichthyosis, acquired ?","What are the signs and symptoms of Ichthyosis, acquired? The Human Phenotype Ontology provides the following list of signs and symptoms for Ichthyosis, acquired. If the information is available, the table below includes how often the symptom is seen in people with this condition. You can use the MedlinePlus Medical Dictionary to look up the definitions for these medical terms. Signs and Symptoms Approximate number of patients (when available) Dry skin 90% Ichthyosis 90% Pruritus 90% Immunologic hypersensitivity 50% Palmoplantar keratoderma 50% Skin ulcer 50% Autoimmunity 7.5% Lymphoma 7.5% Multiple myeloma 7.5% Renal insufficiency 7.5% Sarcoma 7.5% The Human Phenotype Ontology (HPO) has collected information on how often a sign or symptom occurs in a condition. Much of this information comes from Orphanet, a European rare disease database. The frequency of a sign or symptom is usually listed as a rough estimate of the percentage of patients who have that feature. The frequency may also be listed as a fraction. The first number of the fraction is how many people had the symptom, and the second number is the total number of people who were examined in one study. For example, a frequency of 25/25 means that in a study of 25 people all patients were found to have that symptom. Because these frequencies are based on a specific study, the fractions may be different if another group of patients are examined. Sometimes, no information on frequency is available. In these cases, the sign or symptom may be rare or common.",{}
What is (are) Diabetes ?,"Type 1 diabetes, which used to be called called juvenile diabetes or insulin-dependent diabetes, develops most often in young people. However, type 1 diabetes can also develop in adults. With this form of diabetes, your body no longer makes insulin or doesnt make enough insulin because your immune system has attacked and destroyed the insulin-producing cells. About 5 to 10 percent of people with diabetes have type 1 diabetes. To survive, people with type 1 diabetes must have insulin delivered by injection or a pump. Learn more about type 1 diabetes here.  Learn more about type 1 diabetes here. Type 2 diabetes, which used to be called adult-onset diabetes or non insulin-dependent diabetes, is the most common form of diabetes. Although people can develop type 2 diabetes at any age -- even during childhood -- type 2 diabetes develops most often in middle-aged and older people. Type 2 diabetes usually begins with insulin resistancea condition that occurs when fat, muscle, and liver cells do not use insulin to carry glucose into the bodys cells to use for energy. As a result, the body needs more insulin to help glucose enter cells. At first, the pancreas keeps up with the added demand by making more insulin. Over time, the pancreas doesnt make enough insulin when blood sugar levels increase, such as after meals. If your pancreas can no longer make enough insulin, you will need to treat your type 2 diabetes.  Learn more about type 2 diabetes here.",{}
What is (are) Catecholaminergic polymorphic ventricular tachycardia ?,"Catecholaminergic polymorphic ventricular tachycardia (CPVT) is a genetic disorder that causes an abnormally fast and irregular heart rhythm in response to physical activity or emotional stress. Signs and symptoms include light-headedness, dizziness, and fainting. Symptoms most often develop between 7 to 9 years of age.  If untreated CPVT can cause a heart attack and death. CPVT is caused by mutations in the RYR2 or CASQ2 genes. When a RYR2 gene mutation is involved, the condition is passed through families in an autosomal dominant fashion. When CASQ2 gene mutations are involved, the condition is inherited in an autosomal recessive fashion. In some cases the underlying cause can not be determined. Beta blockers are used to treat CPVT.  An Implantable Cardioverter Defibrillator (ICD) may also be needed.",{}
What to do for Alzheimer's Caregiving ?,"Most people with Alzheimers disease are cared for at home by family members. Within families, caregiving is provided most often by wives and husbands, followed by daughters. As Alzheimers disease gets worse, the person will need more and more care. Because of this, you will need more help. It's okay to seek help whenever you need it. Building a local support system is a key way to get help. This system might include a caregiver support group, the local chapter of the Alzheimer's Association, family, friends, and faith groups. To learn where to get help in your community, contact - the Alzheimers Disease Education and Referral (ADEAR) Center, 1-800-438-4380 or visit www.nia.nih.gov/alzheimers  - the Alzheimer's Association at 1-800-272-3900.  the Alzheimers Disease Education and Referral (ADEAR) Center, 1-800-438-4380 or visit www.nia.nih.gov/alzheimers the Alzheimer's Association at 1-800-272-3900. Various professional services can help with everyday care in the home of someone with Alzheimers disease. Medicare, Medicaid, and other health insurance plans may help pay for these services. Contact Eldercare Locator to find the services you need in your area by calling 1-800-677-1116 or visiting  www.eldercare.gov. Home Health Care Services Home health care agencies send a home health aide or nurse to your home to help you care for a person with Alzheimers. They may come for a few hours or stay for 24 hours and are paid by the hour. Some home health aides are better trained and supervised than others. Ask your doctor or other health care professional about good home health care services in your area. Get as much information as possible about a service before you sign an agreement. Also, ask for and check references Here are some questions to ask before signing a home health care agreement. - Is your service licensed and accredited?  - How much do your services cost?  - What is included and not included in your services?  - How many days a week and hours a day will an aide come to my home?   - How do you check the background and experience of your home health aides?   - How do you train your home health aides?   - What types of emergency care can you provide?   - Who do I contact if there is a problem?  Is your service licensed and accredited? How much do your services cost? What is included and not included in your services? How many days a week and hours a day will an aide come to my home? How do you check the background and experience of your home health aides? How do you train your home health aides? What types of emergency care can you provide? Who do I contact if there is a problem? For information about how to find home health care services, see Caring for a Person with Alzheimers Disease. Meal Services Meal services bring hot meals to the person's home or your home. The delivery staff does not feed the person. The person with Alzheimers disease must qualify for the service based on local guidelines. Some groups do not charge for their services. Others may charge a small fee. For information, call Eldercare Locator at 1-800-677-1116 or go to  www.eldercare.gov. You may also contact Meals on Wheels at 1-888-998-6325. Adult Day Care Services Adult day care services provide a safe environment, activities, and staff who take care of the person with Alzheimers at their own facility. This provides a much-needed break for you. Many programs provide transportation between the persons home and the facility. Adult day care services generally charge by the hour. Most insurance plans do not cover these costs. To find adult day care services in your area, contact the National Adult Day Services Association at 1-877-745-1440. Watch a video to learn more about the services provided at adult day care.  Respite Services Respite services provide short stays, from a few days to a few weeks, in a nursing home or other place for the person with Alzheimers disease. This care allows you to get a break or go on a vacation. Respite services charge by the number of days or weeks that services are provided. Medicare or Medicaid may cover the cost of up to 5 days in a row of respite care in an inpatient facility. Most private insurance plans do not cover these costs. To find respite services in your community, call the National Respite Locator Service at 1-800-773-5433 (toll-free). Geriatric Care Managers Geriatric care managers visit your home to assess your needs and suggest and arrange home-care services. They charge by the hour. Most insurance plans don't cover these costs. To find a geriatric care manager, contact the National Association of Professional Geriatric Care Managers at 1-520-881-8008. Mental Health Professionals and Social Workers Mental health professionals and social workers help you deal with any stress you may be feeling. They help you understand feelings, such as anger, sadness, or feeling out of control. They can also help you make plans for unexpected or sudden events. Mental health professionals charge by the hour. Medicare, Medicaid, and some private health insurance plans may cover some of these costs. Ask your health insurance plan which mental health counselors and services it covers. Then check with your doctor, local family service agencies, and community mental health agencies for referrals to counselors.",{}
Is Andersen-Tawil syndrome inherited ?,"This condition is inherited in an autosomal dominant pattern, which means one copy of the altered gene in each cell is sufficient to cause the disorder. In some cases, a person with Andersen-Tawil syndrome inherits the mutation from one affected parent. Other cases result from new mutations in the KCNJ2 gene. These cases occur in people with no history of the disorder in their family.",{}
What is the outlook for Rett Syndrome ?,"The course of Rett syndrome, including the age of onset and the severity of symptoms, varies from child to child. Despite the difficulties with symptoms, most individuals with Rett syndrome continue to live well into middle age and beyond. Because the disorder is rare, very little is known about long-term prognosis and life expectancy.",{}
What causes What I need to know about Diarrhea ?,"Causes of diarrhea include
                
- bacteria from contaminated food or water  - viruses that cause illnesses such as the flu  - parasites, which are tiny organisms found in contaminated food or water  - medicines such as antibiotics  - problems digesting certain foods  - diseases that affect the stomach, small intestine, or colon, such as Crohns disease  - problems with how the colon functions, caused by disorders such as irritable bowel syndrome
                
Sometimes no cause can be found. As long as diarrhea goes away within 1 to 2 days, finding the cause is not usually necessary.",{}
What causes Heart Palpitations ?,"Many things can cause palpitations. You may have these feelings even when your heart is beating normally or somewhat faster than normal.
                
Most palpitations are harmless and often go away on their own. However, some palpitations are signs of a heart problem. Sometimes the cause of palpitations can't be found.
                
If you start having palpitations, see your doctor to have them checked.
                
Causes Not Related to Heart Problems
                
Strong Emotions
                
You may feel your heart pounding or racing during anxiety, fear, or stress. You also may have these feelings if you're having a panic attack.
                
Vigorous Physical Activity
                
Intense activity can make your heart feel like its beating too hard or too fast, even though it's working normally. Intense activity also can cause occasional premature (extra) heartbeats.
                
Medical Conditions
                
Some medical conditions can cause palpitations. These conditions can make the heart beat faster or stronger than usual. They also can cause premature (extra) heartbeats.
                
Examples of these medical conditions include:
                
An overactive thyroid
                
A low blood sugar level
                
Anemia
                
Some types of low blood pressure
                
Fever
                
Dehydration (not enough fluid in the body)
                
Hormonal Changes
                
The hormonal changes that happen during pregnancy, menstruation, and the perimenopausal period may cause palpitations. The palpitations will likely improve or go away as these conditions go away or change.
                
Some palpitations that occur during pregnancy may be due to anemia.
                
Medicines and Stimulants
                
Many medicines can trigger palpitations because they can make the heart beat faster or stronger than usual. Medicines also can cause premature (extra) heartbeats.
                
Examples of these medicines include:
                
Inhaled asthma medicines.
                
Medicines to treat an underactive thyroid. Taking too much of these medicines can cause an overactive thyroid and lead to palpitations.
                
Medicines to prevent arrhythmias. Medicines used to treat irregular heart rhythms can sometimes cause other irregular heart rhythms.
                
Over-the-counter medicines that act as stimulants also may cause palpitations. These include decongestants (found in cough and cold medicines) and some herbal and nutritional supplements.
                
Caffeine, nicotine (found in tobacco), alcohol, and illegal drugs (such as cocaine and amphetamines) also can cause palpitations.
                
Causes Related to Heart Problems
                
Some palpitations are symptoms of arrhythmias. Arrhythmias are problems with the rate or rhythm of the heartbeat. However, less than half of the people who have palpitations have arrhythmias.
                
During an arrhythmia, the heart can beat too fast, too slow, or with an irregular rhythm. An arrhythmia happens if some part of the heart's electrical system doesn't work as it should.
                
Palpitations are more likely to be related to an arrhythmia if you:
                
Have had a heart attack or are at risk for one.
                
Have coronary heart disease (CHD) or risk factors for CHD.
                
Have other heart problems, such as heart failure, heart valve disease, or heart muscle disease.
                
Have abnormal electrolyte levels. Electrolytes are minerals, such as potassium and sodium, found in blood and body fluids. They're vital for normal health and functioning of the body.",{}
Is triple X syndrome inherited ?,"Most cases of triple X syndrome are not inherited. The chromosomal change usually occurs as a random event during the formation of reproductive cells (eggs and sperm). An error in cell division called nondisjunction can result in reproductive cells with an abnormal number of chromosomes. For example, an egg or sperm cell may gain an extra copy of the X chromosome as a result of nondisjunction. If one of these atypical reproductive cells contributes to the genetic makeup of a child, the child will have an extra X chromosome in each of the body's cells.  46,XX/47,XXX mosaicism is also not inherited. It occurs as a random event during cell division in early embryonic development. As a result, some of an affected person's cells have two X chromosomes (46,XX), and other cells have three X chromosomes (47,XXX).",{}
What are the symptoms of Diabetes ?,"Many people with diabetes experience one or more symptoms, including extreme thirst or hunger, a frequent need to urinate and/or fatigue. Some lose weight without trying. Additional signs include sores that heal slowly, dry, itchy skin, loss of feeling or tingling in the feet and blurry eyesight. Some people with diabetes, however, have no symptoms at all.",{}
Is Serpiginous choroiditis inherited ?,Can I inherit serpiginous choroiditis if my mother has the condition? No familial predillection or propensity has been described.,{}
What is (are) Nail Diseases ?,"Your toenails and fingernails protect the tissues of your toes and fingers. They are made up of layers of a hardened protein called keratin, which is also in your hair and skin. The health of your nails can be a clue to your overall health. Healthy nails are usually smooth and consistent in color. Specific types of nail discoloration and changes in growth rate can be signs of lung, heart, kidney, and liver diseases, as well as diabetes and anemia. White spots and vertical ridges are harmless.    Nail problems that sometimes require treatment include       - Bacterial and fungal infections    - Ingrown nails    - Tumors    - Warts       Keeping your nails clean, dry, and trimmed can help you avoid some problems. Do not remove the cuticle, which can cause infection.",{}
What are the genetic changes related to vitelliform macular dystrophy ?,"Mutations in the BEST1 and PRPH2 genes cause vitelliform macular dystrophy. BEST1 mutations are responsible for Best disease and for some cases of the adult-onset form of vitelliform macular dystrophy. Changes in the PRPH2 gene can also cause the adult-onset form of vitelliform macular dystrophy; however, less than a quarter of all people with this form of the condition have mutations in the BEST1 or PRPH2 gene. In most cases, the cause of the adult-onset form is unknown.  The BEST1 gene provides instructions for making a protein called bestrophin. This protein acts as a channel that controls the movement of charged chlorine atoms (chloride ions) into or out of cells in the retina. Mutations in the BEST1 gene probably lead to the production of an abnormally shaped channel that cannot properly regulate the flow of chloride. Researchers have not determined how these malfunctioning channels are related to the buildup of lipofuscin in the macula and progressive vision loss.  The PRPH2 gene provides instructions for making a protein called peripherin 2. This protein is essential for the normal function of light-sensing (photoreceptor) cells in the retina. Mutations in the PRPH2 gene cause vision loss by disrupting structures in these cells that contain light-sensing pigments. It is unclear why PRPH2 mutations affect only central vision in people with adult-onset vitelliform macular dystrophy.",{}
What are the symptoms of Konigsmark Knox Hussels syndrome ?,"What are the signs and symptoms of Konigsmark Knox Hussels syndrome? The Human Phenotype Ontology provides the following list of signs and symptoms for Konigsmark Knox Hussels syndrome. If the information is available, the table below includes how often the symptom is seen in people with this condition. You can use the MedlinePlus Medical Dictionary to look up the definitions for these medical terms. Signs and Symptoms Approximate number of patients (when available) Ataxia 5% Abnormal amplitude of pattern reversal visual evoked potentials - Abnormal auditory evoked potentials - Autosomal dominant inheritance - Central scotoma - Centrocecal scotoma - Horizontal nystagmus - Increased variability in muscle fiber diameter - Myopathy - Ophthalmoplegia - Optic atrophy - Peripheral neuropathy - Phenotypic variability - Progressive sensorineural hearing impairment - Ptosis - Red-green dyschromatopsia - Reduced visual acuity - Strabismus - Tritanomaly - Visual impairment - The Human Phenotype Ontology (HPO) has collected information on how often a sign or symptom occurs in a condition. Much of this information comes from Orphanet, a European rare disease database. The frequency of a sign or symptom is usually listed as a rough estimate of the percentage of patients who have that feature. The frequency may also be listed as a fraction. The first number of the fraction is how many people had the symptom, and the second number is the total number of people who were examined in one study. For example, a frequency of 25/25 means that in a study of 25 people all patients were found to have that symptom. Because these frequencies are based on a specific study, the fractions may be different if another group of patients are examined. Sometimes, no information on frequency is available. In these cases, the sign or symptom may be rare or common.",{}
"What are the symptoms of Cardiac valvular dysplasia, X-linked ?","What are the signs and symptoms of Cardiac valvular dysplasia, X-linked? The Human Phenotype Ontology provides the following list of signs and symptoms for Cardiac valvular dysplasia, X-linked. If the information is available, the table below includes how often the symptom is seen in people with this condition. You can use the MedlinePlus Medical Dictionary to look up the definitions for these medical terms. Signs and Symptoms Approximate number of patients (when available) Abnormality of metabolism/homeostasis - Aortic regurgitation - Congestive heart failure - Mitral regurgitation - Mitral valve prolapse - Short chordae tendineae of the mitral valve - Short chordae tendineae of the tricuspid valve - Tricuspid regurgitation - X-linked recessive inheritance - The Human Phenotype Ontology (HPO) has collected information on how often a sign or symptom occurs in a condition. Much of this information comes from Orphanet, a European rare disease database. The frequency of a sign or symptom is usually listed as a rough estimate of the percentage of patients who have that feature. The frequency may also be listed as a fraction. The first number of the fraction is how many people had the symptom, and the second number is the total number of people who were examined in one study. For example, a frequency of 25/25 means that in a study of 25 people all patients were found to have that symptom. Because these frequencies are based on a specific study, the fractions may be different if another group of patients are examined. Sometimes, no information on frequency is available. In these cases, the sign or symptom may be rare or common.",{}
What are the symptoms of Acrokeratoelastoidosis of Costa ?,"What are the signs and symptoms of Acrokeratoelastoidosis of Costa? The Human Phenotype Ontology provides the following list of signs and symptoms for Acrokeratoelastoidosis of Costa. If the information is available, the table below includes how often the symptom is seen in people with this condition. You can use the MedlinePlus Medical Dictionary to look up the definitions for these medical terms. Signs and Symptoms Approximate number of patients (when available) Hyperkeratosis 90% Verrucae 90% Abnormality of the nail 50% Hyperhidrosis 50% Acrokeratosis - Autosomal dominant inheritance - The Human Phenotype Ontology (HPO) has collected information on how often a sign or symptom occurs in a condition. Much of this information comes from Orphanet, a European rare disease database. The frequency of a sign or symptom is usually listed as a rough estimate of the percentage of patients who have that feature. The frequency may also be listed as a fraction. The first number of the fraction is how many people had the symptom, and the second number is the total number of people who were examined in one study. For example, a frequency of 25/25 means that in a study of 25 people all patients were found to have that symptom. Because these frequencies are based on a specific study, the fractions may be different if another group of patients are examined. Sometimes, no information on frequency is available. In these cases, the sign or symptom may be rare or common.",{}
What are the treatments for spastic paraplegia type 7 ?,"These resources address the diagnosis or management of spastic paraplegia type 7:  - Gene Review: Gene Review: Hereditary Spastic Paraplegia Overview  - Gene Review: Gene Review: Spastic Paraplegia 7  - Genetic Testing Registry: Spastic paraplegia 7  - Spastic Paraplegia Foundation, Inc.: Treatments and Therapies   These resources from MedlinePlus offer information about the diagnosis and management of various health conditions:  - Diagnostic Tests  - Drug Therapy  - Surgery and Rehabilitation  - Genetic Counseling   - Palliative Care",{}
What are the treatments for fragile X syndrome ?,These resources address the diagnosis or management of fragile X syndrome:  - Gene Review: Gene Review: FMR1-Related Disorders  - GeneFacts: Fragile X Syndrome: Diagnosis  - GeneFacts: Fragile X Syndrome: Management  - Genetic Testing Registry: Fragile X syndrome  - MedlinePlus Encyclopedia: Fragile X syndrome   These resources from MedlinePlus offer information about the diagnosis and management of various health conditions:  - Diagnostic Tests  - Drug Therapy  - Surgery and Rehabilitation  - Genetic Counseling   - Palliative Care,{}
What are the treatments for Thrombocytopenia ?,"Treatment for thrombocytopenia depends on its cause and severity. The main goal of treatment is to prevent death and disability caused by bleeding.
                
If your condition is mild, you may not need treatment. A fully normal platelet count isn't necessary to prevent bleeding, even with severe cuts or accidents.
                
Thrombocytopenia often improves when its underlying cause is treated. People who inherit the condition usually don't need treatment.
                
If a reaction to a medicine is causing a low platelet count, your doctor may prescribe another medicine. Most people recover after the initial medicine has been stopped. For heparin-induced thrombocytopenia (HIT), stopping the heparin isn't enough. Often, you'll need another medicine to prevent blood clotting.
                
If your immune system is causing a low platelet count, your doctor may prescribe medicines to suppress the immune system.
                
Severe Thrombocytopenia
                
If your thrombocytopenia is severe, your doctor may prescribe treatments such as medicines, blood or platelet transfusions, or splenectomy.
                
Medicines
                
Your doctor may prescribe corticosteroids, also called steroids for short. Steroids may slow platelet destruction. These medicines can be given through a vein or by mouth. One example of this type of medicine is prednisone.
                
The steroids used to treat thrombocytopenia are different from illegal steroids taken by some athletes to enhance performance.
                
Your doctor may prescribe immunoglobulins or medicines like rituximab to block your immune system. These medicines are given through a vein. He or she also may prescribe other medicines, such as eltrombopag or romiplostim, to help your body make more platelets. The former comes as a tablet to take by mouth and the latter is given as an injection under the skin.
                
Blood or Platelet Transfusions
                
Blood or platelet transfusions are used to treat people who have active bleeding or are at a high risk of bleeding. During this procedure, a needle is used to insert an intravenous (IV) line into one of your blood vessels. Through this line, you receive healthy blood or platelets.
                
For more information about this procedure, go to the Health Topics Blood Transfusion article.
                
Splenectomy
                
A splenectomy is surgery to remove the spleen. This surgery may be used if treatment with medicines doesn't work. This surgery mostly is used for adults who have immune thrombocytopenia (ITP). However, medicines often are the first course of treatment.",{}
Is supravalvular aortic stenosis inherited ?,"This condition is inherited in an autosomal dominant pattern, which means one copy of the altered gene in each cell is sufficient to cause the disorder. However, some people who inherit the altered gene never develop features of SVAS. (This situation is known as reduced penetrance.)  In some cases, a person inherits the mutation from one parent who has the mutation. Other cases result from new mutations in the gene and occur in people with no history of the disorder in their family.",{}
How to diagnose Amyloidosis and Kidney Disease ?,"A health care provider diagnoses dialysis-related amyloidosis with
                
- urinalysis  - blood tests  - imaging tests
                
A health care provider can use urinalysis and blood tests to detect the amount of amyloid proteins in urine and blood. Imaging tests, such as x-rays and CT scans, can provide pictures of bone cysts and amyloid deposits in bones, joints, tendons, and ligaments. An x-ray technician performs imaging tests in a health care providers office, an outpatient center, or a hospital. A radiologista doctor who specializes in medical imaginginterprets the images. A patient does not require anesthesia.",{}
What is (are) Asperger Syndrome ?,"Asperger syndrome (AS) is a developmental disorder. It is an autism spectrum disorder (ASD), one of a distinct group of neurological conditions characterized by a greater or lesser degree of impairment in language and communication skills, as well as repetitive or restrictive patterns of thought and behavior. Other ASDs include: classic autism, Rett syndrome, childhood disintegrative disorder, and pervasive developmental disorder not otherwise specified (usually referred to as PDD-NOS). Unlike children with autism, children with AS retain their early language skills.
                
The most distinguishing symptom of AS is a childs obsessive interest in a single object or topic to the exclusion of any other. Children with AS want to know everything about their topic of interest and their conversations with others will be about little else. Their expertise, high level of vocabulary, and formal speech patterns make them seem like little professors. Other characteristics of AS include repetitive routines or rituals; peculiarities in speech and language; socially and emotionally inappropriate behavior and the inability to interact successfully with peers; problems with non-verbal communication; and clumsy and uncoordinated motor movements.
                
Children with AS are isolated because of their poor social skills and narrow interests. They may approach other people, but make normal conversation impossible by inappropriate or eccentric behavior, or by wanting only to talk about their singular interest.Children with AS usually have a history of developmental delays in motor skills such as pedaling a bike, catching a ball, or climbing outdoor play equipment. They are often awkward and poorly coordinated with a walk that can appear either stilted or bouncy.",{}
what research (or clinical trials) is being done for Post-Polio Syndrome ?,"The National Institute of Neurological Disorders and Stroke (NINDS) and other institutes of the National Institutes of Health (NIH) conduct research related to PPS in laboratories at the NIH, and also support additional PPS research through grants to major medical institutions across the country.",{}
What is (are) Retinal vasculopathy with cerebral leukodystrophy ?,"Retinal vasculopathy with cerebral leukodystrophy (RVCL) is a rare, genetic condition that primarily affects the central nervous system. Symptoms begin in adulthood (usually in the 40s) and may include loss of vision, mini-strokes, and dementia. Death can sometimes occur within 10 years of the first symptoms appearing. RVCL is inherited in an autosomal dominant manner and is caused by mutations in the TREX1 gene. Treatments currently aim to manage or alleviate the symptoms rather than treating the underlying cause. RVCL is now considered to include the following 3 conditions which were previously thought to be distinct: hereditary endotheliopathy, retinopathy, nephropathy, and stroke (HERNS); cerebroretinal vasculopathy (CRV); and hereditary vascular retinopathy (HVR).",{}
what research (or clinical trials) is being done for Chronic Pain ?,"Clinical investigators have tested chronic pain patients and found that they often have lower-than-normal levels of endorphins in their spinal fluid. Investigations of acupuncture include wiring the needles to stimulate nerve endings electrically (electroacupuncture), which some researchers believe activates endorphin systems. Other experiments with acupuncture have shown that there are higher levels of endorphins in cerebrospinal fluid following acupuncture. Investigators are studying the effect of stress on the experience of chronic pain. Chemists are synthesizing new analgesics and discovering painkilling virtues in drugs not normally prescribed for pain.",{}
What causes Adenoid cystic carcinoma ?,"What causes adenoid cystic carcinoma? The underlying cause of adenoid cystic carcinoma (ACC) is not yet known, and no strong genetic or environmental risk factors specific to ACC have been identified. Researchers believe that a combination of various genetic and environmental factors probably interact to ultimately cause a person to develop specific types of cancers. There is ongoing research to learn more about the many factors that contribute to the development of cancer. Cancer is at least partly due to acquired (not inherited) damage or changes to the DNA in certain cells. For example, various studies have shown that chromosomal abnormalities and genetic deletions are present in samples of ACC. However, these genetic abnormalities are present only in the cancer cells, not in the cells with the genetic material that is passed on to offspring (the egg and sperm cells).",{}
"What are the genetic changes related to distal hereditary motor neuropathy, type II ?","Mutations in the HSPB1 and HSPB8 genes cause distal hereditary motor neuropathy, type II. These genes provide instructions for making proteins called heat shock protein beta-1 and heat shock protein beta-8. Heat shock proteins help protect cells under adverse conditions such as infection, inflammation, exposure to toxins, elevated temperature, injury, and disease. They block signals that lead to programmed cell death. In addition, they appear to be involved in activities such as cell movement (motility), stabilizing the cell's structural framework (the cytoskeleton), folding and stabilizing newly produced proteins, and repairing damaged proteins. Heat shock proteins also appear to play a role in the tensing of muscle fibers (muscle contraction).  Heat shock protein beta-1 and heat shock protein beta-8 are found in cells throughout the body and are abundant in nerve cells. In nerve cells, heat shock protein beta-1 helps to organize a network of molecular threads called neurofilaments that maintain the diameter of specialized extensions called axons. Maintaining proper axon diameter is essential for the efficient transmission of nerve impulses. The function of heat shock protein beta-8 is not well understood, but studies have shown that it interacts with heat shock protein beta-1.  The HSPB1 and HSPB8 gene mutations that cause distal hereditary motor neuropathy, type II change single protein building blocks (amino acids) in the protein sequence. If either protein is altered, they may be more likely to cluster together and form clumps (aggregates). Aggregates of heat shock proteins may block the transport of substances that are essential for the proper function of nerve axons. The disruption of other cell functions in which these proteins are involved may also contribute to the signs and symptoms of distal hereditary motor neuropathy, type II.",{}
How many people are affected by Miyoshi myopathy ?,"The exact prevalence of Miyoshi myopathy is unknown. In Japan, where the condition was first described, it is estimated to affect 1 in 440,000 individuals.",{}
What are the genetic changes related to alpha-methylacyl-CoA racemase deficiency ?,"AMACR deficiency is caused by mutations in the AMACR gene. This gene provides instructions for making an enzyme called alpha-methylacyl-CoA racemase (AMACR).  The AMACR enzyme is found in the energy-producing centers in cells (mitochondria) and in cell structures called peroxisomes. Peroxisomes contain a variety of enzymes that break down many different substances, including fatty acids and certain toxic compounds. They are also important for the production (synthesis) of fats (lipids) used in digestion and in the nervous system. In peroxisomes, the AMACR enzyme plays a role in the breakdown of a fatty acid called pristanic acid, which comes from meat and dairy foods in the diet. In mitochondria, AMACR is thought to help further break down the molecules derived from pristanic acid.  Most individuals with AMACR deficiency have an AMACR gene mutation that results in a lack (deficiency) of functional enzyme. The enzyme deficiency leads to accumulation of pristanic acid in the blood. However, it is unclear how this accumulation is related to the specific signs and symptoms of AMACR deficiency.",{}
Do you have information about Fires,"Summary : Whether a fire happens in your home or in the wild, it can be very dangerous. Fire spreads quickly. There is no time to gather valuables or make a phone call. In just two minutes, a fire can become life-threatening. In five minutes, a home can be engulfed in flames.    Heat and smoke from fire can be more dangerous than the flames. Inhaling the super-hot air can burn your lungs. Fire produces poisonous gases that make you disoriented and drowsy. Instead of being awakened by a fire, you may fall into a deeper sleep. You can suffocate or be burned.    Preventing fires is an important part of fire safety. Although there are no guarantees of safety during a fire, you can take actions to protect yourself. You should have a disaster plan. Being prepared can help reduce fear, anxiety, and losses. If you do experience a disaster, it is normal to feel stressed. You may need help in finding ways to cope.    Federal Emergency Management Agency",{}
What are the treatments for Jackson-Weiss syndrome ?,These resources address the diagnosis or management of Jackson-Weiss syndrome:  - Gene Review: Gene Review: FGFR-Related Craniosynostosis Syndromes  - Genetic Testing Registry: Jackson-Weiss syndrome  - MedlinePlus Encyclopedia: Craniosynostosis   These resources from MedlinePlus offer information about the diagnosis and management of various health conditions:  - Diagnostic Tests  - Drug Therapy  - Surgery and Rehabilitation  - Genetic Counseling   - Palliative Care,{}
What is the outlook for Wallenberg's Syndrome ?,The outlook for someone with Wallenbergs syndrome depends upon the size and location of the area of the brain stem damaged by the stroke. Some individuals may see a decrease in their symptoms within weeks or months. Others may be left with significant neurological disabilities for years after the initial symptoms appeared.,{}
What is (are) familial adenomatous polyposis ?,"Familial adenomatous polyposis (FAP) is an inherited disorder characterized by cancer of the large intestine (colon) and rectum. People with the classic type of familial adenomatous polyposis may begin to develop multiple noncancerous (benign) growths (polyps) in the colon as early as their teenage years. Unless the colon is removed, these polyps will become malignant (cancerous). The average age at which an individual develops colon cancer in classic familial adenomatous polyposis is 39 years. Some people have a variant of the disorder, called attenuated familial adenomatous polyposis, in which polyp growth is delayed. The average age of colorectal cancer onset for attenuated familial adenomatous polyposis is 55 years.  In people with classic familial adenomatous polyposis, the number of polyps increases with age, and hundreds to thousands of polyps can develop in the colon. Also of particular significance are noncancerous growths called desmoid tumors. These fibrous tumors usually occur in the tissue covering the intestines and may be provoked by surgery to remove the colon. Desmoid tumors tend to recur after they are surgically removed. In both classic familial adenomatous polyposis and its attenuated variant, benign and malignant tumors are sometimes found in other places in the body, including the duodenum (a section of the small intestine), stomach, bones, skin, and other tissues. People who have colon polyps as well as growths outside the colon are sometimes described as having Gardner syndrome.  A milder type of familial adenomatous polyposis, called autosomal recessive familial adenomatous polyposis, has also been identified. People with the autosomal recessive type of this disorder have fewer polyps than those with the classic type. Fewer than 100 polyps typically develop, rather than hundreds or thousands. The autosomal recessive type of this disorder is caused by mutations in a different gene than the classic and attenuated types of familial adenomatous polyposis.",{}
What are the symptoms of Microcephaly deafness syndrome ?,"What are the signs and symptoms of Microcephaly deafness syndrome? The Human Phenotype Ontology provides the following list of signs and symptoms for Microcephaly deafness syndrome. If the information is available, the table below includes how often the symptom is seen in people with this condition. You can use the MedlinePlus Medical Dictionary to look up the definitions for these medical terms. Signs and Symptoms Approximate number of patients (when available) Cognitive impairment 90% Epicanthus 90% Facial asymmetry 90% Low-set, posteriorly rotated ears 90% Microcephaly 90% Sensorineural hearing impairment 90% Abnormality of the palate 50% Neurological speech impairment 50% Preauricular skin tag 50% Short stature 50% Autosomal dominant inheritance - Cupped ear - Hearing impairment - Intellectual disability - Prominent glabella - The Human Phenotype Ontology (HPO) has collected information on how often a sign or symptom occurs in a condition. Much of this information comes from Orphanet, a European rare disease database. The frequency of a sign or symptom is usually listed as a rough estimate of the percentage of patients who have that feature. The frequency may also be listed as a fraction. The first number of the fraction is how many people had the symptom, and the second number is the total number of people who were examined in one study. For example, a frequency of 25/25 means that in a study of 25 people all patients were found to have that symptom. Because these frequencies are based on a specific study, the fractions may be different if another group of patients are examined. Sometimes, no information on frequency is available. In these cases, the sign or symptom may be rare or common.",{}
What are the symptoms of Sakati syndrome ?,"What are the signs and symptoms of Sakati syndrome? The Human Phenotype Ontology provides the following list of signs and symptoms for Sakati syndrome. If the information is available, the table below includes how often the symptom is seen in people with this condition. You can use the MedlinePlus Medical Dictionary to look up the definitions for these medical terms. Signs and Symptoms Approximate number of patients (when available) Abnormal cortical bone morphology 90% Abnormality of the metaphyses 90% Hernia of the abdominal wall 90% Hyperextensible skin 90% Joint hypermobility 90% Macrotia 90% Recurrent fractures 90% Reduced bone mineral density 90% Short stature 90% Synophrys 90% Abnormality of the pinna - Autosomal dominant inheritance - Broad hallux - Broad thumb - Craniosynostosis - Dental crowding - Hypertelorism - Hypoplasia of the maxilla - Lower limb undergrowth - Low-set ears - Malar flattening - Mandibular prognathia - Oxycephaly - Preaxial hand polydactyly - Shallow orbits - Short neck - Small face - Syndactyly - The Human Phenotype Ontology (HPO) has collected information on how often a sign or symptom occurs in a condition. Much of this information comes from Orphanet, a European rare disease database. The frequency of a sign or symptom is usually listed as a rough estimate of the percentage of patients who have that feature. The frequency may also be listed as a fraction. The first number of the fraction is how many people had the symptom, and the second number is the total number of people who were examined in one study. For example, a frequency of 25/25 means that in a study of 25 people all patients were found to have that symptom. Because these frequencies are based on a specific study, the fractions may be different if another group of patients are examined. Sometimes, no information on frequency is available. In these cases, the sign or symptom may be rare or common.",{}
What are the symptoms of Heart Murmur ?,"People who have innocent (harmless) heart murmurs don't have any signs or symptoms other than the murmur itself. This is because innocent heart murmurs aren't caused by heart problems.
                
People who have abnormal heart murmurs may have signs or symptoms of the heart problems causing the murmurs. These signs and symptoms may include:
                
Poor eating and failure to grow normally (in infants)
                
Shortness of breath, which may occur only with physical exertion
                
Excessive sweating with minimal or no exertion
                
Chest pain
                
Dizziness or fainting
                
A bluish color on the skin, especially on the fingertips and lips
                
Chronic cough
                
Swelling or sudden weight gain
                
Enlarged liver
                
Enlarged neck veins
                
Signs and symptoms depend on the problem causing the heart murmur and its severity.",{}
How many people are affected by monilethrix ?,The prevalence of monilethrix is unknown.,{}
What are the symptoms of Angina ?,"Pain and discomfort are the main symptoms of angina. Angina often is described as pressure, squeezing, burning, or tightness in the chest. The pain or discomfort usually starts behind the breastbone.
                
Pain from angina also can occur in the arms, shoulders, neck, jaw, throat, or back. The pain may feel like indigestion. Some people say that angina pain is hard to describe or that they can't tell exactly where the pain is coming from.
                
Signs and symptoms such as nausea (feeling sick to your stomach), fatigue (tiredness), shortness of breath, sweating, light-headedness, and weakness also may occur.
                
Women are more likely to feel discomfort in the neck, jaw, throat, abdomen, or back. Shortness of breath is more common in older people and those who have diabetes. Weakness, dizziness, and confusion can mask the signs and symptoms of angina in elderly people.
                
Symptoms also vary based on the type of angina you have.
                
Because angina has so many possible symptoms and causes, all chest pain should be checked by a doctor. Chest pain that lasts longer than a few minutes and isn't relieved by rest or angina medicine may be a sign of a heart attack. Call 911 right away.
                
Stable Angina
                
The pain or discomfort:
                
Occurs when the heart must work harder, usually during physical exertion
                
Doesn't come as a surprise, and episodes of pain tend to be alike
                
Usually lasts a short time (5 minutes or less)
                
Is relieved by rest or medicine
                
May feel like gas or indigestion
                
May feel like chest pain that spreads to the arms, back, or other areas
                
Unstable Angina
                
The pain or discomfort:
                
Often occurs at rest, while sleeping at night, or with little physical exertion
                
Comes as a surprise
                
Is more severe and lasts longer than stable angina (as long as 30 minutes)
                
Usually isnt relieved by rest or medicine
                
May get worse over time
                
May mean that a heart attack will happen soon
                
Variant Angina
                
The pain or discomfort:
                
Usually occurs at rest and during the night or early morning hours
                
Tends to be severe
                
Is relieved by medicine
                
Microvascular Angina
                
The pain or discomfort:
                
May be more severe and last longer than other types of angina pain
                
May occur with shortness of breath, sleep problems, fatigue, and lack of energy
                
Often is first noticed during routine daily activities and times of mental stress",{}
What are the treatments for Dentinogenesis imperfecta ?,"How might dentinogenesis imperfecta be treated? The aims of treatment are to remove sources of infection or pain, restore aesthetics and protect posterior teeth from wear. Treatment varies according to the age of the patient, severity of the problem and the presenting complaint. Crowns, caps or other forms of dental care are the most commonly used treatments. Dentures or dental implants may be necessary if the majority of teeth are lost. More detailed information regarding the treatment of dentinogenesis imperfecta can be found by visiting the following web links: https://www.dentistry.unc.edu/dentalprofessionals/resources/defects/di/ http://www.ojrd.com/content/3/1/31",{}
How to diagnose Childhood Central Nervous System Germ Cell Tumors ?,"Imaging studies and tests are used to detect (find) and diagnose childhood CNS germ cell tumors. The following tests and procedures may be used:         -   Physical exam and history : An exam of the body to check general signs of health, including checking for signs of disease, such as lumps or anything else that seems unusual. A history of the patient's health habits and past illnesses and treatments will also be taken.     -   Neurological exam : A series of questions and tests to check the brain, spinal cord, and nerve function. The exam checks a persons mental status, coordination, and ability to walk normally, and how well the muscles, senses, and reflexes work. This may also be called a neuro exam or a neurologic exam.    -  Visual field exam: An exam to check a persons field of vision (the total area in which objects can be seen). This test measures both central vision (how much a person can see when looking straight ahead) and peripheral vision (how much a person can see in all other directions while staring straight ahead). The eyes are tested one at a time. The eye not being tested is covered.    -   MRI (magnetic resonance imaging) with gadolinium : A procedure that uses a magnet, radio waves, and a computer to make a series of detailed pictures of areas inside the brain and spinal cord. A substance called gadolinium is injected into a vein. The gadolinium collects around the cancer cells so they show up brighter in the picture. This procedure is also called nuclear magnetic resonance imaging (NMRI).     -   Lumbar puncture : A procedure used to collect cerebrospinal fluid (CSF) from the spinal column. This is done by placing a needle between two bones in the spine and into the CSF around the spinal cord and removing a sample of the fluid. The sample of CSF is checked under a microscope for signs of tumor cells. The sample may also be checked for the amounts of protein and glucose. A higher than normal amount of protein or lower than normal amount of glucose may be a sign of a tumor. This procedure is also called an LP or spinal tap.    -   Tumor marker tests : A procedure in which a sample of blood or cerebrospinal fluid (CSF) is checked to measure the amounts of certain substances released into the blood and CSF by organs, tissues, or tumor cells in the body. Certain substances are linked to specific types of cancer when found in increased levels in the blood. These are called tumor markers. The following tumor markers are used to diagnose some CNS germ cell tumors:               -  Alpha-fetoprotein (AFP).      -  Beta-human chorionic gonadotropin (-hCG).              -   Blood chemistry studies : A procedure in which a blood sample is checked to measure the amounts of certain substances released into the blood by organs and tissues in the body. An unusual (higher- or lower-than-normal) amount of a substance can be a sign of disease.    -  Blood hormone studies: A procedure in which a blood sample is checked to measure the amounts of certain hormones released into the blood by organs and tissues in the body. An unusual (higher- or lower-than-normal) amount of a substance can be a sign of disease in the organ or tissue that makes it. The blood will be checked for the levels of hormones made by the pituitary gland and other glands.
                    A biopsy may be done to be sure of the diagnosis of CNS germ cell tumor. If doctors think your child may have a CNS germ cell tumor, a biopsy may be done. For brain tumors, the biopsy is done by removing part of the skull and using a needle to remove a sample of tissue. Sometimes, a needle guided by a computer is used to remove the tissue sample. A pathologist views the tissue under a microscope to look for cancer cells. If cancer cells are found, the doctor may remove as much tumor as safely possible during the same surgery. The piece of skull is usually put back in place after the procedure.    Sometimes the diagnosis can be made based on the results of imaging and tumor marker tests and a biopsy is not needed.     The following test may be done on the sample of tissue that is removed:         -   Immunohistochemistry : A test that uses antibodies to check for certain antigens in a sample of tissue. The antibody is usually linked to a radioactive substance or a dye that causes the tissue to light up under a microscope. This type of test may be used to tell the difference between different types of brain tumors.",{}
Is Aicardi-Goutieres syndrome inherited ?,"Aicardi-Goutieres syndrome can have different inheritance patterns. In most cases it is inherited in an autosomal recessive pattern, which means both copies of the gene in each cell have mutations. The parents of an individual with an autosomal recessive condition each carry one copy of the mutated gene, but they typically do not show signs and symptoms of the condition.  Rarely, this condition is inherited in an autosomal dominant pattern, which means one copy of the altered gene in each cell is sufficient to cause the disorder. These cases result from new mutations in the gene and occur in people with no history of the disorder in their family.",{}
What are the symptoms of Insulin Resistance and Prediabetes ?,"Insulin resistance and prediabetes usually have no symptoms. People may have one or both conditions for several years without knowing they have them. Even without symptoms, health care providers can identify people at high risk by their physical characteristics, also known as risk factors. The section ""Who should be tested for prediabetes?"" lists these risk factors.
                
People with a severe form of insulin resistance may have dark patches of skin, usually on the back of the neck. Sometimes people have a dark ring around their neck. Dark patches may also appear on elbows, knees, knuckles, and armpits. This condition is called acanthosis nigricans.",{}
How to prevent Prostate Cancer ?,"Key Points
                    - Avoiding risk factors and increasing protective factors may help prevent cancer.    - The following risk factors may increase the risk of prostate cancer:         - Age      - Family history of prostate cancer      - Race      - Hormones     - Vitamin E     - Folic acid     - Dairy and calcium        - The following protective factors may decrease the risk of prostate cancer:         - Folate     - Finasteride and Dutasteride        - The following have been proven not to affect the risk of prostate cancer, or their effects on prostate cancer risk are not known:         -  Selenium and vitamin E     - Diet     - Multivitamins     - Lycopene        - Cancer prevention clinical trials are used to study ways to prevent cancer.    -  New ways to prevent prostate cancer are being studied in clinical trials.
                
                
                    Avoiding risk factors and increasing protective factors may help prevent cancer.
                    Avoiding cancer risk factors may help prevent certain cancers. Risk factors include smoking, being overweight, and not getting enough exercise. Increasing protective factors such as quitting smoking and exercising may also help prevent some cancers. Talk to your doctor or other health care professional about how you might lower your risk of cancer.
                
                
                    The following risk factors may increase the risk of prostate cancer:
                    Age      Prostate cancer is rare in men younger than 50 years of age. The chance of developing prostate cancer increases as men get older.       Family history of prostate cancer     A man whose father, brother, or son has had prostate cancer has a higher-than-average risk of prostate cancer.       Race     Prostate cancer occurs more often in African-American men than in white men. African-American men with prostate cancer are more likely to die from the disease than white men with prostate cancer.       Hormones    The prostate needs male hormones to work the way it should. The main male sex hormone is testosterone. Testosterone helps the body develop and maintain male sex characteristics.    Testosterone is changed into dihydrotestosterone (DHT) by an enzyme in the body. DHT is important for normal prostate growth but can also cause the prostate to get bigger and may play a part in the development of prostate cancer.       Vitamin E    The Selenium and Vitamin E Cancer Prevention Trial (SELECT) found that vitamin E taken alone increased the risk of prostate cancer. The risk continued even after the men stopped taking vitamin E.       Folic acid    Folate is a kind of vitamin B that occurs naturally in some foods, such as green vegetables, beans and orange juice. Folic acid is a man-made form of folate that is found in vitamin supplements and fortified foods, such as whole-grain breads and cereals. A 10-year study showed that the risk of prostate cancer was increased in men who took 1 milligram (mg) supplements of folic acid. However, the risk of prostate cancer was lower in men who had enough folate in their diets.       Dairy and calcium    A diet high in dairy foods and calcium may cause a small increase in the risk of prostate cancer.
                
                
                    The following protective factors may decrease the risk of prostate cancer:
                    Folate    Folate is a kind of vitamin B that occurs naturally in some foods, such as green vegetables, beans and orange juice. Folic acid is a man-made form of folate that is found in vitamin supplements and fortified foods, such as whole-grain breads and cereals. A 10-year study showed that the risk of prostate cancer was lower in men who had enough folate in their diets. However, the risk of prostate cancer was increased in men who took 1 milligram (mg) supplements of folic acid.       Finasteride and Dutasteride     Finasteride and dutasteride are drugs used to lower the amount of male sex hormones made by the body. These drugs block the enzyme that changes testosterone into dihydrotestosterone (DHT). Higher than normal levels of DHT may play a part in developing prostate cancer. Taking finasteride or dutasteride has been shown to lower the risk for prostate cancer, but it is not known if these drugs lower the risk of death from prostate cancer.    The Prostate Cancer Prevention Trial (PCPT) studied whether the drug finasteride can prevent prostate cancer in healthy men 55 years of age and older. This prevention study showed there were fewer prostate cancers in the group of men that took finasteride compared with the group of men that did not. Also, the men who took finasteride who did have prostate cancer had more aggressive tumors. The number of deaths from prostate cancer was the same in both groups. Men who took finasteride reported more side effects compared with the group of men that did not, including erectile dysfunction, loss of desire for sex, and enlarged breasts.    The Reduction by Dutasteride of Prostate Cancer Events Trial (REDUCE) studied whether the drug dutasteride can prevent prostate cancer in men aged 50 to 75 years at higher risk for the disease. This prevention study showed there were fewer prostate cancers in the group of men who took dutasteride compared with the group of men that did not. The number of less aggressive prostate cancers was lower, but the number of more aggressive prostate cancers was not. Men who took dutasteride reported more side effects than men who did not, including erectile dysfunction, loss of desire for sex, less semen, and gynecomastia (enlarged breasts).
                
                
                    The following have been proven not to affect the risk of prostate cancer, or their effects on prostate cancer risk are not known:
                    Selenium and vitamin E    The Selenium and Vitamin E Cancer Prevention Trial (SELECT) studied whether taking vitamin E and selenium (a mineral) will prevent prostate cancer. The selenium and vitamin E were taken separately or together by healthy men 55 years of age and older (50 years of age and older for African-American men). The study showed that taking selenium alone or selenium and vitamin E together did not decrease the risk of prostate cancer.       Diet    It is not known if decreasing fat or increasing fruits and vegetables in the diet helps decrease the risk of prostate cancer or death from prostate cancer. In the PCPT trial, certain fatty acids increased the risk of high-grade prostate cancer while others decreased the risk of high-grade prostate cancer.       Multivitamins    Regular use of multivitamins has not been proven to increase the risk of early or localized prostate cancer. However, a large study showed an increased risk of advanced prostate cancer among men who took multivitamins more than seven times a week.       Lycopene    Some studies have shown that a diet high in lycopene may be linked to a decreased risk of prostate cancer, but other studies have not. It has not been proven that taking lycopene supplements decreases the risk of prostate cancer.
                
                
                    Cancer prevention clinical trials are used to study ways to prevent cancer.
                    Cancer prevention clinical trials are used to study ways to lower the risk of developing certain types of cancer. Some cancer prevention trials are conducted with healthy people who have not had cancer but who have an increased risk for cancer. Other prevention trials are conducted with people who have had cancer and are trying to prevent another cancer of the same type or to lower their chance of developing a new type of cancer. Other trials are done with healthy volunteers who are not known to have any risk factors for cancer.    The purpose of some cancer prevention clinical trials is to find out whether actions people take can prevent cancer. These may include eating fruits and vegetables, exercising, quitting smoking, or taking certain medicines, vitamins, minerals, or food supplements.
                
                
                    New ways to prevent prostate cancer are being studied in clinical trials.
                    Clinical trials are taking place in many parts of the country. Information about clinical trials can be found in the Clinical Trials section of the NCI website. Check NCI's list of cancer clinical trials for prostate cancer prevention trials that are accepting patients.",{}
What is (are) spinal muscular atrophy with respiratory distress type 1 ?,"Spinal muscular atrophy with respiratory distress type 1 (SMARD1) is an inherited condition that causes muscle weakness and respiratory failure typically beginning in infancy. Early features of this condition are difficult and noisy breathing, especially when inhaling; a weak cry; problems feeding; and recurrent episodes of pneumonia. Typically between the ages of 6 weeks and 6 months, infants with this condition will experience a sudden inability to breathe due to paralysis of the muscle that separates the abdomen from the chest cavity (the diaphragm). Normally, the diaphragm contracts and moves downward during inhalation to allow the lungs to expand. With diaphragm paralysis, affected individuals require life-long support with a machine to help them breathe (mechanical ventilation). Rarely, children with SMARD1 develop signs or symptoms of the disorder later in childhood.  Soon after respiratory failure occurs, individuals with SMARD1 develop muscle weakness in their distal muscles. These are the muscles farther from the center of the body, such as muscles in the hands and feet. The weakness soon spreads to all muscles; however, within 2 years, the muscle weakness typically stops getting worse. Some individuals may retain a low level of muscle function, while others lose all ability to move their muscles. Muscle weakness severely impairs motor development, such as sitting, standing, and walking. Some affected children develop an abnormal side-to-side and back-to-front curvature of the spine (scoliosis and kyphosis, often called kyphoscoliosis when they occur together). After approximately the first year of life, individuals with SMARD1 may lose their deep tendon reflexes, such as the reflex being tested when a doctor taps the knee with a hammer.  Other features of SMARD1 can include reduced pain sensitivity, excessive sweating (hyperhidrosis), loss of bladder and bowel control, and an irregular heartbeat (arrhythmia).",{}
Is myoclonic epilepsy with ragged-red fibers inherited ?,"MERRF is inherited in a mitochondrial pattern, which is also known as maternal inheritance. This pattern of inheritance applies to genes contained in mtDNA. Because egg cells, but not sperm cells, contribute mitochondria to the developing embryo, children can only inherit disorders resulting from mtDNA mutations from their mother. These disorders can appear in every generation of a family and can affect both males and females, but fathers do not pass traits associated with changes in mtDNA to their children.  In most cases, people with MERRF inherit an altered mitochondrial gene from their mother, who may or may not show symptoms of the disorder. Less commonly, the disorder results from a new mutation in a mitochondrial gene and occurs in people with no family history of MERRF.",{}
What is (are) MYH-associated polyposis ?,"MYH-associated polyposis is an inherited condition characterized by the development of multiple adenomatous colon polyps and an increased risk of colorectal cancer. This condition, a milder form of familial adenomatous polyposis (FAP), is sometimes called autosomal recessive familial adenomatous polyposis because it is inherited in an autosomal recessive manner. People with this condition have fewer polyps than those with the classic type of FAP; fewer than 100 polyps typically develop, rather than hundreds or thousands. They may also be at increased risk for upper gastrointestinal polyps. MYH-associated polyposis is caused by mutations in the MYH gene.",{}
What is (are) methylmalonic acidemia with homocystinuria ?,"Methylmalonic acidemia with homocystinuria is an inherited disorder in which the body is unable to properly process protein building blocks (amino acids), certain fats (lipids), and a waxy fat-like substance called cholesterol. Individuals with this disorder have a combination of features from two separate conditions, methylmalonic acidemia and homocystinuria. The signs and symptoms of the combined condition, methylmalonic acidemia with homocystinuria, usually develop in infancy, although they can begin at any age.  When the condition begins early in life, affected individuals typically have an inability to grow and gain weight at the expected rate (failure to thrive), which is sometimes recognized before birth (intrauterine growth retardation). These infants can also have difficulty feeding and an abnormally pale appearance (pallor). Neurological problems are also common in methylmalonic acidemia with homocystinuria, including weak muscle tone (hypotonia) and seizures. Most infants and children with this condition have an unusually small head size (microcephaly), delayed development, and intellectual disability. Less common features of the condition include eye problems and a blood disorder called megaloblastic anemia. Megaloblastic anemia occurs when a person has a low number of red blood cells (anemia), and the remaining red blood cells are larger than normal (megaloblastic). The signs and symptoms of methylmalonic acidemia with homocystinuria worsen over time, and the condition can be life-threatening if not treated.  When methylmalonic acidemia with homocystinuria begins in adolescence or adulthood, the signs and symptoms usually include psychiatric changes and cognitive problems. Affected individuals can exhibit changes in their behavior and personality; they may become less social and may experience hallucinations, delirium, and psychosis. In addition, these individuals can begin to lose previously acquired mental and movement abilities, resulting in a decline in school or work performance, difficulty controlling movements, memory problems, speech difficulties, a decline in intellectual function (dementia), or an extreme lack of energy (lethargy). Some people with methylmalonic acidemia with homocystinuria whose signs and symptoms begin later in life develop a condition called subacute combined degeneration of the spinal cord, which leads to numbness and weakness in the lower limbs, difficulty walking, and frequent falls.",{}
Is 3-beta-hydroxysteroid dehydrogenase deficiency inherited ?,"This condition is inherited in an autosomal recessive pattern, which means both copies of the gene in each cell have mutations. The parents of an individual with an autosomal recessive condition each carry one copy of the mutated gene, but they typically do not show signs and symptoms of the condition.",{}
What is (are) Porphyria ?,"Heme is a red pigment composed of iron linked to a chemical called protoporphyrin. Heme has important functions in the body. The largest amounts of heme are in the form of hemoglobin, found in red blood cells and bone marrow. Hemoglobin carries oxygen from the lungs to all parts of the body. In the liver, heme is a component of proteins that break down hormones, medications, and other chemicals and keep liver cells functioning normally. Heme is an important part of nearly every cell in the body.",{}
What is (are) warfarin resistance ?,"Warfarin resistance is a condition in which individuals have a high tolerance for the drug warfarin. Warfarin is an anticoagulant, which means that it thins the blood, preventing blood clots from forming. Warfarin is often prescribed to prevent blood clots in people with heart valve disease who have replacement heart valves, people with an irregular heart beat (atrial fibrillation), or those with a history of heart attack, stroke, or a prior blood clot in the deep veins of the arms or legs (deep vein thrombosis).  There are two types of warfarin resistance: incomplete and complete. Those with incomplete warfarin resistance can achieve the benefits of warfarin treatment with a high dose of warfarin. Individuals with complete warfarin resistance do not respond to warfarin treatment, no matter how high the dose. If people with warfarin resistance require treatment with warfarin and take the average dose, they will remain at risk of developing a potentially harmful blood clot.  Both types of warfarin resistance are related to how the body processes warfarin. In some people with warfarin resistance, their blood clotting process does not react effectively to the drug. Others with this resistance rapidly break down (metabolize) warfarin, so the medication is quickly processed by their bodies; these individuals are classified as ""fast metabolizers"" or ""rapid metabolizers"" of warfarin. The severity of these abnormal processes determines whether the warfarin resistance is complete or incomplete.  Warfarin resistance does not appear to cause any health problems other than those associated with warfarin drug treatment.",{}
What are the genetic changes related to dentinogenesis imperfecta ?,"Mutations in the DSPP gene have been identified in people with dentinogenesis imperfecta type II and type III. Mutations in this gene are also responsible for dentin dysplasia type II. Dentinogenesis imperfecta type I occurs as part of osteogenesis imperfecta, which is caused by mutations in one of several other genes (most often the COL1A1 or COL1A2 genes).  The DSPP gene provides instructions for making two proteins that are essential for normal tooth development. These proteins are involved in the formation of dentin, which is a bone-like substance that makes up the protective middle layer of each tooth. DSPP gene mutations alter the proteins made from the gene, leading to the production of abnormally soft dentin. Teeth with defective dentin are discolored, weak, and more likely to decay and break. It is unclear whether DSPP gene mutations are related to the hearing loss found in a few older individuals with dentinogenesis imperfecta type II.",{}
What are the symptoms of 18 Hydroxylase deficiency ?,"What are the signs and symptoms of 18 Hydroxylase deficiency? The Human Phenotype Ontology provides the following list of signs and symptoms for 18 Hydroxylase deficiency. If the information is available, the table below includes how often the symptom is seen in people with this condition. You can use the MedlinePlus Medical Dictionary to look up the definitions for these medical terms. Signs and Symptoms Approximate number of patients (when available) Autosomal recessive inheritance - Decreased circulating aldosterone level - Dehydration - Episodic fever - Failure to thrive - Feeding difficulties in infancy - Growth delay - Hyperkalemia - Hyponatremia - Hypotension - Increased circulating renin level - Neonatal onset - Renal salt wasting - Vomiting - The Human Phenotype Ontology (HPO) has collected information on how often a sign or symptom occurs in a condition. Much of this information comes from Orphanet, a European rare disease database. The frequency of a sign or symptom is usually listed as a rough estimate of the percentage of patients who have that feature. The frequency may also be listed as a fraction. The first number of the fraction is how many people had the symptom, and the second number is the total number of people who were examined in one study. For example, a frequency of 25/25 means that in a study of 25 people all patients were found to have that symptom. Because these frequencies are based on a specific study, the fractions may be different if another group of patients are examined. Sometimes, no information on frequency is available. In these cases, the sign or symptom may be rare or common.",{}
What is (are) Nonalcoholic steatohepatitis ?,"Nonalcoholic steatohepatitis, or NASH, is a common, often silent liver disease. It resembles alcoholic liver disease, but occurs in people who drink little or no alcohol. The major feature in NASH is fat in the liver, along with inflammation and damage. Most people with NASH feel well and are not aware that they have a liver problem. Nevertheless, NASH can be severe and can lead to cirrhosis, in which the liver is permanently damaged and scarred and no longer able to work properly. NASH most often occurs in people who are middle aged and overweight or obese. Affected individuals may also have elevated levels of blood lipids (such as cholesterol and triglycerides) and many have diabetes or prediabetes. Treatment is centered around working towards a healthy lifestyle, including weight reduction, dietary modification, increased activity and avoidance of alcohol and unnecessary medications. The underlying cause of NASH remains unclear.",{}
What are the genetic changes related to cystinuria ?,"Mutations in the SLC3A1 or SLC7A9 gene cause cystinuria. The SLC3A1 and SLC7A9 genes provide instructions for making the two parts (subunits) of a protein complex that is primarily found in the kidneys. Normally this protein complex controls the reabsorption of certain amino acids, including cystine, into the blood from the filtered fluid that will become urine. Mutations in either the SLC3A1 gene or SLC7A9 gene disrupt the ability of the protein complex to reabsorb amino acids, which causes the amino acids to become concentrated in the urine. As the levels of cystine in the urine increase, the crystals typical of cystinuria form. The other amino acids that are reabsorbed by the protein complex do not create crystals when they accumulate in the urine.",{}
What are the symptoms of Charcot-Marie-Tooth disease type 1F ?,"What are the signs and symptoms of Charcot-Marie-Tooth disease type 1F? The Human Phenotype Ontology provides the following list of signs and symptoms for Charcot-Marie-Tooth disease type 1F. If the information is available, the table below includes how often the symptom is seen in people with this condition. You can use the MedlinePlus Medical Dictionary to look up the definitions for these medical terms. Signs and Symptoms Approximate number of patients (when available) Areflexia - Autosomal dominant inheritance - Autosomal recessive inheritance - Clusters of axonal regeneration - Decreased motor nerve conduction velocity - Decreased number of peripheral myelinated nerve fibers - Distal amyotrophy - Distal muscle weakness - Distal sensory impairment - Hyporeflexia - Juvenile onset - Motor delay - Myelin outfoldings - Onion bulb formation - Pes cavus - Segmental peripheral demyelination/remyelination - Variable expressivity - The Human Phenotype Ontology (HPO) has collected information on how often a sign or symptom occurs in a condition. Much of this information comes from Orphanet, a European rare disease database. The frequency of a sign or symptom is usually listed as a rough estimate of the percentage of patients who have that feature. The frequency may also be listed as a fraction. The first number of the fraction is how many people had the symptom, and the second number is the total number of people who were examined in one study. For example, a frequency of 25/25 means that in a study of 25 people all patients were found to have that symptom. Because these frequencies are based on a specific study, the fractions may be different if another group of patients are examined. Sometimes, no information on frequency is available. In these cases, the sign or symptom may be rare or common.",{}
How to diagnose Parasites - Schistosomiasis ?,"Stool or urine samples can be examined microscopically for parasite eggs (stool for S. mansoni or S. japonicum eggs and urine for S. haematobium eggs). The eggs tend to be passed intermittently and in small amounts and may not be detected, so it may be necessary to perform a blood (serologic) test.
    
More on: Resources for Health Professionals: Diagnosis",{}
What is (are) glycogen storage disease type IX ?,"Glycogen storage disease type IX (also known as GSD IX) is a condition caused by the inability to break down a complex sugar called glycogen. The different forms of the condition can affect glycogen breakdown in liver cells or muscle cells or sometimes both. A lack of glycogen breakdown interferes with the normal function of the affected tissue.  When GSD IX affects the liver, the signs and symptoms typically begin in early childhood. The initial features are usually an enlarged liver (hepatomegaly) and slow growth. Affected children are often shorter than normal. During prolonged periods without food (fasting), affected individuals may have low blood sugar (hypoglycemia) or elevated levels of ketones in the blood (ketosis). Ketones are molecules produced during the breakdown of fats, which occurs when stored sugars are unavailable. Affected children may have delayed development of motor skills, such as sitting, standing, or walking, and some have mild muscle weakness. Puberty is delayed in some adolescents with GSD IX. In the form of the condition that affects the liver, the signs and symptoms usually improve with age. Typically, individuals catch up developmentally, and adults reach normal height. However, some affected individuals have a buildup of scar tissue (fibrosis) in the liver, which can rarely progress to irreversible liver disease (cirrhosis).  GSD IX can affect muscle tissue, although this form of the condition is very rare and not well understood. The features of this form of the condition can appear anytime from childhood to adulthood. Affected individuals may experience fatigue, muscle pain, and cramps, especially during exercise (exercise intolerance). Most affected individuals have muscle weakness that worsens over time. GSD IX can cause myoglobinuria, which occurs when muscle tissue breaks down abnormally and releases a protein called myoglobin that is excreted in the urine. Myoglobinuria can cause the urine to be red or brown.  In a small number of people with GSD IX, the liver and muscles are both affected. These individuals develop a combination of the features described above, although the muscle problems are usually mild.",{}
What is (are) C3 glomerulopathy ?,"C3 glomerulopathy is a group of related conditions that cause the kidneys to malfunction. The major features of C3 glomerulopathy include high levels of protein in the urine (proteinuria), blood in the urine (hematuria), reduced amounts of urine, low levels of protein in the blood, and swelling in many areas of the body. Affected individuals may have particularly low levels of a protein called complement component 3 (or C3) in the blood.  The kidney problems associated with C3 glomerulopathy tend to worsen over time. About half of affected individuals develop end-stage renal disease (ESRD) within 10 years after their diagnosis. ESRD is a life-threatening condition that prevents the kidneys from filtering fluids and waste products from the body effectively.  Researchers have identified two major forms of C3 glomerulopathy: dense deposit disease and C3 glomerulonephritis. Although the two disorders cause similar kidney problems, the features of dense deposit disease tend to appear earlier than those of C3 glomerulonephritis, usually in adolescence. However, the signs and symptoms of either disease may not begin until adulthood.  One of the two forms of C3 glomerulopathy, dense deposit disease, can also be associated with other conditions unrelated to kidney function. For example, people with dense deposit disease may have acquired partial lipodystrophy, a condition characterized by a lack of fatty (adipose) tissue under the skin in the upper part of the body. Additionally, some people with dense deposit disease develop a buildup of yellowish deposits called drusen in the light-sensitive tissue at the back of the eye (the retina). These deposits usually appear in childhood or adolescence and can cause vision problems later in life.",{}
How many people are affected by focal dermal hypoplasia ?,"Focal dermal hypoplasia appears to be a rare condition, although its exact prevalence is unknown.",{}
How to diagnose Primary Hyperparathyroidism ?,"Health care providers diagnose primary hyperparathyroidism when a person has high blood calcium and PTH levels. High blood calcium is usually the first sign that leads health care providers to suspect parathyroid gland overactivity. Other diseases can cause high blood calcium levels, but only in primary hyperparathyroidism is the elevated calcium the result of too much PTH.
                
Routine blood tests that screen for a wide range of conditions, including high blood calcium levels, are helping health care providers diagnose primary hyperparathyroidism in people who have mild forms of the disorder and are symptom-free. For a blood test, blood is drawn at a health care providers office or commercial facility and sent to a lab for analysis.",{}
What are the treatments for arginine:glycine amidinotransferase deficiency ?,These resources address the diagnosis or management of arginine:glycine amidinotransferase deficiency:  - Gene Review: Gene Review: Creatine Deficiency Syndromes  - Genetic Testing Registry: Arginine:glycine amidinotransferase deficiency   These resources from MedlinePlus offer information about the diagnosis and management of various health conditions:  - Diagnostic Tests  - Drug Therapy  - Surgery and Rehabilitation  - Genetic Counseling   - Palliative Care,{}
What is (are) High Blood Cholesterol ?,"You cannot control - heredity. High blood cholesterol can run in families.  - age. As we get older, our cholesterol levels rise.  - sex. Before menopause, women tend to have lower total cholesterol levels than men of the same age. After menopause, women's LDL (bad) cholesterol levels tend to increase. heredity. High blood cholesterol can run in families. age. As we get older, our cholesterol levels rise. sex. Before menopause, women tend to have lower total cholesterol levels than men of the same age. After menopause, women's LDL (bad) cholesterol levels tend to increase.",{}
Is Townes-Brocks syndrome inherited ?,"Is Townes-Brocks syndrome genetic? Yes. Townes-Brocks syndrome is inherited in an autosomal dominant fashion, which means that one copy of the altered gene in each cell is sufficient to cause the disorder. In about 50% of cases, an affected person inherits the mutation from an affected parent. The other 50% have the condition as a result of a new (de novo) mutation.",{}
What are the stages of Gastrointestinal Carcinoid Tumors ?,"Key Points
                    - After a gastrointestinal carcinoid tumor has been diagnosed, tests are done to find out if cancer cells have spread within the stomach and intestines or to other parts of the body.     - There are three ways that cancer spreads in the body.    - Cancer may spread from where it began to other parts of the body.    - The plan for cancer treatment depends on where the carcinoid tumor is found and whether it can be removed by surgery.
                
                
                    After a gastrointestinal carcinoid tumor has been diagnosed, tests are done to find out if cancer cells have spread within the stomach and intestines or to other parts of the body.
                    Staging is the process used to find out how far the cancer has spread. The information gathered from the staging process determines the stage of the disease. The results of tests and procedures used to diagnose gastrointestinal (GI) carcinoid tumors may also be used for staging. See the General Information section for a description of these tests and procedures. A bone scan may be done to check if there are rapidly dividing cells, such as cancer cells, in the bone. A very small amount of radioactive material is injected into a vein and travels through the bloodstream. The radioactive material collects in the bones and is detected by a scanner.
                
                
                    There are three ways that cancer spreads in the body.
                    Cancer can spread through tissue, the lymph system, and the blood:         - Tissue. The cancer spreads from where it began by growing into nearby areas.     - Lymph system. The cancer spreads from where it began by getting into the lymph system. The cancer travels through the lymph vessels to other parts of the body.     - Blood. The cancer spreads from where it began by getting into the blood. The cancer travels through the blood vessels to other parts of the body.
                
                
                    Cancer may spread from where it began to other parts of the body.
                    When cancer spreads to another part of the body, it is called metastasis. Cancer cells break away from where they began (the primary tumor) and travel through the lymph system or blood.         - Lymph system. The cancer gets into the lymph system, travels through the lymph vessels, and forms a tumor (metastatic tumor) in another part of the body.    - Blood. The cancer gets into the blood, travels through the blood vessels, and forms a tumor (metastatic tumor) in another part of the body.        The metastatic tumor is the same type of tumor as the primary tumor. For example, if a gastrointestinal (GI) carcinoid tumor spreads to the liver, the tumor cells in the liver are actually GI carcinoid tumor cells. The disease is metastatic GI carcinoid tumor, not liver cancer.
                
                
                    The plan for cancer treatment depends on where the carcinoid tumor is found and whether it can be removed by surgery.
                    For many cancers it is important to know the stage of the cancer in order to plan treatment. However, the treatment of gastrointestinal carcinoid tumors is not based on the stage of the cancer. Treatment depends mainly on whether the tumor can be removed by surgery and if the tumor has spread.   Treatment is based on whether the tumor:         - Can be completely removed by surgery.    - Has spread to other parts of the body.    - Has come back after treatment. The tumor may come back in the stomach or intestines or in other parts of the body.    - Has not gotten better with treatment.",{}
What are the genetic changes related to Werner syndrome ?,"Mutations in the WRN gene cause Werner syndrome. The WRN gene provides instructions for producing the Werner protein, which is thought to perform several tasks related to the maintenance and repair of DNA. This protein also assists in the process of copying (replicating) DNA in preparation for cell division. Mutations in the WRN gene often lead to the production of an abnormally short, nonfunctional Werner protein. Research suggests that this shortened protein is not transported to the cell's nucleus, where it normally interacts with DNA. Evidence also suggests that the altered protein is broken down more quickly in the cell than the normal Werner protein. Researchers do not fully understand how WRN mutations cause the signs and symptoms of Werner syndrome. Cells with an altered Werner protein may divide more slowly or stop dividing earlier than normal, causing growth problems. Also, the altered protein may allow DNA damage to accumulate, which could impair normal cell activities and cause the health problems associated with this condition.",{}
How many people are affected by Usher syndrome ?,"Usher syndrome is thought to be responsible for 3 percent to 6 percent of all childhood deafness and about 50 percent of deaf-blindness in adults. Usher syndrome type I is estimated to occur in at least 4 per 100,000 people. It may be more common in certain ethnic populations, such as people with Ashkenazi (central and eastern European) Jewish ancestry and the Acadian population in Louisiana. Type II is thought to be the most common form of Usher syndrome, although the frequency of this type is unknown. Type III Usher syndrome accounts for only a small percentage of all Usher syndrome cases in most populations. This form of the condition is more common in the Finnish population, however, where it accounts for about 40 percent of all cases.",{}
what research (or clinical trials) is being done for Small Cell Lung Cancer ?,"New types of treatment are being tested in clinical trials.
                    Information about clinical trials is available from the NCI website.
                
                
                    Patients may want to think about taking part in a clinical trial.
                    For some patients, taking part in a clinical trial may be the best treatment choice. Clinical trials are part of the cancer research process. Clinical trials are done to find out if new cancer treatments are safe and effective or better than the standard treatment.   Many of today's standard treatments for cancer are based on earlier clinical trials. Patients who take part in a clinical trial may receive the standard treatment or be among the first to receive a new treatment.   Patients who take part in clinical trials also help improve the way cancer will be treated in the future. Even when clinical trials do not lead to effective new treatments, they often answer important questions and help move research forward.
                
                
                    Patients can enter clinical trials before, during, or after starting their cancer treatment.
                    Some clinical trials only include patients who have not yet received treatment. Other trials test treatments for patients whose cancer has not gotten better. There are also clinical trials that test new ways to stop cancer from recurring (coming back) or reduce the side effects of cancer treatment.   Clinical trials are taking place in many parts of the country. See the Treatment Options section that follows for links to current treatment clinical trials. These have been retrieved from NCI's listing of clinical trials.",{}
What is (are) Congenital chloride diarrhea ?,"Congenital chloride diarrhea is a condition characterized by large, watery stools containing an excess of chloride. Individuals have intrauterine (pre-birth) and lifelong diarrhea; infants with the condition are often premature. The excessive diarrhea causes electrolyte and water deficits, which in turn cause volume depletion, hyperreninemia (elevated levels of renin in the blood), hyperaldosteronism, renal potassium wasting, and sometimes nephropathy. Mutations in the SLC26A3 gene have been found to cause the condition. It is inherited in an autosomal recessive manner. Treatment generally focuses on the individual symptoms of the condition and typically includes taking oral supplements of sodium and potassium chloride.",{}
What are the treatments for Roberts syndrome ?,These resources address the diagnosis or management of Roberts syndrome:  - Gene Review: Gene Review: Roberts Syndrome  - Genetic Testing Registry: Roberts-SC phocomelia syndrome  - MedlinePlus Encyclopedia: Contracture deformity  - MedlinePlus Encyclopedia: Microcephaly   These resources from MedlinePlus offer information about the diagnosis and management of various health conditions:  - Diagnostic Tests  - Drug Therapy  - Surgery and Rehabilitation  - Genetic Counseling   - Palliative Care,{}
What causes Essential tremor ?,"What causes essential tremor? The causes of essential tremor are unknown. Researchers are studying several areas (loci) on particular chromosomes that may be linked to essential tremor, but no specific genetic associations have been confirmed. Several genes, as well as environmental factors, are likely involved in an individual's risk of developing this complex condition.",{}
What is (are) Graves disease ?,"Graves disease is a condition that affects the function of the thyroid, which is a butterfly-shaped gland in the lower neck. The thyroid makes hormones that help regulate a wide variety of critical body functions. For example, thyroid hormones influence growth and development, body temperature, heart rate, menstrual cycles, and weight. In people with Graves disease, the thyroid is overactive and makes more hormones than the body needs. The condition usually appears in mid-adulthood, although it may occur at any age.  Excess thyroid hormones can cause a variety of signs and symptoms. These include nervousness or anxiety, extreme tiredness (fatigue), a rapid and irregular heartbeat, hand tremors, frequent bowel movements or diarrhea, increased sweating and difficulty tolerating hot conditions, trouble sleeping, and weight loss in spite of an increased appetite. Affected women may have menstrual irregularities, such as an unusually light menstrual flow and infrequent periods. Some people with Graves disease develop an enlargement of the thyroid called a goiter. Depending on its size, the enlarged thyroid can cause the neck to look swollen and may interfere with breathing and swallowing.  Between 25 and 50 percent of people with Graves disease have eye abnormalities, which are known as Graves ophthalmopathy. These eye problems can include swelling and inflammation, redness, dryness, puffy eyelids, and a gritty sensation like having sand or dirt in the eyes. Some people develop bulging of the eyes caused by inflammation of tissues behind the eyeball and ""pulling back"" (retraction) of the eyelids. Rarely, affected individuals have more serious eye problems, such as pain, double vision, and pinching (compression) of the optic nerve connecting the eye and the brain, which can cause vision loss.  A small percentage of people with Graves disease develop a skin abnormality called pretibial myxedema or Graves dermopathy. This abnormality causes the skin on the front of the lower legs and the tops of the feet to become thick, lumpy, and red. It is not usually painful.",{}
What is (are) Restless Legs ?,"Restless legs syndrome (RLS) causes a powerful urge to move your legs. Your legs become uncomfortable when you are lying down or sitting. Some people describe it as a creeping, crawling, tingling, or burning sensation. Moving makes your legs feel better, but not for long. RLS can make it hard to fall asleep and stay asleep.    In most cases, there is no known cause for RLS. In other cases, RLS is caused by a disease or condition, such as anemia or pregnancy. Some medicines can also cause temporary RLS. Caffeine, tobacco, and alcohol may make symptoms worse.    Lifestyle changes, such as regular sleep habits, relaxation techniques, and moderate exercise during the day can help. If those don't work, medicines may reduce the symptoms of RLS.    Most people with RLS also have a condition called periodic limb movement disorder (PLMD). PLMD is a condition in which a person's legs twitch or jerk uncontrollably, usually during sleep. PLMD and RLS can also affect the arms.     NIH: National Heart, Lung, and Blood Institute",{}
what research (or clinical trials) is being done for Dysgraphia ?,"The National Institute of Neurological Disorders and Stroke (NINDS) and other institutes of the National Institutes of Health (NIH) support dysgraphia research through grants to major medical institutions across the country. Much of this research focuses on finding better ways to treat, and ultimately, prevent dysgraphia.",{}
What is (are) Monkeypox Virus Infections ?,"Monkeypox is a rare viral disease. It occurs mostly in central and western Africa. Wild rodents and squirrels carry it, but it is called monkeypox because scientists saw it first in lab monkeys. In 2003, it was reported in prairie dogs and humans in the U.S.     Centers for Disease Control and Prevention",{}
What is (are) megalencephaly-capillary malformation syndrome ?,"Megalencephaly-capillary malformation syndrome (MCAP) is a disorder characterized by overgrowth of several tissues in the body. Its primary features are a large brain (megalencephaly) and abnormalities of small blood vessels in the skin called capillaries (capillary malformations).  In individuals with MCAP, megalencephaly leads to an unusually large head size (macrocephaly), which is typically evident at birth. After birth, the brain and head continue to grow at a fast rate for the first few years of life; then, the growth slows to a normal rate, although the head remains larger than average. Additional brain abnormalities are common in people with MCAP; these can include excess fluid within the brain (hydrocephalus) and abnormalities in the brain's structure, such as those known as Chiari malformation and polymicrogyria. Abnormal brain development leads to intellectual disability in most affected individuals and can also cause seizures or weak muscle tone (hypotonia). In particular, polymicrogyria is associated with speech delays and difficulty chewing and swallowing.  The capillary malformations characteristic of MCAP are composed of enlarged capillaries that increase blood flow near the surface of the skin. These malformations usually look like pink or red spots on the skin. In most affected individuals, capillary malformations occur on the face, particularly the nose, the upper lip, and the area between the nose and upper lip (the philtrum). In other people with MCAP, the malformations appear as patches spread over the body or as a reddish net-like pattern on the skin (cutis marmorata).  In some people with MCAP, excessive growth affects not only the brain but other individual parts of the body, which is known as segmental overgrowth. This can lead to one arm or leg that is bigger or longer than the other or a few oversized fingers or toes. Some affected individuals have fusion of the skin between two or more fingers or toes (cutaneous syndactyly).  Additional features of MCAP can include flexible joints and skin that stretches easily. Some affected individuals are said to have doughy skin because the tissue under the skin is unusually thick and soft.  The gene involved in MCAP is also associated with several types of cancer. Although a small number of individuals with MCAP have developed tumors (in particular, a childhood form of kidney cancer known as Wilms tumor and noncancerous tumors in the nervous system known as meningiomas), people with MCAP do not appear to have a greater risk of developing cancer than the general population.",{}
What are the treatments for cerebral cavernous malformation ?,These resources address the diagnosis or management of cerebral cavernous malformation:  - Angioma Alliance: Imaging and Diagnostics  - Gene Review: Gene Review: Familial Cerebral Cavernous Malformation  - Genetic Testing Registry: Cerebral cavernous malformation  - Genetic Testing Registry: Cerebral cavernous malformations 1  - Genetic Testing Registry: Cerebral cavernous malformations 2  - Genetic Testing Registry: Cerebral cavernous malformations 3  - MedlinePlus Encyclopedia: Cerebral angiography   These resources from MedlinePlus offer information about the diagnosis and management of various health conditions:  - Diagnostic Tests  - Drug Therapy  - Surgery and Rehabilitation  - Genetic Counseling   - Palliative Care,{}
Is inclusion body myopathy 2 inherited ?,"This condition is inherited in an autosomal recessive pattern, which means both copies of the gene in each cell have mutations. The parents of an individual with an autosomal recessive condition each carry one copy of the mutated gene, but they typically do not show signs and symptoms of the condition.",{}
What are the genetic changes related to nonsyndromic hearing loss ?,"The causes of nonsyndromic hearing loss are complex. Researchers have identified more than 90 genes that, when altered, are associated with nonsyndromic hearing loss. Many of these genes are involved in the development and function of the inner ear. Mutations in these genes contribute to hearing loss by interfering with critical steps in processing sound. Different mutations in the same gene can be associated with different types of hearing loss, and some genes are associated with both syndromic and nonsyndromic forms. In many affected families, the factors contributing to hearing loss have not been identified.  Most cases of nonsyndromic hearing loss are inherited in an autosomal recessive pattern. About half of all severe-to-profound autosomal recessive nonsyndromic hearing loss results from mutations in the GJB2 gene; these cases are designated DFNB1. The GJB2 gene provides instructions for making a protein called connexin 26, which is a member of the connexin protein family. Mutations in another connexin gene, GJB6, can also cause DFNB1. The GJB6 gene provides instructions for making a protein called connexin 30. Connexin proteins form channels called gap junctions, which allow communication between neighboring cells, including cells in the inner ear. Mutations in the GJB2 or GJB6 gene alter their respective connexin proteins, which changes the structure of gap junctions and may affect the function or survival of cells that are needed for hearing.  The most common cause of moderate autosomal recessive nonsyndromic hearing loss is mutations in the STRC gene. These mutations cause a form of the condition known as DFNB16. Mutations in more than 60 other genes can also cause autosomal recessive nonsyndromic hearing loss. Many of these gene mutations have been found in one or a few families.  Nonsyndromic hearing loss can also be inherited in an autosomal dominant pattern. Mutations in at least 30 genes have been identified in people with autosomal dominant nonsyndromic hearing loss; mutations in some of these genes (including GJB2 and GJB6) can also cause autosomal recessive forms of the condition. Although no single gene is associated with a majority of autosomal dominant nonsyndromic hearing loss cases, mutations in a few genes, such as KCNQ4 and TECTA, are relatively common. Mutations in many of the other genes associated with autosomal dominant nonsyndromic hearing loss have been found in only one or a few families.  X-linked and mitochondrial forms of nonsyndromic hearing loss are rare. About half of all X-linked cases are caused by mutations in the POU3F4 gene. This form of the condition is designated DFNX2. Mutations in at least three other genes have also been identified in people with X-linked nonsyndromic hearing loss.  Mitochondrial forms of hearing loss result from changes in mitochondrial DNA (mtDNA). Mitochondria are structures within cells that convert the energy from food into a form that cells can use. Although most DNA is packaged in chromosomes within the nucleus, mitochondria also have a small amount of their own DNA. Only a few mutations in mtDNA have been associated with hearing loss, and their role in the condition is still being studied.  Mutations in some of the genes associated with nonsyndromic hearing loss can also cause syndromic forms of hearing loss, such as Usher syndrome (CDH23 and MYO7A, among others), Pendred syndrome (SLC26A4), Wolfram syndrome (WFS1), and Stickler syndrome (COL11A2). It is often unclear how mutations in the same gene can cause isolated hearing loss in some individuals and hearing loss with additional signs and symptoms in others.  In addition to genetic changes, hearing loss can result from environmental factors or a combination of genetic risk and a person's environmental exposures. Environmental causes of hearing loss include certain medications, specific infections before or after birth, and exposure to loud noise over an extended period. Age is also a major risk factor for hearing loss. Age-related hearing loss (presbyacusis) is thought to have both genetic and environmental influences.",{}
What is (are) Prostate Enlargement: Benign Prostatic Hyperplasia ?,"The prostate is a walnut-shaped gland that is part of the male reproductive system. The main function of the prostate is to make a fluid that goes into semen. Prostate fluid is essential for a mans fertility. The gland surrounds the urethra at the neck of the bladder. The bladder neck is the area where the urethra joins the bladder. The bladder and urethra are parts of the lower urinary tract. The prostate has two or more lobes, or sections, enclosed by an outer layer of tissue, and it is in front of the rectum, just below the bladder. The urethra is the tube that carries urine from the bladder to the outside of the body. In men, the urethra also carries semen out through the penis.",{}
What are the symptoms of Doyne honeycomb retinal dystrophy ?,"What are the signs and symptoms of Doyne honeycomb retinal dystrophy? The Human Phenotype Ontology provides the following list of signs and symptoms for Doyne honeycomb retinal dystrophy. If the information is available, the table below includes how often the symptom is seen in people with this condition. You can use the MedlinePlus Medical Dictionary to look up the definitions for these medical terms. Signs and Symptoms Approximate number of patients (when available) Autosomal dominant inheritance - Reticular pigmentary degeneration - Retinal dystrophy - Visual impairment - The Human Phenotype Ontology (HPO) has collected information on how often a sign or symptom occurs in a condition. Much of this information comes from Orphanet, a European rare disease database. The frequency of a sign or symptom is usually listed as a rough estimate of the percentage of patients who have that feature. The frequency may also be listed as a fraction. The first number of the fraction is how many people had the symptom, and the second number is the total number of people who were examined in one study. For example, a frequency of 25/25 means that in a study of 25 people all patients were found to have that symptom. Because these frequencies are based on a specific study, the fractions may be different if another group of patients are examined. Sometimes, no information on frequency is available. In these cases, the sign or symptom may be rare or common.",{}
What is (are) van der Woude syndrome ?,"Van der Woude syndrome is a condition that affects the development of the face. Many people with this disorder are born with a cleft lip, a cleft palate (an opening in the roof of the mouth), or both. Affected individuals usually have depressions (pits) near the center of the lower lip, which may appear moist due to the presence of salivary and mucous glands in the pits. Small mounds of tissue on the lower lip may also occur. In some cases, people with van der Woude syndrome have missing teeth.  People with van der Woude syndrome who have cleft lip and/or palate, like other individuals with these facial conditions, have an increased risk of delayed language development, learning disabilities, or other mild cognitive problems. The average IQ of individuals with van der Woude syndrome is not significantly different from that of the general population.",{}
What is (are) Hypotension ?,"Hypotension (HI-po-TEN-shun) is abnormally low blood pressure. Blood pressure is the force of blood pushing against the walls of the arteries as the heart pumps out blood.
                
Blood pressure is measured as systolic (sis-TOL-ik) and diastolic (di-a-STOL-ik) pressures. ""Systolic"" refers to blood pressure when the heart beats while pumping blood. ""Diastolic"" refers to blood pressure when the heart is at rest between beats.
                
You most often will see blood pressure numbers written with the systolic number above or before the diastolic number, such as 120/80 mmHg. (The mmHg is millimeters of mercurythe units used to measure blood pressure.)
                
Normal blood pressure in adults is lower than 120/80 mmHg. Hypotension is blood pressure that's lower than 90/60 mmHg.
                
Overview
                
Blood pressure doesn't stay the same all the time. It lowers as you sleep and rises when you wake up. Blood pressure also rises when you're excited, nervous, or active.
                
Your body is very sensitive to changes in blood pressure. For example, if you stand up quickly, your blood pressure may drop for a short time. Your body adjusts your blood pressure to make sure enough blood and oxygen are flowing to your brain, kidneys, and other vital organs.
                
Most forms of hypotension happen because your body can't bring blood pressure back to normal or can't do it fast enough.
                
Some people have low blood pressure all the time. They have no signs or symptoms, and their low blood pressure is normal for them.
                
In other people, certain conditions or factors cause abnormally low blood pressure. As a result, less blood and oxygen flow to the body's organs.
                
For the most part, hypotension is a medical concern only if it causes signs or symptoms or is linked to a serious condition, such as heart disease. Signs and symptoms of hypotension may include dizziness, fainting, cold and sweaty skin, fatigue (tiredness), blurred vision, or nausea (feeling sick to your stomach).
                
In extreme cases, hypotension can lead to shock.
                
Outlook
                
In a healthy person, low blood pressure without signs or symptoms usually isn't a problem and needs no treatment. If it causes signs or symptoms, your doctor will try to find and treat the condition that's causing it.
                
Hypotension can be dangerous. It can make you fall because of dizziness or fainting. Shock, a severe form of hypotension, is a condition that's often fatal if not treated right away. With prompt and proper treatment, shock can be successfully treated.",{}
How many people are affected by juvenile myoclonic epilepsy ?,"Juvenile myoclonic epilepsy affects an estimated 1 in 1,000 people worldwide. Approximately 5 percent of people with epilepsy have juvenile myoclonic epilepsy.",{}
what research (or clinical trials) is being done for Colon Cancer ?,"New types of treatment are being tested in clinical trials.
                    Information about clinical trials is available from the NCI website.
                
                
                    Patients may want to think about taking part in a clinical trial.
                    For some patients, taking part in a clinical trial may be the best treatment choice. Clinical trials are part of the cancer research process. Clinical trials are done to find out if new cancer treatments are safe and effective or better than the standard treatment.   Many of today's standard treatments for cancer are based on earlier clinical trials. Patients who take part in a clinical trial may receive the standard treatment or be among the first to receive a new treatment.   Patients who take part in clinical trials also help improve the way cancer will be treated in the future. Even when clinical trials do not lead to effective new treatments, they often answer important questions and help move research forward.
                
                
                    Patients can enter clinical trials before, during, or after starting their cancer treatment.
                    Some clinical trials only include patients who have not yet received treatment. Other trials test treatments for patients whose cancer has not gotten better. There are also clinical trials that test new ways to stop cancer from recurring (coming back) or reduce the side effects of cancer treatment.   Clinical trials are taking place in many parts of the country. See the Treatment Options section that follows for links to current treatment clinical trials. These have been retrieved from NCI's listing of clinical trials.",{}
What are the treatments for acromicric dysplasia ?,These resources address the diagnosis or management of acromicric dysplasia:  - Genetic Testing Registry: Acromicric dysplasia   These resources from MedlinePlus offer information about the diagnosis and management of various health conditions:  - Diagnostic Tests  - Drug Therapy  - Surgery and Rehabilitation  - Genetic Counseling   - Palliative Care,{}
Do you have information about Nutritional Support,"Summary : Nutritional support is therapy for people who cannot get enough nourishment by eating or drinking. You may need it if you        - Can't swallow    - Have problems with your appetite    - Are severely malnourished    - Can't absorb nutrients through your digestive system       You receive nutritional support through a needle or catheter placed in your vein or with a feeding tube, which goes into your stomach.",{}
What are the symptoms of Annular pancreas ?,"What are the signs and symptoms of Annular pancreas? The Human Phenotype Ontology provides the following list of signs and symptoms for Annular pancreas. If the information is available, the table below includes how often the symptom is seen in people with this condition. You can use the MedlinePlus Medical Dictionary to look up the definitions for these medical terms. Signs and Symptoms Approximate number of patients (when available) Abnormality of the pancreas 90% Duodenal stenosis 90% Abnormality of the gastric mucosa 50% Annular pancreas - Autosomal dominant inheritance - High intestinal obstruction - The Human Phenotype Ontology (HPO) has collected information on how often a sign or symptom occurs in a condition. Much of this information comes from Orphanet, a European rare disease database. The frequency of a sign or symptom is usually listed as a rough estimate of the percentage of patients who have that feature. The frequency may also be listed as a fraction. The first number of the fraction is how many people had the symptom, and the second number is the total number of people who were examined in one study. For example, a frequency of 25/25 means that in a study of 25 people all patients were found to have that symptom. Because these frequencies are based on a specific study, the fractions may be different if another group of patients are examined. Sometimes, no information on frequency is available. In these cases, the sign or symptom may be rare or common.",{}
What are the symptoms of Spinocerebellar ataxia 3 ?,"What are the signs and symptoms of Spinocerebellar ataxia 3? The Human Phenotype Ontology provides the following list of signs and symptoms for Spinocerebellar ataxia 3. If the information is available, the table below includes how often the symptom is seen in people with this condition. You can use the MedlinePlus Medical Dictionary to look up the definitions for these medical terms. Signs and Symptoms Approximate number of patients (when available) Dysautonomia 7.5% Ataxia 57/57 Gaze-evoked nystagmus 15/20 External ophthalmoplegia 34/57 Dysarthria 30/57 Spasticity 62/139 Dystonia 17/57 Fasciculations 12/57 Parkinsonism 3/57 Absent Achilles reflex - Autosomal dominant inheritance - Babinski sign - Bradykinesia - Cerebellar atrophy - Chronic pain - Dementia - Dilated fourth ventricle - Diplopia - Distal amyotrophy - Dysmetric saccades - Dysphagia - Facial-lingual fasciculations - Genetic anticipation - Gliosis - Impaired horizontal smooth pursuit - Limb ataxia - Muscle cramps - Postural instability - Progressive - Progressive cerebellar ataxia - Proptosis - Ptosis - Rigidity - Spinocerebellar tract degeneration - Supranuclear ophthalmoplegia - Truncal ataxia - Urinary bladder sphincter dysfunction - The Human Phenotype Ontology (HPO) has collected information on how often a sign or symptom occurs in a condition. Much of this information comes from Orphanet, a European rare disease database. The frequency of a sign or symptom is usually listed as a rough estimate of the percentage of patients who have that feature. The frequency may also be listed as a fraction. The first number of the fraction is how many people had the symptom, and the second number is the total number of people who were examined in one study. For example, a frequency of 25/25 means that in a study of 25 people all patients were found to have that symptom. Because these frequencies are based on a specific study, the fractions may be different if another group of patients are examined. Sometimes, no information on frequency is available. In these cases, the sign or symptom may be rare or common.",{}
"What are the symptoms of Macular dystrophy, concentric annular ?","What are the signs and symptoms of Macular dystrophy, concentric annular? The Human Phenotype Ontology provides the following list of signs and symptoms for Macular dystrophy, concentric annular. If the information is available, the table below includes how often the symptom is seen in people with this condition. You can use the MedlinePlus Medical Dictionary to look up the definitions for these medical terms. Signs and Symptoms Approximate number of patients (when available) Autosomal dominant inheritance - Dyschromatopsia - Foveal hyperpigmentation - Macular dystrophy - The Human Phenotype Ontology (HPO) has collected information on how often a sign or symptom occurs in a condition. Much of this information comes from Orphanet, a European rare disease database. The frequency of a sign or symptom is usually listed as a rough estimate of the percentage of patients who have that feature. The frequency may also be listed as a fraction. The first number of the fraction is how many people had the symptom, and the second number is the total number of people who were examined in one study. For example, a frequency of 25/25 means that in a study of 25 people all patients were found to have that symptom. Because these frequencies are based on a specific study, the fractions may be different if another group of patients are examined. Sometimes, no information on frequency is available. In these cases, the sign or symptom may be rare or common.",{}
What are the genetic changes related to focal dermal hypoplasia ?,"Mutations in the PORCN gene cause focal dermal hypoplasia. This gene provides instructions for making a protein that is responsible for modifying other proteins, called Wnt proteins. Wnt proteins participate in chemical signaling pathways in the body that regulate development of the skin, bones, and other structures before birth.  Mutations in the PORCN gene appear to prevent the production of any functional PORCN protein. Researchers believe Wnt proteins cannot be released from the cell without the PORCN protein. When Wnt proteins are unable to leave the cell, they cannot participate in the chemical signaling pathways that are critical for normal development. The various signs and symptoms of focal dermal hypoplasia are likely due to abnormal Wnt signaling during early development.",{}
